38.000, 1980,01,01 
37.000, 1980,01,02 
32.000, 1980,01,03 
27.000, 1980,01,04 
31.000, 1980,01,05 
27.000, 1980,01,06 
48.000, 1980,01,07 
38.000, 1980,01,08 
31.000, 1980,01,09 
31.000, 1980,01,10 
56.000, 1980,01,11 
57.000, 1980,01,12 
30.000, 1980,01,13 
44.000, 1980,01,14 
46.000, 1980,01,15 
37.000, 1980,01,16 
31.000, 1980,01,17 
38.000, 1980,01,18 
45.000, 1980,01,19 
39.000, 1980,01,20 
34.000, 1980,01,21 
36.000, 1980,01,22 
35.000, 1980,01,23 
25.000, 1980,01,24 
28.000, 1980,01,25 
34.000, 1980,01,26 
37.000, 1980,01,27 
36.000, 1980,01,28 
33.000, 1980,01,29 
24.000, 1980,01,30 
20.000, 1980,01,31 
29.000, 1980,02,01 
27.000, 1980,02,02 
29.000, 1980,02,03 
30.000, 1980,02,04 
28.000, 1980,02,05 
31.000, 1980,02,06 
33.000, 1980,02,07 
40.000, 1980,02,08 
33.000, 1980,02,09 
36.000, 1980,02,10 
36.000, 1980,02,11 
38.000, 1980,02,12 
40.000, 1980,02,13 
41.000, 1980,02,14 
38.000, 1980,02,15 
32.000, 1980,02,16 
25.000, 1980,02,17 
32.000, 1980,02,18 
48.000, 1980,02,19 
41.000, 1980,02,20 
53.000, 1980,02,21 
35.000, 1980,02,22 
44.000, 1980,02,23 
40.000, 1980,02,24 
45.000, 1980,02,25 
32.000, 1980,02,26 
28.000, 1980,02,27 
30.000, 1980,02,28 
20.000, 1980,02,29 
25.000, 1980,03,01 
24.000, 1980,03,02 
38.000, 1980,03,03 
49.000, 1980,03,04 
48.000, 1980,03,05 
44.000, 1980,03,06 
53.000, 1980,03,07 
42.000, 1980,03,08 
50.000, 1980,03,09 
50.000, 1980,03,10 
43.000, 1980,03,11 
33.000, 1980,03,12 
32.000, 1980,03,13 
43.000, 1980,03,14 
38.000, 1980,03,15 
43.000, 1980,03,16 
54.000, 1980,03,17 
55.000, 1980,03,18 
52.000, 1980,03,19 
59.000, 1980,03,20 
42.000, 1980,03,21 
44.000, 1980,03,22 
49.000, 1980,03,23 
50.000, 1980,03,24 
39.000, 1980,03,25 
49.000, 1980,03,26 
43.000, 1980,03,27 
52.000, 1980,03,28 
53.000, 1980,03,29 
43.000, 1980,03,30 
40.000, 1980,03,31 
46.000, 1980,04,01 
52.000, 1980,04,02 
55.000, 1980,04,03 
52.000, 1980,04,04 
51.000, 1980,04,05 
63.000, 1980,04,06 
47.000, 1980,04,07 
49.000, 1980,04,08 
52.000, 1980,04,09 
57.000, 1980,04,10 
65.000, 1980,04,11 
65.000, 1980,04,12 
66.000, 1980,04,13 
51.000, 1980,04,14 
68.000, 1980,04,15 
56.000, 1980,04,16 
56.000, 1980,04,17 
61.000, 1980,04,18 
61.000, 1980,04,19 
75.000, 1980,04,20 
71.000, 1980,04,21 
49.000, 1980,04,22 
54.000, 1980,04,23 
51.000, 1980,04,24 
53.000, 1980,04,25 
53.000, 1980,04,26 
59.000, 1980,04,27 
45.000, 1980,04,28 
49.000, 1980,04,29 
54.000, 1980,04,30 
53.000, 1980,05,01 
54.000, 1980,05,02 
69.000, 1980,05,03 
69.000, 1980,05,04 
63.000, 1980,05,05 
55.000, 1980,05,06 
51.000, 1980,05,07 
51.000, 1980,05,08 
64.000, 1980,05,09 
67.000, 1980,05,10 
68.000, 1980,05,11 
78.000, 1980,05,12 
75.000, 1980,05,13 
69.000, 1980,05,14 
67.000, 1980,05,15 
75.000, 1980,05,16 
63.000, 1980,05,17 
65.000, 1980,05,18 
80.000, 1980,05,19 
66.000, 1980,05,20 
54.000, 1980,05,21 
89.000, 1980,05,22 
72.000, 1980,05,23 
63.000, 1980,05,24 
76.000, 1980,05,25 
71.000, 1980,05,26 
74.000, 1980,05,27 
69.000, 1980,05,28 
71.000, 1980,05,29 
78.000, 1980,05,30 
76.000, 1980,05,31 
84.000, 1980,06,01 
72.000, 1980,06,02 
61.000, 1980,06,03 
74.000, 1980,06,04 
67.000, 1980,06,05 
70.000, 1980,06,06 
63.000, 1980,06,07 
74.000, 1980,06,08 
63.000, 1980,06,09 
66.000, 1980,06,10 
67.000, 1980,06,11 
70.000, 1980,06,12 
76.000, 1980,06,13 
68.000, 1980,06,14 
87.000, 1980,06,15 
75.000, 1980,06,16 
69.000, 1980,06,17 
79.000, 1980,06,18 
71.000, 1980,06,19 
66.000, 1980,06,20 
76.000, 1980,06,21 
80.000, 1980,06,22 
82.000, 1980,06,23 
93.000, 1980,06,24 
96.000, 1980,06,25 
89.000, 1980,06,26 
94.000, 1980,06,27 
81.000, 1980,06,28 
71.000, 1980,06,29 
65.000, 1980,06,30 
69.000, 1980,07,01 
76.000, 1980,07,02 
74.000, 1980,07,03 
82.000, 1980,07,04 
88.000, 1980,07,05 
78.000, 1980,07,06 
83.000, 1980,07,07 
78.000, 1980,07,08 
84.000, 1980,07,09 
72.000, 1980,07,10 
88.000, 1980,07,11 
77.000, 1980,07,12 
82.000, 1980,07,13 
90.000, 1980,07,14 
92.000, 1980,07,15 
98.000, 1980,07,16 
93.000, 1980,07,17 
79.000, 1980,07,18 
89.000, 1980,07,19 
97.000, 1980,07,20 
99.000, 1980,07,21 
94.000, 1980,07,22 
85.000, 1980,07,23 
80.000, 1980,07,24 
90.000, 1980,07,25 
92.000, 1980,07,26 
93.000, 1980,07,27 
79.000, 1980,07,28 
71.000, 1980,07,29 
87.000, 1980,07,30 
86.000, 1980,07,31 
86.000, 1980,08,01 
88.000, 1980,08,02 
92.000, 1980,08,03 
92.000, 1980,08,04 
85.000, 1980,08,05 
93.000, 1980,08,06 
93.000, 1980,08,07 
94.000, 1980,08,08 
94.000, 1980,08,09 
83.000, 1980,08,10 
73.000, 1980,08,11 
88.000, 1980,08,12 
81.000, 1980,08,13 
79.000, 1980,08,14 
84.000, 1980,08,15 
72.000, 1980,08,16 
81.000, 1980,08,17 
76.000, 1980,08,18 
70.000, 1980,08,19 
64.000, 1980,08,20 
67.000, 1980,08,21 
69.000, 1980,08,22 
77.000, 1980,08,23 
83.000, 1980,08,24 
79.000, 1980,08,25 
87.000, 1980,08,26 
86.000, 1980,08,27 
78.000, 1980,08,28 
77.000, 1980,08,29 
81.000, 1980,08,30 
88.000, 1980,08,31 
93.000, 1980,09,01 
96.000, 1980,09,02 
83.000, 1980,09,03 
74.000, 1980,09,04 
82.000, 1980,09,05 
86.000, 1980,09,06 
81.000, 1980,09,07 
77.000, 1980,09,08 
75.000, 1980,09,09 
77.000, 1980,09,10 
80.000, 1980,09,11 
69.000, 1980,09,12 
68.000, 1980,09,13 
81.000, 1980,09,14 
70.000, 1980,09,15 
67.000, 1980,09,16 
78.000, 1980,09,17 
75.000, 1980,09,18 
71.000, 1980,09,19 
77.000, 1980,09,20 
85.000, 1980,09,21 
90.000, 1980,09,22 
85.000, 1980,09,23 
59.000, 1980,09,24 
65.000, 1980,09,25 
72.000, 1980,09,26 
63.000, 1980,09,27 
70.000, 1980,09,28 
55.000, 1980,09,29 
70.000, 1980,09,30 
67.000, 1980,10,01 
64.000, 1980,10,02 
63.000, 1980,10,03 
70.000, 1980,10,04 
64.000, 1980,10,05 
55.000, 1980,10,06 
57.000, 1980,10,07 
68.000, 1980,10,08 
64.000, 1980,10,09 
60.000, 1980,10,10 
67.000, 1980,10,11 
64.000, 1980,10,12 
53.000, 1980,10,13 
54.000, 1980,10,14 
58.000, 1980,10,15 
68.000, 1980,10,16 
61.000, 1980,10,17 
72.000, 1980,10,18 
69.000, 1980,10,19 
59.000, 1980,10,20 
57.000, 1980,10,21 
56.000, 1980,10,22 
52.000, 1980,10,23 
51.000, 1980,10,24 
62.000, 1980,10,25 
54.000, 1980,10,26 
53.000, 1980,10,27 
46.000, 1980,10,28 
52.000, 1980,10,29 
50.000, 1980,10,30 
58.000, 1980,10,31 
54.000, 1980,11,01 
48.000, 1980,11,02 
48.000, 1980,11,03 
64.000, 1980,11,04 
57.000, 1980,11,05 
48.000, 1980,11,06 
62.000, 1980,11,07 
57.000, 1980,11,08 
47.000, 1980,11,09 
52.000, 1980,11,10 
40.000, 1980,11,11 
49.000, 1980,11,12 
51.000, 1980,11,13 
59.000, 1980,11,14 
44.000, 1980,11,15 
40.000, 1980,11,16 
39.000, 1980,11,17 
37.000, 1980,11,18 
38.000, 1980,11,19 
44.000, 1980,11,20 
50.000, 1980,11,21 
48.000, 1980,11,22 
49.000, 1980,11,23 
49.000, 1980,11,24 
54.000, 1980,11,25 
46.000, 1980,11,26 
45.000, 1980,11,27 
53.000, 1980,11,28 
48.000, 1980,11,29 
47.000, 1980,11,30 
58.000, 1980,12,01 
56.000, 1980,12,02 
55.000, 1980,12,03 
32.000, 1980,12,04 
33.000, 1980,12,05 
43.000, 1980,12,06 
45.000, 1980,12,07 
60.000, 1980,12,08 
61.000, 1980,12,09 
39.000, 1980,12,10 
35.000, 1980,12,11 
33.000, 1980,12,12 
50.000, 1980,12,13 
35.000, 1980,12,14 
29.000, 1980,12,15 
34.000, 1980,12,16 
29.000, 1980,12,17 
35.000, 1980,12,18 
39.000, 1980,12,19 
19.000, 1980,12,20 
25.000, 1980,12,21 
27.000, 1980,12,22 
34.000, 1980,12,23 
37.000, 1980,12,24 
35.000, 1980,12,25 
23.000, 1980,12,26 
29.000, 1980,12,27 
34.000, 1980,12,28 
40.000, 1980,12,29 
40.000, 1980,12,30 
24.000, 1980,12,31 
25.000, 1981,01,01 
31.000, 1981,01,02 
15.000, 1981,01,03 
12.000, 1981,01,04 
24.000, 1981,01,05 
29.000, 1981,01,06 
34.000, 1981,01,07 
18.000, 1981,01,08 
19.000, 1981,01,09 
23.000, 1981,01,10 
12.000, 1981,01,11 
15.000, 1981,01,12 
21.000, 1981,01,13 
25.000, 1981,01,14 
25.000, 1981,01,15 
29.000, 1981,01,16 
26.000, 1981,01,17 
26.000, 1981,01,18 
43.000, 1981,01,19 
35.000, 1981,01,20 
30.000, 1981,01,21 
33.000, 1981,01,22 
38.000, 1981,01,23 
35.000, 1981,01,24 
34.000, 1981,01,25 
47.000, 1981,01,26 
49.000, 1981,01,27 
39.000, 1981,01,28 
33.000, 1981,01,29 
24.000, 1981,01,30 
36.000, 1981,01,31 
46.000, 1981,02,01 
54.000, 1981,02,02 
33.000, 1981,02,03 
22.000, 1981,02,04 
23.000, 1981,02,05 
37.000, 1981,02,06 
40.000, 1981,02,07 
41.000, 1981,02,08 
39.000, 1981,02,09 
40.000, 1981,02,10 
62.000, 1981,02,11 
57.000, 1981,02,12 
28.000, 1981,02,13 
44.000, 1981,02,14 
35.000, 1981,02,15 
53.000, 1981,02,16 
61.000, 1981,02,17 
66.000, 1981,02,18 
61.000, 1981,02,19 
48.000, 1981,02,20 
46.000, 1981,02,21 
42.000, 1981,02,22 
38.000, 1981,02,23 
47.000, 1981,02,24 
41.000, 1981,02,25 
41.000, 1981,02,26 
47.000, 1981,02,27 
43.000, 1981,02,28 
49.000, 1981,03,01 
45.000, 1981,03,02 
37.000, 1981,03,03 
42.000, 1981,03,04 
35.000, 1981,03,05 
38.000, 1981,03,06 
38.000, 1981,03,07 
38.000, 1981,03,08 
46.000, 1981,03,09 
47.000, 1981,03,10 
43.000, 1981,03,11 
42.000, 1981,03,12 
55.000, 1981,03,13 
41.000, 1981,03,14 
53.000, 1981,03,15 
52.000, 1981,03,16 
41.000, 1981,03,17 
37.000, 1981,03,18 
35.000, 1981,03,19 
39.000, 1981,03,20 
41.000, 1981,03,21 
43.000, 1981,03,22 
43.000, 1981,03,23 
46.000, 1981,03,24 
43.000, 1981,03,25 
53.000, 1981,03,26 
46.000, 1981,03,27 
52.000, 1981,03,28 
77.000, 1981,03,29 
73.000, 1981,03,30 
70.000, 1981,03,31 
50.000, 1981,04,01 
57.000, 1981,04,02 
71.000, 1981,04,03 
65.000, 1981,04,04 
66.000, 1981,04,05 
53.000, 1981,04,06 
60.000, 1981,04,07 
71.000, 1981,04,08 
72.000, 1981,04,09 
69.000, 1981,04,10 
69.000, 1981,04,11 
59.000, 1981,04,12 
46.000, 1981,04,13 
53.000, 1981,04,14 
48.000, 1981,04,15 
61.000, 1981,04,16 
62.000, 1981,04,17 
78.000, 1981,04,18 
66.000, 1981,04,19 
53.000, 1981,04,20 
47.000, 1981,04,21 
57.000, 1981,04,22 
54.000, 1981,04,23 
48.000, 1981,04,24 
45.000, 1981,04,25 
65.000, 1981,04,26 
71.000, 1981,04,27 
68.000, 1981,04,28 
74.000, 1981,04,29 
64.000, 1981,04,30 
60.000, 1981,05,01 
56.000, 1981,05,02 
61.000, 1981,05,03 
55.000, 1981,05,04 
52.000, 1981,05,05 
61.000, 1981,05,06 
64.000, 1981,05,07 
63.000, 1981,05,08 
59.000, 1981,05,09 
59.000, 1981,05,10 
71.000, 1981,05,11 
67.000, 1981,05,12 
72.000, 1981,05,13 
78.000, 1981,05,14 
76.000, 1981,05,15 
64.000, 1981,05,16 
68.000, 1981,05,17 
66.000, 1981,05,18 
72.000, 1981,05,19 
67.000, 1981,05,20 
68.000, 1981,05,21 
58.000, 1981,05,22 
71.000, 1981,05,23 
84.000, 1981,05,24 
91.000, 1981,05,25 
88.000, 1981,05,26 
89.000, 1981,05,27 
80.000, 1981,05,28 
72.000, 1981,05,29 
84.000, 1981,05,30 
80.000, 1981,05,31 
71.000, 1981,06,01 
69.000, 1981,06,02 
70.000, 1981,06,03 
85.000, 1981,06,04 
77.000, 1981,06,05 
85.000, 1981,06,06 
78.000, 1981,06,07 
80.000, 1981,06,08 
80.000, 1981,06,09 
81.000, 1981,06,10 
80.000, 1981,06,11 
82.000, 1981,06,12 
72.000, 1981,06,13 
77.000, 1981,06,14 
80.000, 1981,06,15 
92.000, 1981,06,16 
90.000, 1981,06,17 
76.000, 1981,06,18 
85.000, 1981,06,19 
72.000, 1981,06,20 
79.000, 1981,06,21 
83.000, 1981,06,22 
82.000, 1981,06,23 
82.000, 1981,06,24 
79.000, 1981,06,25 
76.000, 1981,06,26 
77.000, 1981,06,27 
80.000, 1981,06,28 
80.000, 1981,06,29 
69.000, 1981,06,30 
69.000, 1981,07,01 
69.000, 1981,07,02 
77.000, 1981,07,03 
82.000, 1981,07,04 
77.000, 1981,07,05 
88.000, 1981,07,06 
94.000, 1981,07,07 
98.000, 1981,07,08 
99.000, 1981,07,09 
89.000, 1981,07,10 
93.000, 1981,07,11 
86.000, 1981,07,12 
87.000, 1981,07,13 
79.000, 1981,07,14 
85.000, 1981,07,15 
88.000, 1981,07,16 
81.000, 1981,07,17 
84.000, 1981,07,18 
78.000, 1981,07,19 
77.000, 1981,07,20 
91.000, 1981,07,21 
78.000, 1981,07,22 
79.000, 1981,07,23 
75.000, 1981,07,24 
79.000, 1981,07,25 
83.000, 1981,07,26 
86.000, 1981,07,27 
75.000, 1981,07,28 
75.000, 1981,07,29 
77.000, 1981,07,30 
84.000, 1981,07,31 
88.000, 1981,08,01 
89.000, 1981,08,02 
88.000, 1981,08,03 
86.000, 1981,08,04 
83.000, 1981,08,05 
81.000, 1981,08,06 
80.000, 1981,08,07 
80.000, 1981,08,08 
77.000, 1981,08,09 
90.000, 1981,08,10 
90.000, 1981,08,11 
85.000, 1981,08,12 
86.000, 1981,08,13 
76.000, 1981,08,14 
83.000, 1981,08,15 
88.000, 1981,08,16 
76.000, 1981,08,17 
78.000, 1981,08,18 
73.000, 1981,08,19 
75.000, 1981,08,20 
76.000, 1981,08,21 
82.000, 1981,08,22 
79.000, 1981,08,23 
79.000, 1981,08,24 
66.000, 1981,08,25 
74.000, 1981,08,26 
82.000, 1981,08,27 
75.000, 1981,08,28 
77.000, 1981,08,29 
74.000, 1981,08,30 
73.000, 1981,08,31 
73.000, 1981,09,01 
68.000, 1981,09,02 
70.000, 1981,09,03 
71.000, 1981,09,04 
69.000, 1981,09,05 
71.000, 1981,09,06 
75.000, 1981,09,07 
80.000, 1981,09,08 
76.000, 1981,09,09 
76.000, 1981,09,10 
77.000, 1981,09,11 
83.000, 1981,09,12 
83.000, 1981,09,13 
90.000, 1981,09,14 
74.000, 1981,09,15 
63.000, 1981,09,16 
68.000, 1981,09,17 
64.000, 1981,09,18 
61.000, 1981,09,19 
71.000, 1981,09,20 
68.000, 1981,09,21 
78.000, 1981,09,22 
59.000, 1981,09,23 
63.000, 1981,09,24 
74.000, 1981,09,25 
71.000, 1981,09,26 
80.000, 1981,09,27 
68.000, 1981,09,28 
59.000, 1981,09,29 
61.000, 1981,09,30 
51.000, 1981,10,01 
55.000, 1981,10,02 
56.000, 1981,10,03 
63.000, 1981,10,04 
59.000, 1981,10,05 
62.000, 1981,10,06 
62.000, 1981,10,07 
60.000, 1981,10,08 
57.000, 1981,10,09 
55.000, 1981,10,10 
52.000, 1981,10,11 
52.000, 1981,10,12 
57.000, 1981,10,13 
61.000, 1981,10,14 
59.000, 1981,10,15 
59.000, 1981,10,16 
60.000, 1981,10,17 
62.000, 1981,10,18 
57.000, 1981,10,19 
58.000, 1981,10,20 
72.000, 1981,10,21 
72.000, 1981,10,22 
74.000, 1981,10,23 
54.000, 1981,10,24 
53.000, 1981,10,25 
52.000, 1981,10,26 
55.000, 1981,10,27 
66.000, 1981,10,28 
48.000, 1981,10,29 
51.000, 1981,10,30 
54.000, 1981,10,31 
56.000, 1981,11,01 
69.000, 1981,11,02 
58.000, 1981,11,03 
62.000, 1981,11,04 
58.000, 1981,11,05 
62.000, 1981,11,06 
49.000, 1981,11,07 
59.000, 1981,11,08 
65.000, 1981,11,09 
44.000, 1981,11,10 
56.000, 1981,11,11 
45.000, 1981,11,12 
46.000, 1981,11,13 
50.000, 1981,11,14 
48.000, 1981,11,15 
48.000, 1981,11,16 
52.000, 1981,11,17 
46.000, 1981,11,18 
54.000, 1981,11,19 
48.000, 1981,11,20 
45.000, 1981,11,21 
44.000, 1981,11,22 
41.000, 1981,11,23 
41.000, 1981,11,24 
38.000, 1981,11,25 
42.000, 1981,11,26 
52.000, 1981,11,27 
46.000, 1981,11,28 
39.000, 1981,11,29 
39.000, 1981,11,30 
39.000, 1981,12,01 
58.000, 1981,12,02 
48.000, 1981,12,03 
48.000, 1981,12,04 
38.000, 1981,12,05 
33.000, 1981,12,06 
42.000, 1981,12,07 
39.000, 1981,12,08 
32.000, 1981,12,09 
33.000, 1981,12,10 
40.000, 1981,12,11 
38.000, 1981,12,12 
36.000, 1981,12,13 
34.000, 1981,12,14 
38.000, 1981,12,15 
38.000, 1981,12,16 
34.000, 1981,12,17 
35.000, 1981,12,18 
27.000, 1981,12,19 
23.000, 1981,12,20 
32.000, 1981,12,21 
37.000, 1981,12,22 
46.000, 1981,12,23 
41.000, 1981,12,24 
38.000, 1981,12,25 
41.000, 1981,12,26 
39.000, 1981,12,27 
34.000, 1981,12,28 
42.000, 1981,12,29 
36.000, 1981,12,30 
35.000, 1981,12,31 
41.000, 1982,01,01 
36.000, 1982,01,02 
32.000, 1982,01,03 
56.000, 1982,01,04 
51.000, 1982,01,05 
43.000, 1982,01,06 
45.000, 1982,01,07 
31.000, 1982,01,08 
30.000, 1982,01,09 
19.000, 1982,01,10 
14.000, 1982,01,11 
15.000, 1982,01,12 
23.000, 1982,01,13 
24.000, 1982,01,14 
26.000, 1982,01,15 
35.000, 1982,01,16 
30.000, 1982,01,17 
14.000, 1982,01,18 
22.000, 1982,01,19 
35.000, 1982,01,20 
20.000, 1982,01,21 
15.000, 1982,01,22 
38.000, 1982,01,23 
31.000, 1982,01,24 
20.000, 1982,01,25 
19.000, 1982,01,26 
23.000, 1982,01,27 
37.000, 1982,01,28 
35.000, 1982,01,29 
43.000, 1982,01,30 
43.000, 1982,01,31 
41.000, 1982,02,01 
34.000, 1982,02,02 
54.000, 1982,02,03 
52.000, 1982,02,04 
36.000, 1982,02,05 
40.000, 1982,02,06 
33.000, 1982,02,07 
39.000, 1982,02,08 
34.000, 1982,02,09 
33.000, 1982,02,10 
26.000, 1982,02,11 
33.000, 1982,02,12 
30.000, 1982,02,13 
34.000, 1982,02,14 
48.000, 1982,02,15 
51.000, 1982,02,16 
32.000, 1982,02,17 
29.000, 1982,02,18 
35.000, 1982,02,19 
43.000, 1982,02,20 
38.000, 1982,02,21 
34.000, 1982,02,22 
40.000, 1982,02,23 
38.000, 1982,02,24 
28.000, 1982,02,25 
32.000, 1982,02,26 
39.000, 1982,02,27 
39.000, 1982,02,28 
36.000, 1982,03,01 
39.000, 1982,03,02 
31.000, 1982,03,03 
34.000, 1982,03,04 
51.000, 1982,03,05 
38.000, 1982,03,06 
37.000, 1982,03,07 
38.000, 1982,03,08 
32.000, 1982,03,09 
36.000, 1982,03,10 
63.000, 1982,03,11 
50.000, 1982,03,12 
51.000, 1982,03,13 
50.000, 1982,03,14 
49.000, 1982,03,15 
55.000, 1982,03,16 
44.000, 1982,03,17 
50.000, 1982,03,18 
44.000, 1982,03,19 
48.000, 1982,03,20 
46.000, 1982,03,21 
52.000, 1982,03,22 
54.000, 1982,03,23 
56.000, 1982,03,24 
45.000, 1982,03,25 
55.000, 1982,03,26 
39.000, 1982,03,27 
40.000, 1982,03,28 
56.000, 1982,03,29 
58.000, 1982,03,30 
60.000, 1982,03,31 
61.000, 1982,04,01 
54.000, 1982,04,02 
55.000, 1982,04,03 
52.000, 1982,04,04 
43.000, 1982,04,05 
36.000, 1982,04,06 
25.000, 1982,04,07 
40.000, 1982,04,08 
44.000, 1982,04,09 
52.000, 1982,04,10 
55.000, 1982,04,11 
55.000, 1982,04,12 
56.000, 1982,04,13 
58.000, 1982,04,14 
56.000, 1982,04,15 
70.000, 1982,04,16 
75.000, 1982,04,17 
60.000, 1982,04,18 
70.000, 1982,04,19 
71.000, 1982,04,20 
61.000, 1982,04,21 
55.000, 1982,04,22 
66.000, 1982,04,23 
67.000, 1982,04,24 
83.000, 1982,04,25 
67.000, 1982,04,26 
72.000, 1982,04,27 
56.000, 1982,04,28 
55.000, 1982,04,29 
72.000, 1982,04,30 
76.000, 1982,05,01 
56.000, 1982,05,02 
63.000, 1982,05,03 
57.000, 1982,05,04 
60.000, 1982,05,05 
69.000, 1982,05,06 
58.000, 1982,05,07 
77.000, 1982,05,08 
70.000, 1982,05,09 
57.000, 1982,05,10 
56.000, 1982,05,11 
56.000, 1982,05,12 
56.000, 1982,05,13 
61.000, 1982,05,14 
58.000, 1982,05,15 
68.000, 1982,05,16 
73.000, 1982,05,17 
69.000, 1982,05,18 
80.000, 1982,05,19 
84.000, 1982,05,20 
66.000, 1982,05,21 
62.000, 1982,05,22 
57.000, 1982,05,23 
54.000, 1982,05,24 
72.000, 1982,05,25 
76.000, 1982,05,26 
78.000, 1982,05,27 
57.000, 1982,05,28 
57.000, 1982,05,29 
65.000, 1982,05,30 
59.000, 1982,05,31 
66.000, 1982,06,01 
77.000, 1982,06,02 
77.000, 1982,06,03 
63.000, 1982,06,04 
57.000, 1982,06,05 
56.000, 1982,06,06 
52.000, 1982,06,07 
60.000, 1982,06,08 
74.000, 1982,06,09 
71.000, 1982,06,10 
59.000, 1982,06,11 
55.000, 1982,06,12 
55.000, 1982,06,13 
57.000, 1982,06,14 
73.000, 1982,06,15 
85.000, 1982,06,16 
79.000, 1982,06,17 
77.000, 1982,06,18 
71.000, 1982,06,19 
75.000, 1982,06,20 
73.000, 1982,06,21 
72.000, 1982,06,22 
75.000, 1982,06,23 
78.000, 1982,06,24 
83.000, 1982,06,25 
81.000, 1982,06,26 
71.000, 1982,06,27 
77.000, 1982,06,28 
77.000, 1982,06,29 
83.000, 1982,06,30 
75.000, 1982,07,01 
80.000, 1982,07,02 
78.000, 1982,07,03 
69.000, 1982,07,04 
77.000, 1982,07,05 
85.000, 1982,07,06 
90.000, 1982,07,07 
95.000, 1982,07,08 
89.000, 1982,07,09 
84.000, 1982,07,10 
80.000, 1982,07,11 
82.000, 1982,07,12 
92.000, 1982,07,13 
78.000, 1982,07,14 
83.000, 1982,07,15 
92.000, 1982,07,16 
97.000, 1982,07,17 
98.000, 1982,07,18 
98.000, 1982,07,19 
76.000, 1982,07,20 
75.000, 1982,07,21 
70.000, 1982,07,22 
88.000, 1982,07,23 
80.000, 1982,07,24 
89.000, 1982,07,25 
87.000, 1982,07,26 
77.000, 1982,07,27 
74.000, 1982,07,28 
83.000, 1982,07,29 
82.000, 1982,07,30 
81.000, 1982,07,31 
85.000, 1982,08,01 
81.000, 1982,08,02 
70.000, 1982,08,03 
75.000, 1982,08,04 
82.000, 1982,08,05 
71.000, 1982,08,06 
83.000, 1982,08,07 
87.000, 1982,08,08 
80.000, 1982,08,09 
87.000, 1982,08,10 
77.000, 1982,08,11 
70.000, 1982,08,12 
71.000, 1982,08,13 
79.000, 1982,08,14 
85.000, 1982,08,15 
85.000, 1982,08,16 
87.000, 1982,08,17 
71.000, 1982,08,18 
83.000, 1982,08,19 
83.000, 1982,08,20 
70.000, 1982,08,21 
70.000, 1982,08,22 
74.000, 1982,08,23 
85.000, 1982,08,24 
73.000, 1982,08,25 
82.000, 1982,08,26 
76.000, 1982,08,27 
68.000, 1982,08,28 
69.000, 1982,08,29 
75.000, 1982,08,30 
81.000, 1982,08,31 
69.000, 1982,09,01 
80.000, 1982,09,02 
83.000, 1982,09,03 
75.000, 1982,09,04 
76.000, 1982,09,05 
77.000, 1982,09,06 
68.000, 1982,09,07 
67.000, 1982,09,08 
80.000, 1982,09,09 
87.000, 1982,09,10 
80.000, 1982,09,11 
76.000, 1982,09,12 
69.000, 1982,09,13 
72.000, 1982,09,14 
73.000, 1982,09,15 
63.000, 1982,09,16 
71.000, 1982,09,17 
77.000, 1982,09,18 
69.000, 1982,09,19 
62.000, 1982,09,20 
60.000, 1982,09,21 
58.000, 1982,09,22 
69.000, 1982,09,23 
76.000, 1982,09,24 
70.000, 1982,09,25 
61.000, 1982,09,26 
71.000, 1982,09,27 
74.000, 1982,09,28 
63.000, 1982,09,29 
59.000, 1982,09,30 
81.000, 1982,10,01 
69.000, 1982,10,02 
68.000, 1982,10,03 
77.000, 1982,10,04 
66.000, 1982,10,05 
82.000, 1982,10,06 
63.000, 1982,10,07 
60.000, 1982,10,08 
56.000, 1982,10,09 
50.000, 1982,10,10 
54.000, 1982,10,11 
55.000, 1982,10,12 
58.000, 1982,10,13 
67.000, 1982,10,14 
68.000, 1982,10,15 
57.000, 1982,10,16 
54.000, 1982,10,17 
57.000, 1982,10,18 
68.000, 1982,10,19 
70.000, 1982,10,20 
68.000, 1982,10,21 
47.000, 1982,10,22 
52.000, 1982,10,23 
49.000, 1982,10,24 
48.000, 1982,10,25 
54.000, 1982,10,26 
55.000, 1982,10,27 
69.000, 1982,10,28 
65.000, 1982,10,29 
72.000, 1982,10,30 
72.000, 1982,10,31 
76.000, 1982,11,01 
67.000, 1982,11,02 
73.000, 1982,11,03 
71.000, 1982,11,04 
70.000, 1982,11,05 
48.000, 1982,11,06 
49.000, 1982,11,07 
69.000, 1982,11,08 
55.000, 1982,11,09 
47.000, 1982,11,10 
55.000, 1982,11,11 
70.000, 1982,11,12 
64.000, 1982,11,13 
42.000, 1982,11,14 
43.000, 1982,11,15 
43.000, 1982,11,16 
50.000, 1982,11,17 
49.000, 1982,11,18 
47.000, 1982,11,19 
49.000, 1982,11,20 
57.000, 1982,11,21 
60.000, 1982,11,22 
55.000, 1982,11,23 
59.000, 1982,11,24 
45.000, 1982,11,25 
48.000, 1982,11,26 
42.000, 1982,11,27 
42.000, 1982,11,28 
56.000, 1982,11,29 
53.000, 1982,11,30 
54.000, 1982,12,01 
63.000, 1982,12,02 
58.000, 1982,12,03 
70.000, 1982,12,04 
57.000, 1982,12,05 
70.000, 1982,12,06 
58.000, 1982,12,07 
45.000, 1982,12,08 
44.000, 1982,12,09 
34.000, 1982,12,10 
38.000, 1982,12,11 
31.000, 1982,12,12 
17.000, 1982,12,13 
40.000, 1982,12,14 
49.000, 1982,12,15 
61.000, 1982,12,16 
45.000, 1982,12,17 
26.000, 1982,12,18 
28.000, 1982,12,19 
33.000, 1982,12,20 
37.000, 1982,12,21 
37.000, 1982,12,22 
32.000, 1982,12,23 
43.000, 1982,12,24 
59.000, 1982,12,25 
61.000, 1982,12,26 
42.000, 1982,12,27 
63.000, 1982,12,28 
63.000, 1982,12,29 
42.000, 1982,12,30 
40.000, 1982,12,31 
42.000, 1983,01,01 
43.000, 1983,01,02 
39.000, 1983,01,03 
30.000, 1983,01,04 
45.000, 1983,01,05 
43.000, 1983,01,06 
48.000, 1983,01,07 
44.000, 1983,01,08 
32.000, 1983,01,09 
45.000, 1983,01,10 
59.000, 1983,01,11 
48.000, 1983,01,12 
33.000, 1983,01,13 
33.000, 1983,01,14 
36.000, 1983,01,15 
33.000, 1983,01,16 
29.000, 1983,01,17 
23.000, 1983,01,18 
13.000, 1983,01,19 
24.000, 1983,01,20 
28.000, 1983,01,21 
34.000, 1983,01,22 
46.000, 1983,01,23 
46.000, 1983,01,24 
45.000, 1983,01,25 
40.000, 1983,01,26 
31.000, 1983,01,27 
33.000, 1983,01,28 
36.000, 1983,01,29 
40.000, 1983,01,30 
45.000, 1983,01,31 
48.000, 1983,02,01 
45.000, 1983,02,02 
57.000, 1983,02,03 
44.000, 1983,02,04 
32.000, 1983,02,05 
30.000, 1983,02,06 
37.000, 1983,02,07 
29.000, 1983,02,08 
30.000, 1983,02,09 
23.000, 1983,02,10 
30.000, 1983,02,11 
28.000, 1983,02,12 
35.000, 1983,02,13 
42.000, 1983,02,14 
48.000, 1983,02,15 
38.000, 1983,02,16 
39.000, 1983,02,17 
47.000, 1983,02,18 
37.000, 1983,02,19 
39.000, 1983,02,20 
48.000, 1983,02,21 
42.000, 1983,02,22 
42.000, 1983,02,23 
46.000, 1983,02,24 
39.000, 1983,02,25 
39.000, 1983,02,26 
46.000, 1983,02,27 
55.000, 1983,02,28 
50.000, 1983,03,01 
46.000, 1983,03,02 
48.000, 1983,03,03 
48.000, 1983,03,04 
43.000, 1983,03,05 
54.000, 1983,03,06 
46.000, 1983,03,07 
39.000, 1983,03,08 
41.000, 1983,03,09 
41.000, 1983,03,10 
41.000, 1983,03,11 
42.000, 1983,03,12 
48.000, 1983,03,13 
61.000, 1983,03,14 
47.000, 1983,03,15 
48.000, 1983,03,16 
45.000, 1983,03,17 
45.000, 1983,03,18 
53.000, 1983,03,19 
57.000, 1983,03,20 
57.000, 1983,03,21 
55.000, 1983,03,22 
35.000, 1983,03,23 
41.000, 1983,03,24 
44.000, 1983,03,25 
48.000, 1983,03,26 
41.000, 1983,03,27 
61.000, 1983,03,28 
47.000, 1983,03,29 
45.000, 1983,03,30 
46.000, 1983,03,31 
45.000, 1983,04,01 
49.000, 1983,04,02 
41.000, 1983,04,03 
56.000, 1983,04,04 
58.000, 1983,04,05 
61.000, 1983,04,06 
57.000, 1983,04,07 
66.000, 1983,04,08 
52.000, 1983,04,09 
47.000, 1983,04,10 
51.000, 1983,04,11 
58.000, 1983,04,12 
53.000, 1983,04,13 
48.000, 1983,04,14 
50.000, 1983,04,15 
43.000, 1983,04,16 
52.000, 1983,04,17 
53.000, 1983,04,18 
51.000, 1983,04,19 
46.000, 1983,04,20 
50.000, 1983,04,21 
52.000, 1983,04,22 
58.000, 1983,04,23 
56.000, 1983,04,24 
57.000, 1983,04,25 
53.000, 1983,04,26 
68.000, 1983,04,27 
73.000, 1983,04,28 
83.000, 1983,04,29 
76.000, 1983,04,30 
81.000, 1983,05,01 
73.000, 1983,05,02 
73.000, 1983,05,03 
67.000, 1983,05,04 
67.000, 1983,05,05 
69.000, 1983,05,06 
72.000, 1983,05,07 
75.000, 1983,05,08 
60.000, 1983,05,09 
56.000, 1983,05,10 
49.000, 1983,05,11 
62.000, 1983,05,12 
56.000, 1983,05,13 
59.000, 1983,05,14 
60.000, 1983,05,15 
61.000, 1983,05,16 
54.000, 1983,05,17 
59.000, 1983,05,18 
70.000, 1983,05,19 
67.000, 1983,05,20 
79.000, 1983,05,21 
71.000, 1983,05,22 
70.000, 1983,05,23 
55.000, 1983,05,24 
66.000, 1983,05,25 
71.000, 1983,05,26 
53.000, 1983,05,27 
69.000, 1983,05,28 
64.000, 1983,05,29 
68.000, 1983,05,30 
74.000, 1983,05,31 
76.000, 1983,06,01 
75.000, 1983,06,02 
80.000, 1983,06,03 
72.000, 1983,06,04 
63.000, 1983,06,05 
83.000, 1983,06,06 
78.000, 1983,06,07 
67.000, 1983,06,08 
65.000, 1983,06,09 
62.000, 1983,06,10 
87.000, 1983,06,11 
90.000, 1983,06,12 
88.000, 1983,06,13 
74.000, 1983,06,14 
86.000, 1983,06,15 
66.000, 1983,06,16 
75.000, 1983,06,17 
87.000, 1983,06,18 
86.000, 1983,06,19 
82.000, 1983,06,20 
81.000, 1983,06,21 
97.000, 1983,06,22 
94.000, 1983,06,23 
91.000, 1983,06,24 
78.000, 1983,06,25 
78.000, 1983,06,26 
94.000, 1983,06,27 
81.000, 1983,06,28 
75.000, 1983,06,29 
84.000, 1983,06,30 
87.000, 1983,07,01 
91.000, 1983,07,02 
90.000, 1983,07,03 
98.000, 1983,07,04 
89.000, 1983,07,05 
80.000, 1983,07,06 
75.000, 1983,07,07 
88.000, 1983,07,08 
86.000, 1983,07,09 
82.000, 1983,07,10 
82.000, 1983,07,11 
82.000, 1983,07,12 
93.000, 1983,07,13 
84.000, 1983,07,14 
93.000, 1983,07,15 
99.000, 1983,07,16 
92.000, 1983,07,17 
94.000, 1983,07,18 
90.000, 1983,07,19 
94.000, 1983,07,20 
95.000, 1983,07,21 
81.000, 1983,07,22 
86.000, 1983,07,23 
72.000, 1983,07,24 
78.000, 1983,07,25 
85.000, 1983,07,26 
88.000, 1983,07,27 
90.000, 1983,07,28 
87.000, 1983,07,29 
91.000, 1983,07,30 
81.000, 1983,07,31 
89.000, 1983,08,01 
88.000, 1983,08,02 
91.000, 1983,08,03 
86.000, 1983,08,04 
86.000, 1983,08,05 
81.000, 1983,08,06 
83.000, 1983,08,07 
96.000, 1983,08,08 
84.000, 1983,08,09 
72.000, 1983,08,10 
69.000, 1983,08,11 
64.000, 1983,08,12 
70.000, 1983,08,13 
70.000, 1983,08,14 
74.000, 1983,08,15 
87.000, 1983,08,16 
90.000, 1983,08,17 
75.000, 1983,08,18 
92.000, 1983,08,19 
97.000, 1983,08,20 
85.000, 1983,08,21 
81.000, 1983,08,22 
83.000, 1983,08,23 
71.000, 1983,08,24 
80.000, 1983,08,25 
87.000, 1983,08,26 
95.000, 1983,08,27 
84.000, 1983,08,28 
71.000, 1983,08,29 
72.000, 1983,08,30 
79.000, 1983,08,31 
74.000, 1983,09,01 
84.000, 1983,09,02 
89.000, 1983,09,03 
88.000, 1983,09,04 
90.000, 1983,09,05 
94.000, 1983,09,06 
92.000, 1983,09,07 
83.000, 1983,09,08 
87.000, 1983,09,09 
89.000, 1983,09,10 
99.000, 1983,09,11 
85.000, 1983,09,12 
73.000, 1983,09,13 
67.000, 1983,09,14 
69.000, 1983,09,15 
70.000, 1983,09,16 
72.000, 1983,09,17 
76.000, 1983,09,18 
92.000, 1983,09,19 
97.000, 1983,09,20 
85.000, 1983,09,21 
75.000, 1983,09,22 
70.000, 1983,09,23 
65.000, 1983,09,24 
67.000, 1983,09,25 
71.000, 1983,09,26 
81.000, 1983,09,27 
65.000, 1983,09,28 
67.000, 1983,09,29 
68.000, 1983,09,30 
65.000, 1983,10,01 
70.000, 1983,10,02 
82.000, 1983,10,03 
85.000, 1983,10,04 
70.000, 1983,10,05 
73.000, 1983,10,06 
69.000, 1983,10,07 
72.000, 1983,10,08 
65.000, 1983,10,09 
57.000, 1983,10,10 
65.000, 1983,10,11 
66.000, 1983,10,12 
76.000, 1983,10,13 
75.000, 1983,10,14 
67.000, 1983,10,15 
56.000, 1983,10,16 
60.000, 1983,10,17 
68.000, 1983,10,18 
57.000, 1983,10,19 
50.000, 1983,10,20 
47.000, 1983,10,21 
51.000, 1983,10,22 
54.000, 1983,10,23 
55.000, 1983,10,24 
50.000, 1983,10,25 
46.000, 1983,10,26 
51.000, 1983,10,27 
63.000, 1983,10,28 
66.000, 1983,10,29 
50.000, 1983,10,30 
56.000, 1983,10,31 
57.000, 1983,11,01 
65.000, 1983,11,02 
65.000, 1983,11,03 
54.000, 1983,11,04 
50.000, 1983,11,05 
48.000, 1983,11,06 
57.000, 1983,11,07 
59.000, 1983,11,08 
69.000, 1983,11,09 
56.000, 1983,11,10 
61.000, 1983,11,11 
48.000, 1983,11,12 
48.000, 1983,11,13 
41.000, 1983,11,14 
47.000, 1983,11,15 
57.000, 1983,11,16 
47.000, 1983,11,17 
42.000, 1983,11,18 
52.000, 1983,11,19 
49.000, 1983,11,20 
57.000, 1983,11,21 
63.000, 1983,11,22 
51.000, 1983,11,23 
59.000, 1983,11,24 
63.000, 1983,11,25 
48.000, 1983,11,26 
46.000, 1983,11,27 
40.000, 1983,11,28 
52.000, 1983,11,29 
46.000, 1983,11,30 
42.000, 1983,12,01 
41.000, 1983,12,02 
43.000, 1983,12,03 
39.000, 1983,12,04 
36.000, 1983,12,05 
59.000, 1983,12,06 
58.000, 1983,12,07 
32.000, 1983,12,08 
42.000, 1983,12,09 
46.000, 1983,12,10 
38.000, 1983,12,11 
53.000, 1983,12,12 
57.000, 1983,12,13 
51.000, 1983,12,14 
57.000, 1983,12,15 
51.000, 1983,12,16 
40.000, 1983,12,17 
35.000, 1983,12,18 
32.000, 1983,12,19 
16.000, 1983,12,20 
25.000, 1983,12,21 
46.000, 1983,12,22 
41.000, 1983,12,23 
24.000, 1983,12,24 
10.000, 1983,12,25 
21.000, 1983,12,26 
23.000, 1983,12,27 
57.000, 1983,12,28 
54.000, 1983,12,29 
28.000, 1983,12,30 
31.000, 1983,12,31 
29.000, 1984,01,01 
30.000, 1984,01,02 
36.000, 1984,01,03 
43.000, 1984,01,04 
44.000, 1984,01,05 
41.000, 1984,01,06 
41.000, 1984,01,07 
29.000, 1984,01,08 
32.000, 1984,01,09 
34.000, 1984,01,10 
26.000, 1984,01,11 
19.000, 1984,01,12 
20.000, 1984,01,13 
26.000, 1984,01,14 
26.000, 1984,01,15 
23.000, 1984,01,16 
29.000, 1984,01,17 
28.000, 1984,01,18 
29.000, 1984,01,19 
21.000, 1984,01,20 
15.000, 1984,01,21 
21.000, 1984,01,22 
33.000, 1984,01,23 
48.000, 1984,01,24 
49.000, 1984,01,25 
39.000, 1984,01,26 
51.000, 1984,01,27 
39.000, 1984,01,28 
29.000, 1984,01,29 
36.000, 1984,01,30 
38.000, 1984,01,31 
26.000, 1984,02,01 
36.000, 1984,02,02 
50.000, 1984,02,03 
52.000, 1984,02,04 
42.000, 1984,02,05 
41.000, 1984,02,06 
32.000, 1984,02,07 
25.000, 1984,02,08 
32.000, 1984,02,09 
39.000, 1984,02,10 
53.000, 1984,02,11 
58.000, 1984,02,12 
53.000, 1984,02,13 
45.000, 1984,02,14 
50.000, 1984,02,15 
45.000, 1984,02,16 
40.000, 1984,02,17 
37.000, 1984,02,18 
42.000, 1984,02,19 
50.000, 1984,02,20 
45.000, 1984,02,21 
46.000, 1984,02,22 
60.000, 1984,02,23 
50.000, 1984,02,24 
55.000, 1984,02,25 
46.000, 1984,02,26 
42.000, 1984,02,27 
43.000, 1984,02,28 
44.000, 1984,02,29 
27.000, 1984,03,01 
32.000, 1984,03,02 
29.000, 1984,03,03 
36.000, 1984,03,04 
35.000, 1984,03,05 
42.000, 1984,03,06 
38.000, 1984,03,07 
27.000, 1984,03,08 
24.000, 1984,03,09 
25.000, 1984,03,10 
39.000, 1984,03,11 
25.000, 1984,03,12 
34.000, 1984,03,13 
41.000, 1984,03,14 
47.000, 1984,03,15 
39.000, 1984,03,16 
41.000, 1984,03,17 
32.000, 1984,03,18 
37.000, 1984,03,19 
41.000, 1984,03,20 
41.000, 1984,03,21 
54.000, 1984,03,22 
45.000, 1984,03,23 
46.000, 1984,03,24 
44.000, 1984,03,25 
41.000, 1984,03,26 
44.000, 1984,03,27 
42.000, 1984,03,28 
38.000, 1984,03,29 
36.000, 1984,03,30 
49.000, 1984,03,31 
56.000, 1984,04,01 
54.000, 1984,04,02 
52.000, 1984,04,03 
48.000, 1984,04,04 
55.000, 1984,04,05 
61.000, 1984,04,06 
51.000, 1984,04,07 
47.000, 1984,04,08 
38.000, 1984,04,09 
43.000, 1984,04,10 
47.000, 1984,04,11 
47.000, 1984,04,12 
45.000, 1984,04,13 
43.000, 1984,04,14 
42.000, 1984,04,15 
47.000, 1984,04,16 
67.000, 1984,04,17 
49.000, 1984,04,18 
44.000, 1984,04,19 
56.000, 1984,04,20 
54.000, 1984,04,21 
52.000, 1984,04,22 
61.000, 1984,04,23 
47.000, 1984,04,24 
51.000, 1984,04,25 
58.000, 1984,04,26 
55.000, 1984,04,27 
57.000, 1984,04,28 
59.000, 1984,04,29 
84.000, 1984,04,30 
65.000, 1984,05,01 
55.000, 1984,05,02 
52.000, 1984,05,03 
50.000, 1984,05,04 
57.000, 1984,05,05 
70.000, 1984,05,06 
63.000, 1984,05,07 
61.000, 1984,05,08 
63.000, 1984,05,09 
63.000, 1984,05,10 
74.000, 1984,05,11 
60.000, 1984,05,12 
70.000, 1984,05,13 
55.000, 1984,05,14 
59.000, 1984,05,15 
55.000, 1984,05,16 
56.000, 1984,05,17 
57.000, 1984,05,18 
72.000, 1984,05,19 
64.000, 1984,05,20 
70.000, 1984,05,21 
85.000, 1984,05,22 
85.000, 1984,05,23 
74.000, 1984,05,24 
84.000, 1984,05,25 
89.000, 1984,05,26 
77.000, 1984,05,27 
60.000, 1984,05,28 
73.000, 1984,05,29 
73.000, 1984,05,30 
62.000, 1984,05,31 
55.000, 1984,06,01 
56.000, 1984,06,02 
71.000, 1984,06,03 
85.000, 1984,06,04 
89.000, 1984,06,05 
70.000, 1984,06,06 
89.000, 1984,06,07 
97.000, 1984,06,08 
96.000, 1984,06,09 
95.000, 1984,06,10 
98.000, 1984,06,11 
85.000, 1984,06,12 
98.000, 1984,06,13 
87.000, 1984,06,14 
74.000, 1984,06,15 
66.000, 1984,06,16 
79.000, 1984,06,17 
72.000, 1984,06,18 
91.000, 1984,06,19 
76.000, 1984,06,20 
76.000, 1984,06,21 
71.000, 1984,06,22 
79.000, 1984,06,23 
70.000, 1984,06,24 
70.000, 1984,06,25 
68.000, 1984,06,26 
85.000, 1984,06,27 
86.000, 1984,06,28 
84.000, 1984,06,29 
70.000, 1984,06,30 
79.000, 1984,07,01 
88.000, 1984,07,02 
89.000, 1984,07,03 
91.000, 1984,07,04 
87.000, 1984,07,05 
84.000, 1984,07,06 
83.000, 1984,07,07 
70.000, 1984,07,08 
76.000, 1984,07,09 
77.000, 1984,07,10 
82.000, 1984,07,11 
92.000, 1984,07,12 
92.000, 1984,07,13 
96.000, 1984,07,14 
98.000, 1984,07,15 
84.000, 1984,07,16 
86.000, 1984,07,17 
75.000, 1984,07,18 
83.000, 1984,07,19 
86.000, 1984,07,20 
83.000, 1984,07,21 
81.000, 1984,07,22 
92.000, 1984,07,23 
91.000, 1984,07,24 
83.000, 1984,07,25 
80.000, 1984,07,26 
68.000, 1984,07,27 
69.000, 1984,07,28 
78.000, 1984,07,29 
79.000, 1984,07,30 
88.000, 1984,07,31 
91.000, 1984,08,01 
84.000, 1984,08,02 
82.000, 1984,08,03 
89.000, 1984,08,04 
92.000, 1984,08,05 
89.000, 1984,08,06 
92.000, 1984,08,07 
81.000, 1984,08,08 
75.000, 1984,08,09 
79.000, 1984,08,10 
75.000, 1984,08,11 
74.000, 1984,08,12 
75.000, 1984,08,13 
80.000, 1984,08,14 
93.000, 1984,08,15 
92.000, 1984,08,16 
81.000, 1984,08,17 
72.000, 1984,08,18 
75.000, 1984,08,19 
76.000, 1984,08,20 
77.000, 1984,08,21 
85.000, 1984,08,22 
84.000, 1984,08,23 
80.000, 1984,08,24 
73.000, 1984,08,25 
79.000, 1984,08,26 
83.000, 1984,08,27 
87.000, 1984,08,28 
86.000, 1984,08,29 
87.000, 1984,08,30 
84.000, 1984,08,31 
83.000, 1984,09,01 
78.000, 1984,09,02 
66.000, 1984,09,03 
64.000, 1984,09,04 
75.000, 1984,09,05 
68.000, 1984,09,06 
76.000, 1984,09,07 
70.000, 1984,09,08 
80.000, 1984,09,09 
82.000, 1984,09,10 
85.000, 1984,09,11 
76.000, 1984,09,12 
72.000, 1984,09,13 
77.000, 1984,09,14 
62.000, 1984,09,15 
60.000, 1984,09,16 
58.000, 1984,09,17 
63.000, 1984,09,18 
75.000, 1984,09,19 
83.000, 1984,09,20 
71.000, 1984,09,21 
73.000, 1984,09,22 
82.000, 1984,09,23 
85.000, 1984,09,24 
81.000, 1984,09,25 
76.000, 1984,09,26 
52.000, 1984,09,27 
54.000, 1984,09,28 
58.000, 1984,09,29 
58.000, 1984,09,30 
55.000, 1984,10,01 
48.000, 1984,10,02 
61.000, 1984,10,03 
58.000, 1984,10,04 
53.000, 1984,10,05 
52.000, 1984,10,06 
56.000, 1984,10,07 
64.000, 1984,10,08 
61.000, 1984,10,09 
57.000, 1984,10,10 
63.000, 1984,10,11 
70.000, 1984,10,12 
56.000, 1984,10,13 
53.000, 1984,10,14 
61.000, 1984,10,15 
58.000, 1984,10,16 
53.000, 1984,10,17 
56.000, 1984,10,18 
72.000, 1984,10,19 
78.000, 1984,10,20 
70.000, 1984,10,21 
77.000, 1984,10,22 
57.000, 1984,10,23 
54.000, 1984,10,24 
61.000, 1984,10,25 
52.000, 1984,10,26 
51.000, 1984,10,27 
72.000, 1984,10,28 
70.000, 1984,10,29 
53.000, 1984,10,30 
64.000, 1984,10,31 
52.000, 1984,11,01 
65.000, 1984,11,02 
44.000, 1984,11,03 
55.000, 1984,11,04 
59.000, 1984,11,05 
54.000, 1984,11,06 
44.000, 1984,11,07 
46.000, 1984,11,08 
55.000, 1984,11,09 
66.000, 1984,11,10 
68.000, 1984,11,11 
65.000, 1984,11,12 
45.000, 1984,11,13 
44.000, 1984,11,14 
54.000, 1984,11,15 
60.000, 1984,11,16 
43.000, 1984,11,17 
46.000, 1984,11,18 
44.000, 1984,11,19 
37.000, 1984,11,20 
42.000, 1984,11,21 
44.000, 1984,11,22 
47.000, 1984,11,23 
50.000, 1984,11,24 
45.000, 1984,11,25 
62.000, 1984,11,26 
63.000, 1984,11,27 
56.000, 1984,11,28 
56.000, 1984,11,29 
52.000, 1984,11,30 
51.000, 1984,12,01 
47.000, 1984,12,02 
46.000, 1984,12,03 
40.000, 1984,12,04 
38.000, 1984,12,05 
46.000, 1984,12,06 
34.000, 1984,12,07 
38.000, 1984,12,08 
49.000, 1984,12,09 
49.000, 1984,12,10 
45.000, 1984,12,11 
46.000, 1984,12,12 
63.000, 1984,12,13 
48.000, 1984,12,14 
38.000, 1984,12,15 
47.000, 1984,12,16 
62.000, 1984,12,17 
58.000, 1984,12,18 
45.000, 1984,12,19 
47.000, 1984,12,20 
39.000, 1984,12,21 
51.000, 1984,12,22 
42.000, 1984,12,23 
53.000, 1984,12,24 
49.000, 1984,12,25 
38.000, 1984,12,26 
20.000, 1984,12,27 
54.000, 1984,12,28 
73.000, 1984,12,29 
63.000, 1984,12,30 
42.000, 1984,12,31 
45.000, 1985,01,01 
40.000, 1985,01,02 
35.000, 1985,01,03 
34.000, 1985,01,04 
34.000, 1985,01,05 
37.000, 1985,01,06 
37.000, 1985,01,07 
33.000, 1985,01,08 
20.000, 1985,01,09 
22.000, 1985,01,10 
24.000, 1985,01,11 
28.000, 1985,01,12 
37.000, 1985,01,13 
34.000, 1985,01,14 
38.000, 1985,01,15 
19.000, 1985,01,16 
23.000, 1985,01,17 
29.000, 1985,01,18 
34.000, 1985,01,19 
26.000, 1985,01,20 
12.000, 1985,01,21 
31.000, 1985,01,22 
34.000, 1985,01,23 
35.000, 1985,01,24 
35.000, 1985,01,25 
30.000, 1985,01,26 
28.000, 1985,01,27 
36.000, 1985,01,28 
32.000, 1985,01,29 
32.000, 1985,01,30 
33.000, 1985,01,31 
34.000, 1985,02,01 
34.000, 1985,02,02 
29.000, 1985,02,03 
28.000, 1985,02,04 
24.000, 1985,02,05 
24.000, 1985,02,06 
26.000, 1985,02,07 
14.000, 1985,02,08 
29.000, 1985,02,09 
42.000, 1985,02,10 
35.000, 1985,02,11 
44.000, 1985,02,12 
46.000, 1985,02,13 
40.000, 1985,02,14 
39.000, 1985,02,15 
34.000, 1985,02,16 
46.000, 1985,02,17 
42.000, 1985,02,18 
50.000, 1985,02,19 
43.000, 1985,02,20 
39.000, 1985,02,21 
56.000, 1985,02,22 
52.000, 1985,02,23 
70.000, 1985,02,24 
61.000, 1985,02,25 
48.000, 1985,02,26 
53.000, 1985,02,27 
39.000, 1985,02,28 
57.000, 1985,03,01 
60.000, 1985,03,02 
42.000, 1985,03,03 
31.000, 1985,03,04 
41.000, 1985,03,05 
33.000, 1985,03,06 
37.000, 1985,03,07 
55.000, 1985,03,08 
53.000, 1985,03,09 
44.000, 1985,03,10 
57.000, 1985,03,11 
53.000, 1985,03,12 
51.000, 1985,03,13 
50.000, 1985,03,14 
44.000, 1985,03,15 
45.000, 1985,03,16 
53.000, 1985,03,17 
38.000, 1985,03,18 
42.000, 1985,03,19 
60.000, 1985,03,20 
42.000, 1985,03,21 
40.000, 1985,03,22 
55.000, 1985,03,23 
47.000, 1985,03,24 
44.000, 1985,03,25 
49.000, 1985,03,26 
58.000, 1985,03,27 
74.000, 1985,03,28 
63.000, 1985,03,29 
56.000, 1985,03,30 
42.000, 1985,03,31 
40.000, 1985,04,01 
46.000, 1985,04,02 
46.000, 1985,04,03 
53.000, 1985,04,04 
59.000, 1985,04,05 
68.000, 1985,04,06 
59.000, 1985,04,07 
51.000, 1985,04,08 
47.000, 1985,04,09 
45.000, 1985,04,10 
57.000, 1985,04,11 
57.000, 1985,04,12 
52.000, 1985,04,13 
47.000, 1985,04,14 
71.000, 1985,04,15 
71.000, 1985,04,16 
53.000, 1985,04,17 
50.000, 1985,04,18 
66.000, 1985,04,19 
52.000, 1985,04,20 
60.000, 1985,04,21 
62.000, 1985,04,22 
48.000, 1985,04,23 
53.000, 1985,04,24 
67.000, 1985,04,25 
79.000, 1985,04,26 
62.000, 1985,04,27 
62.000, 1985,04,28 
60.000, 1985,04,29 
84.000, 1985,04,30 
77.000, 1985,05,01 
56.000, 1985,05,02 
48.000, 1985,05,03 
66.000, 1985,05,04 
70.000, 1985,05,05 
49.000, 1985,05,06 
67.000, 1985,05,07 
57.000, 1985,05,08 
62.000, 1985,05,09 
82.000, 1985,05,10 
89.000, 1985,05,11 
65.000, 1985,05,12 
82.000, 1985,05,13 
70.000, 1985,05,14 
64.000, 1985,05,15 
73.000, 1985,05,16 
69.000, 1985,05,17 
63.000, 1985,05,18 
61.000, 1985,05,19 
83.000, 1985,05,20 
77.000, 1985,05,21 
72.000, 1985,05,22 
62.000, 1985,05,23 
70.000, 1985,05,24 
69.000, 1985,05,25 
64.000, 1985,05,26 
87.000, 1985,05,27 
65.000, 1985,05,28 
59.000, 1985,05,29 
75.000, 1985,05,30 
76.000, 1985,05,31 
77.000, 1985,06,01 
82.000, 1985,06,02 
82.000, 1985,06,03 
69.000, 1985,06,04 
60.000, 1985,06,05 
69.000, 1985,06,06 
76.000, 1985,06,07 
72.000, 1985,06,08 
74.000, 1985,06,09 
84.000, 1985,06,10 
80.000, 1985,06,11 
69.000, 1985,06,12 
68.000, 1985,06,13 
68.000, 1985,06,14 
76.000, 1985,06,15 
65.000, 1985,06,16 
76.000, 1985,06,17 
76.000, 1985,06,18 
77.000, 1985,06,19 
79.000, 1985,06,20 
78.000, 1985,06,21 
80.000, 1985,06,22 
76.000, 1985,06,23 
78.000, 1985,06,24 
70.000, 1985,06,25 
64.000, 1985,06,26 
58.000, 1985,06,27 
62.000, 1985,06,28 
58.000, 1985,06,29 
69.000, 1985,06,30 
69.000, 1985,07,01 
77.000, 1985,07,02 
81.000, 1985,07,03 
85.000, 1985,07,04 
84.000, 1985,07,05 
85.000, 1985,07,06 
86.000, 1985,07,07 
81.000, 1985,07,08 
80.000, 1985,07,09 
86.000, 1985,07,10 
85.000, 1985,07,11 
79.000, 1985,07,12 
82.000, 1985,07,13 
86.000, 1985,07,14 
85.000, 1985,07,15 
81.000, 1985,07,16 
76.000, 1985,07,17 
79.000, 1985,07,18 
88.000, 1985,07,19 
92.000, 1985,07,20 
83.000, 1985,07,21 
87.000, 1985,07,22 
79.000, 1985,07,23 
83.000, 1985,07,24 
86.000, 1985,07,25 
80.000, 1985,07,26 
79.000, 1985,07,27 
73.000, 1985,07,28 
84.000, 1985,07,29 
88.000, 1985,07,30 
69.000, 1985,07,31 
74.000, 1985,08,01 
70.000, 1985,08,02 
76.000, 1985,08,03 
79.000, 1985,08,04 
81.000, 1985,08,05 
82.000, 1985,08,06 
81.000, 1985,08,07 
76.000, 1985,08,08 
80.000, 1985,08,09 
79.000, 1985,08,10 
87.000, 1985,08,11 
76.000, 1985,08,12 
72.000, 1985,08,13 
91.000, 1985,08,14 
93.000, 1985,08,15 
81.000, 1985,08,16 
83.000, 1985,08,17 
75.000, 1985,08,18 
67.000, 1985,08,19 
80.000, 1985,08,20 
78.000, 1985,08,21 
72.000, 1985,08,22 
77.000, 1985,08,23 
79.000, 1985,08,24 
69.000, 1985,08,25 
70.000, 1985,08,26 
83.000, 1985,08,27 
84.000, 1985,08,28 
71.000, 1985,08,29 
64.000, 1985,08,30 
62.000, 1985,08,31 
68.000, 1985,09,01 
72.000, 1985,09,02 
78.000, 1985,09,03 
90.000, 1985,09,04 
80.000, 1985,09,05 
68.000, 1985,09,06 
70.000, 1985,09,07 
88.000, 1985,09,08 
76.000, 1985,09,09 
64.000, 1985,09,10 
66.000, 1985,09,11 
65.000, 1985,09,12 
61.000, 1985,09,13 
70.000, 1985,09,14 
72.000, 1985,09,15 
68.000, 1985,09,16 
70.000, 1985,09,17 
77.000, 1985,09,18 
83.000, 1985,09,19 
88.000, 1985,09,20 
86.000, 1985,09,21 
70.000, 1985,09,22 
63.000, 1985,09,23 
70.000, 1985,09,24 
74.000, 1985,09,25 
66.000, 1985,09,26 
74.000, 1985,09,27 
73.000, 1985,09,28 
69.000, 1985,09,29 
76.000, 1985,09,30 
76.000, 1985,10,01 
78.000, 1985,10,02 
61.000, 1985,10,03 
56.000, 1985,10,04 
71.000, 1985,10,05 
63.000, 1985,10,06 
64.000, 1985,10,07 
61.000, 1985,10,08 
72.000, 1985,10,09 
73.000, 1985,10,10 
65.000, 1985,10,11 
52.000, 1985,10,12 
58.000, 1985,10,13 
61.000, 1985,10,14 
76.000, 1985,10,15 
70.000, 1985,10,16 
59.000, 1985,10,17 
65.000, 1985,10,18 
63.000, 1985,10,19 
57.000, 1985,10,20 
54.000, 1985,10,21 
64.000, 1985,10,22 
59.000, 1985,10,23 
63.000, 1985,10,24 
69.000, 1985,10,25 
64.000, 1985,10,26 
77.000, 1985,10,27 
57.000, 1985,10,28 
51.000, 1985,10,29 
50.000, 1985,10,30 
51.000, 1985,10,31 
58.000, 1985,11,01 
51.000, 1985,11,02 
50.000, 1985,11,03 
50.000, 1985,11,04 
56.000, 1985,11,05 
56.000, 1985,11,06 
59.000, 1985,11,07 
56.000, 1985,11,08 
57.000, 1985,11,09 
70.000, 1985,11,10 
56.000, 1985,11,11 
41.000, 1985,11,12 
65.000, 1985,11,13 
58.000, 1985,11,14 
58.000, 1985,11,15 
42.000, 1985,11,16 
50.000, 1985,11,17 
55.000, 1985,11,18 
65.000, 1985,11,19 
73.000, 1985,11,20 
57.000, 1985,11,21 
44.000, 1985,11,22 
48.000, 1985,11,23 
50.000, 1985,11,24 
43.000, 1985,11,25 
35.000, 1985,11,26 
39.000, 1985,11,27 
38.000, 1985,11,28 
33.000, 1985,11,29 
40.000, 1985,11,30 
48.000, 1985,12,01 
60.000, 1985,12,02 
32.000, 1985,12,03 
35.000, 1985,12,04 
36.000, 1985,12,05 
35.000, 1985,12,06 
38.000, 1985,12,07 
44.000, 1985,12,08 
43.000, 1985,12,09 
40.000, 1985,12,10 
39.000, 1985,12,11 
42.000, 1985,12,12 
44.000, 1985,12,13 
44.000, 1985,12,14 
31.000, 1985,12,15 
37.000, 1985,12,16 
35.000, 1985,12,17 
30.000, 1985,12,18 
26.000, 1985,12,19 
30.000, 1985,12,20 
29.000, 1985,12,21 
30.000, 1985,12,22 
40.000, 1985,12,23 
53.000, 1985,12,24 
42.000, 1985,12,25 
24.000, 1985,12,26 
37.000, 1985,12,27 
36.000, 1985,12,28 
35.000, 1985,12,29 
35.000, 1985,12,30 
49.000, 1985,12,31 
42.000, 1986,01,01 
42.000, 1986,01,02 
50.000, 1986,01,03 
35.000, 1986,01,04 
40.000, 1986,01,05 
34.000, 1986,01,06 
25.000, 1986,01,07 
26.000, 1986,01,08 
39.000, 1986,01,09 
42.000, 1986,01,10 
36.000, 1986,01,11 
50.000, 1986,01,12 
46.000, 1986,01,13 
22.000, 1986,01,14 
18.000, 1986,01,15 
33.000, 1986,01,16 
49.000, 1986,01,17 
58.000, 1986,01,18 
51.000, 1986,01,19 
53.000, 1986,01,20 
45.000, 1986,01,21 
52.000, 1986,01,22 
42.000, 1986,01,23 
26.000, 1986,01,24 
39.000, 1986,01,25 
52.000, 1986,01,26 
54.000, 1986,01,27 
33.000, 1986,01,28 
26.000, 1986,01,29 
31.000, 1986,01,30 
36.000, 1986,01,31 
29.000, 1986,02,01 
47.000, 1986,02,02 
38.000, 1986,02,03 
34.000, 1986,02,04 
37.000, 1986,02,05 
35.000, 1986,02,06 
25.000, 1986,02,07 
32.000, 1986,02,08 
36.000, 1986,02,09 
38.000, 1986,02,10 
31.000, 1986,02,11 
31.000, 1986,02,12 
32.000, 1986,02,13 
30.000, 1986,02,14 
34.000, 1986,02,15 
31.000, 1986,02,16 
36.000, 1986,02,17 
35.000, 1986,02,18 
32.000, 1986,02,19 
41.000, 1986,02,20 
39.000, 1986,02,21 
44.000, 1986,02,22 
34.000, 1986,02,23 
36.000, 1986,02,24 
35.000, 1986,02,25 
28.000, 1986,02,26 
37.000, 1986,02,27 
37.000, 1986,02,28 
43.000, 1986,03,01 
42.000, 1986,03,02 
45.000, 1986,03,03 
44.000, 1986,03,04 
50.000, 1986,03,05 
44.000, 1986,03,06 
40.000, 1986,03,07 
28.000, 1986,03,08 
31.000, 1986,03,09 
36.000, 1986,03,10 
61.000, 1986,03,11 
43.000, 1986,03,12 
38.000, 1986,03,13 
39.000, 1986,03,14 
58.000, 1986,03,15 
56.000, 1986,03,16 
46.000, 1986,03,17 
54.000, 1986,03,18 
60.000, 1986,03,19 
57.000, 1986,03,20 
28.000, 1986,03,21 
40.000, 1986,03,22 
50.000, 1986,03,23 
50.000, 1986,03,24 
58.000, 1986,03,25 
71.000, 1986,03,26 
65.000, 1986,03,27 
55.000, 1986,03,28 
75.000, 1986,03,29 
77.000, 1986,03,30 
69.000, 1986,03,31 
69.000, 1986,04,01 
72.000, 1986,04,02 
53.000, 1986,04,03 
58.000, 1986,04,04 
45.000, 1986,04,05 
43.000, 1986,04,06 
47.000, 1986,04,07 
52.000, 1986,04,08 
52.000, 1986,04,09 
51.000, 1986,04,10 
48.000, 1986,04,11 
52.000, 1986,04,12 
59.000, 1986,04,13 
58.000, 1986,04,14 
52.000, 1986,04,15 
49.000, 1986,04,16 
57.000, 1986,04,17 
52.000, 1986,04,18 
55.000, 1986,04,19 
51.000, 1986,04,20 
65.000, 1986,04,21 
63.000, 1986,04,22 
51.000, 1986,04,23 
56.000, 1986,04,24 
56.000, 1986,04,25 
54.000, 1986,04,26 
57.000, 1986,04,27 
53.000, 1986,04,28 
55.000, 1986,04,29 
53.000, 1986,04,30 
73.000, 1986,05,01 
58.000, 1986,05,02 
52.000, 1986,05,03 
55.000, 1986,05,04 
64.000, 1986,05,05 
57.000, 1986,05,06 
48.000, 1986,05,07 
48.000, 1986,05,08 
48.000, 1986,05,09 
56.000, 1986,05,10 
54.000, 1986,05,11 
52.000, 1986,05,12 
63.000, 1986,05,13 
62.000, 1986,05,14 
65.000, 1986,05,15 
71.000, 1986,05,16 
81.000, 1986,05,17 
78.000, 1986,05,18 
90.000, 1986,05,19 
80.000, 1986,05,20 
77.000, 1986,05,21 
65.000, 1986,05,22 
64.000, 1986,05,23 
70.000, 1986,05,24 
64.000, 1986,05,25 
56.000, 1986,05,26 
80.000, 1986,05,27 
86.000, 1986,05,28 
86.000, 1986,05,29 
89.000, 1986,05,30 
80.000, 1986,05,31 
89.000, 1986,06,01 
67.000, 1986,06,02 
68.000, 1986,06,03 
77.000, 1986,06,04 
76.000, 1986,06,05 
64.000, 1986,06,06 
58.000, 1986,06,07 
85.000, 1986,06,08 
77.000, 1986,06,09 
80.000, 1986,06,10 
70.000, 1986,06,11 
59.000, 1986,06,12 
63.000, 1986,06,13 
74.000, 1986,06,14 
86.000, 1986,06,15 
84.000, 1986,06,16 
76.000, 1986,06,17 
72.000, 1986,06,18 
79.000, 1986,06,19 
62.000, 1986,06,20 
67.000, 1986,06,21 
77.000, 1986,06,22 
85.000, 1986,06,23 
83.000, 1986,06,24 
71.000, 1986,06,25 
77.000, 1986,06,26 
82.000, 1986,06,27 
87.000, 1986,06,28 
86.000, 1986,06,29 
80.000, 1986,06,30 
82.000, 1986,07,01 
65.000, 1986,07,02 
67.000, 1986,07,03 
76.000, 1986,07,04 
82.000, 1986,07,05 
71.000, 1986,07,06 
95.000, 1986,07,07 
90.000, 1986,07,08 
87.000, 1986,07,09 
79.000, 1986,07,10 
77.000, 1986,07,11 
65.000, 1986,07,12 
61.000, 1986,07,13 
80.000, 1986,07,14 
84.000, 1986,07,15 
80.000, 1986,07,16 
83.000, 1986,07,17 
83.000, 1986,07,18 
70.000, 1986,07,19 
80.000, 1986,07,20 
85.000, 1986,07,21 
75.000, 1986,07,22 
86.000, 1986,07,23 
88.000, 1986,07,24 
90.000, 1986,07,25 
88.000, 1986,07,26 
80.000, 1986,07,27 
76.000, 1986,07,28 
76.000, 1986,07,29 
67.000, 1986,07,30 
65.000, 1986,07,31 
76.000, 1986,08,01 
84.000, 1986,08,02 
78.000, 1986,08,03 
85.000, 1986,08,04 
79.000, 1986,08,05 
86.000, 1986,08,06 
81.000, 1986,08,07 
84.000, 1986,08,08 
87.000, 1986,08,09 
86.000, 1986,08,10 
86.000, 1986,08,11 
80.000, 1986,08,12 
75.000, 1986,08,13 
75.000, 1986,08,14 
84.000, 1986,08,15 
79.000, 1986,08,16 
86.000, 1986,08,17 
70.000, 1986,08,18 
72.000, 1986,08,19 
76.000, 1986,08,20 
70.000, 1986,08,21 
78.000, 1986,08,22 
73.000, 1986,08,23 
73.000, 1986,08,24 
73.000, 1986,08,25 
81.000, 1986,08,26 
82.000, 1986,08,27 
68.000, 1986,08,28 
68.000, 1986,08,29 
75.000, 1986,08,30 
76.000, 1986,08,31 
78.000, 1986,09,01 
79.000, 1986,09,02 
67.000, 1986,09,03 
65.000, 1986,09,04 
74.000, 1986,09,05 
82.000, 1986,09,06 
73.000, 1986,09,07 
73.000, 1986,09,08 
74.000, 1986,09,09 
77.000, 1986,09,10 
81.000, 1986,09,11 
80.000, 1986,09,12 
74.000, 1986,09,13 
65.000, 1986,09,14 
68.000, 1986,09,15 
60.000, 1986,09,16 
67.000, 1986,09,17 
72.000, 1986,09,18 
70.000, 1986,09,19 
64.000, 1986,09,20 
57.000, 1986,09,21 
63.000, 1986,09,22 
68.000, 1986,09,23 
65.000, 1986,09,24 
77.000, 1986,09,25 
70.000, 1986,09,26 
65.000, 1986,09,27 
70.000, 1986,09,28 
78.000, 1986,09,29 
87.000, 1986,09,30 
80.000, 1986,10,01 
67.000, 1986,10,02 
61.000, 1986,10,03 
77.000, 1986,10,04 
61.000, 1986,10,05 
59.000, 1986,10,06 
56.000, 1986,10,07 
69.000, 1986,10,08 
76.000, 1986,10,09 
49.000, 1986,10,10 
54.000, 1986,10,11 
56.000, 1986,10,12 
66.000, 1986,10,13 
71.000, 1986,10,14 
62.000, 1986,10,15 
58.000, 1986,10,16 
51.000, 1986,10,17 
51.000, 1986,10,18 
60.000, 1986,10,19 
57.000, 1986,10,20 
68.000, 1986,10,21 
69.000, 1986,10,22 
74.000, 1986,10,23 
57.000, 1986,10,24 
60.000, 1986,10,25 
52.000, 1986,10,26 
52.000, 1986,10,27 
65.000, 1986,10,28 
70.000, 1986,10,29 
66.000, 1986,10,30 
45.000, 1986,10,31 
62.000, 1986,11,01 
64.000, 1986,11,02 
47.000, 1986,11,03 
56.000, 1986,11,04 
44.000, 1986,11,05 
48.000, 1986,11,06 
50.000, 1986,11,07 
53.000, 1986,11,08 
72.000, 1986,11,09 
53.000, 1986,11,10 
40.000, 1986,11,11 
47.000, 1986,11,12 
42.000, 1986,11,13 
34.000, 1986,11,14 
42.000, 1986,11,15 
50.000, 1986,11,16 
52.000, 1986,11,17 
49.000, 1986,11,18 
44.000, 1986,11,19 
43.000, 1986,11,20 
51.000, 1986,11,21 
42.000, 1986,11,22 
48.000, 1986,11,23 
55.000, 1986,11,24 
50.000, 1986,11,25 
64.000, 1986,11,26 
65.000, 1986,11,27 
55.000, 1986,11,28 
57.000, 1986,11,29 
39.000, 1986,11,30 
37.000, 1986,12,01 
44.000, 1986,12,02 
64.000, 1986,12,03 
47.000, 1986,12,04 
42.000, 1986,12,05 
43.000, 1986,12,06 
43.000, 1986,12,07 
44.000, 1986,12,08 
43.000, 1986,12,09 
49.000, 1986,12,10 
34.000, 1986,12,11 
38.000, 1986,12,12 
33.000, 1986,12,13 
34.000, 1986,12,14 
43.000, 1986,12,15 
37.000, 1986,12,16 
35.000, 1986,12,17 
45.000, 1986,12,18 
45.000, 1986,12,19 
41.000, 1986,12,20 
35.000, 1986,12,21 
38.000, 1986,12,22 
43.000, 1986,12,23 
42.000, 1986,12,24 
58.000, 1986,12,25 
44.000, 1986,12,26 
39.000, 1986,12,27 
38.000, 1986,12,28 
39.000, 1986,12,29 
35.000, 1986,12,30 
42.000, 1986,12,31 
39.000, 1987,01,01 
39.000, 1987,01,02 
31.000, 1987,01,03 
35.000, 1987,01,04 
36.000, 1987,01,05 
37.000, 1987,01,06 
44.000, 1987,01,07 
35.000, 1987,01,08 
40.000, 1987,01,09 
42.000, 1987,01,10 
43.000, 1987,01,11 
39.000, 1987,01,12 
38.000, 1987,01,13 
47.000, 1987,01,14 
50.000, 1987,01,15 
46.000, 1987,01,16 
27.000, 1987,01,17 
35.000, 1987,01,18 
31.000, 1987,01,19 
28.000, 1987,01,20 
33.000, 1987,01,21 
40.000, 1987,01,22 
44.000, 1987,01,23 
18.000, 1987,01,24 
26.000, 1987,01,25 
23.000, 1987,01,26 
26.000, 1987,01,27 
28.000, 1987,01,28 
35.000, 1987,01,29 
34.000, 1987,01,30 
36.000, 1987,01,31 
36.000, 1987,02,01 
45.000, 1987,02,02 
43.000, 1987,02,03 
40.000, 1987,02,04 
30.000, 1987,02,05 
39.000, 1987,02,06 
47.000, 1987,02,07 
39.000, 1987,02,08 
38.000, 1987,02,09 
35.000, 1987,02,10 
35.000, 1987,02,11 
33.000, 1987,02,12 
27.000, 1987,02,13 
20.000, 1987,02,14 
17.000, 1987,02,15 
35.000, 1987,02,16 
42.000, 1987,02,17 
36.000, 1987,02,18 
37.000, 1987,02,19 
38.000, 1987,02,20 
41.000, 1987,02,21 
45.000, 1987,02,22 
38.000, 1987,02,23 
40.000, 1987,02,24 
41.000, 1987,02,25 
40.000, 1987,02,26 
38.000, 1987,02,27 
47.000, 1987,02,28 
37.000, 1987,03,01 
37.000, 1987,03,02 
33.000, 1987,03,03 
32.000, 1987,03,04 
35.000, 1987,03,05 
49.000, 1987,03,06 
61.000, 1987,03,07 
64.000, 1987,03,08 
48.000, 1987,03,09 
28.000, 1987,03,10 
29.000, 1987,03,11 
37.000, 1987,03,12 
36.000, 1987,03,13 
37.000, 1987,03,14 
39.000, 1987,03,15 
38.000, 1987,03,16 
37.000, 1987,03,17 
45.000, 1987,03,18 
46.000, 1987,03,19 
42.000, 1987,03,20 
39.000, 1987,03,21 
42.000, 1987,03,22 
43.000, 1987,03,23 
56.000, 1987,03,24 
65.000, 1987,03,25 
55.000, 1987,03,26 
63.000, 1987,03,27 
51.000, 1987,03,28 
56.000, 1987,03,29 
62.000, 1987,03,30 
60.000, 1987,03,31 
51.000, 1987,04,01 
54.000, 1987,04,02 
52.000, 1987,04,03 
49.000, 1987,04,04 
47.000, 1987,04,05 
42.000, 1987,04,06 
44.000, 1987,04,07 
49.000, 1987,04,08 
48.000, 1987,04,09 
65.000, 1987,04,10 
65.000, 1987,04,11 
72.000, 1987,04,12 
44.000, 1987,04,13 
45.000, 1987,04,14 
52.000, 1987,04,15 
43.000, 1987,04,16 
43.000, 1987,04,17 
51.000, 1987,04,18 
56.000, 1987,04,19 
50.000, 1987,04,20 
57.000, 1987,04,21 
57.000, 1987,04,22 
45.000, 1987,04,23 
56.000, 1987,04,24 
47.000, 1987,04,25 
50.000, 1987,04,26 
46.000, 1987,04,27 
40.000, 1987,04,28 
51.000, 1987,04,29 
53.000, 1987,04,30 
60.000, 1987,05,01 
65.000, 1987,05,02 
52.000, 1987,05,03 
45.000, 1987,05,04 
42.000, 1987,05,05 
51.000, 1987,05,06 
75.000, 1987,05,07 
55.000, 1987,05,08 
71.000, 1987,05,09 
83.000, 1987,05,10 
73.000, 1987,05,11 
76.000, 1987,05,12 
55.000, 1987,05,13 
69.000, 1987,05,14 
67.000, 1987,05,15 
67.000, 1987,05,16 
79.000, 1987,05,17 
64.000, 1987,05,18 
53.000, 1987,05,19 
54.000, 1987,05,20 
69.000, 1987,05,21 
78.000, 1987,05,22 
70.000, 1987,05,23 
49.000, 1987,05,24 
54.000, 1987,05,25 
61.000, 1987,05,26 
66.000, 1987,05,27 
84.000, 1987,05,28 
76.000, 1987,05,29 
93.000, 1987,05,30 
92.000, 1987,05,31 
85.000, 1987,06,01 
65.000, 1987,06,02 
58.000, 1987,06,03 
58.000, 1987,06,04 
67.000, 1987,06,05 
69.000, 1987,06,06 
69.000, 1987,06,07 
81.000, 1987,06,08 
76.000, 1987,06,09 
73.000, 1987,06,10 
76.000, 1987,06,11 
68.000, 1987,06,12 
79.000, 1987,06,13 
82.000, 1987,06,14 
87.000, 1987,06,15 
82.000, 1987,06,16 
71.000, 1987,06,17 
80.000, 1987,06,18 
86.000, 1987,06,19 
81.000, 1987,06,20 
66.000, 1987,06,21 
67.000, 1987,06,22 
59.000, 1987,06,23 
82.000, 1987,06,24 
67.000, 1987,06,25 
60.000, 1987,06,26 
61.000, 1987,06,27 
76.000, 1987,06,28 
83.000, 1987,06,29 
86.000, 1987,06,30 
80.000, 1987,07,01 
69.000, 1987,07,02 
62.000, 1987,07,03 
85.000, 1987,07,04 
74.000, 1987,07,05 
78.000, 1987,07,06 
76.000, 1987,07,07 
72.000, 1987,07,08 
80.000, 1987,07,09 
75.000, 1987,07,10 
80.000, 1987,07,11 
82.000, 1987,07,12 
80.000, 1987,07,13 
83.000, 1987,07,14 
79.000, 1987,07,15 
71.000, 1987,07,16 
76.000, 1987,07,17 
93.000, 1987,07,18 
81.000, 1987,07,19 
82.000, 1987,07,20 
77.000, 1987,07,21 
72.000, 1987,07,22 
80.000, 1987,07,23 
95.000, 1987,07,24 
94.000, 1987,07,25 
88.000, 1987,07,26 
84.000, 1987,07,27 
83.000, 1987,07,28 
70.000, 1987,07,29 
80.000, 1987,07,30 
74.000, 1987,07,31 
82.000, 1987,08,01 
80.000, 1987,08,02 
80.000, 1987,08,03 
81.000, 1987,08,04 
77.000, 1987,08,05 
74.000, 1987,08,06 
72.000, 1987,08,07 
86.000, 1987,08,08 
77.000, 1987,08,09 
68.000, 1987,08,10 
81.000, 1987,08,11 
70.000, 1987,08,12 
74.000, 1987,08,13 
82.000, 1987,08,14 
90.000, 1987,08,15 
92.000, 1987,08,16 
96.000, 1987,08,17 
94.000, 1987,08,18 
83.000, 1987,08,19 
86.000, 1987,08,20 
84.000, 1987,08,21 
82.000, 1987,08,22 
77.000, 1987,08,23 
73.000, 1987,08,24 
77.000, 1987,08,25 
73.000, 1987,08,26 
62.000, 1987,08,27 
63.000, 1987,08,28 
60.000, 1987,08,29 
72.000, 1987,08,30 
77.000, 1987,08,31 
75.000, 1987,09,01 
72.000, 1987,09,02 
73.000, 1987,09,03 
65.000, 1987,09,04 
77.000, 1987,09,05 
79.000, 1987,09,06 
77.000, 1987,09,07 
79.000, 1987,09,08 
86.000, 1987,09,09 
84.000, 1987,09,10 
69.000, 1987,09,11 
65.000, 1987,09,12 
67.000, 1987,09,13 
81.000, 1987,09,14 
78.000, 1987,09,15 
80.000, 1987,09,16 
72.000, 1987,09,17 
63.000, 1987,09,18 
61.000, 1987,09,19 
60.000, 1987,09,20 
65.000, 1987,09,21 
64.000, 1987,09,22 
72.000, 1987,09,23 
75.000, 1987,09,24 
63.000, 1987,09,25 
70.000, 1987,09,26 
69.000, 1987,09,27 
79.000, 1987,09,28 
83.000, 1987,09,29 
74.000, 1987,09,30 
68.000, 1987,10,01 
69.000, 1987,10,02 
73.000, 1987,10,03 
59.000, 1987,10,04 
68.000, 1987,10,05 
72.000, 1987,10,06 
72.000, 1987,10,07 
64.000, 1987,10,08 
59.000, 1987,10,09 
70.000, 1987,10,10 
56.000, 1987,10,11 
50.000, 1987,10,12 
55.000, 1987,10,13 
56.000, 1987,10,14 
62.000, 1987,10,15 
60.000, 1987,10,16 
59.000, 1987,10,17 
72.000, 1987,10,18 
67.000, 1987,10,19 
62.000, 1987,10,20 
67.000, 1987,10,21 
57.000, 1987,10,22 
61.000, 1987,10,23 
68.000, 1987,10,24 
63.000, 1987,10,25 
54.000, 1987,10,26 
57.000, 1987,10,27 
65.000, 1987,10,28 
56.000, 1987,10,29 
55.000, 1987,10,30 
59.000, 1987,10,31 
58.000, 1987,11,01 
48.000, 1987,11,02 
63.000, 1987,11,03 
78.000, 1987,11,04 
68.000, 1987,11,05 
45.000, 1987,11,06 
47.000, 1987,11,07 
64.000, 1987,11,08 
66.000, 1987,11,09 
49.000, 1987,11,10 
38.000, 1987,11,11 
40.000, 1987,11,12 
48.000, 1987,11,13 
56.000, 1987,11,14 
51.000, 1987,11,15 
48.000, 1987,11,16 
62.000, 1987,11,17 
70.000, 1987,11,18 
50.000, 1987,11,19 
45.000, 1987,11,20 
35.000, 1987,11,21 
36.000, 1987,11,22 
48.000, 1987,11,23 
60.000, 1987,11,24 
49.000, 1987,11,25 
46.000, 1987,11,26 
35.000, 1987,11,27 
40.000, 1987,11,28 
46.000, 1987,11,29 
59.000, 1987,11,30 
51.000, 1987,12,01 
45.000, 1987,12,02 
43.000, 1987,12,03 
41.000, 1987,12,04 
35.000, 1987,12,05 
40.000, 1987,12,06 
44.000, 1987,12,07 
49.000, 1987,12,08 
58.000, 1987,12,09 
57.000, 1987,12,10 
47.000, 1987,12,11 
42.000, 1987,12,12 
46.000, 1987,12,13 
47.000, 1987,12,14 
42.000, 1987,12,15 
42.000, 1987,12,16 
36.000, 1987,12,17 
34.000, 1987,12,18 
39.000, 1987,12,19 
38.000, 1987,12,20 
46.000, 1987,12,21 
46.000, 1987,12,22 
45.000, 1987,12,23 
42.000, 1987,12,24 
54.000, 1987,12,25 
47.000, 1987,12,26 
38.000, 1987,12,27 
35.000, 1987,12,28 
28.000, 1987,12,29 
17.000, 1987,12,30 
40.000, 1987,12,31 
48.000, 1988,01,01 
34.000, 1988,01,02 
32.000, 1988,01,03 
34.000, 1988,01,04 
27.000, 1988,01,05 
22.000, 1988,01,06 
20.000, 1988,01,07 
33.000, 1988,01,08 
34.000, 1988,01,09 
28.000, 1988,01,10 
27.000, 1988,01,11 
36.000, 1988,01,12 
41.000, 1988,01,13 
15.000, 1988,01,14 
18.000, 1988,01,15 
39.000, 1988,01,16 
42.000, 1988,01,17 
46.000, 1988,01,18 
48.000, 1988,01,19 
38.000, 1988,01,20 
50.000, 1988,01,21 
36.000, 1988,01,22 
34.000, 1988,01,23 
42.000, 1988,01,24 
40.000, 1988,01,25 
37.000, 1988,01,26 
26.000, 1988,01,27 
27.000, 1988,01,28 
29.000, 1988,01,29 
46.000, 1988,01,30 
58.000, 1988,01,31 
60.000, 1988,02,01 
55.000, 1988,02,02 
31.000, 1988,02,03 
33.000, 1988,02,04 
23.000, 1988,02,05 
24.000, 1988,02,06 
24.000, 1988,02,07 
35.000, 1988,02,08 
35.000, 1988,02,09 
39.000, 1988,02,10 
34.000, 1988,02,11 
38.000, 1988,02,12 
32.000, 1988,02,13 
34.000, 1988,02,14 
49.000, 1988,02,15 
45.000, 1988,02,16 
42.000, 1988,02,17 
48.000, 1988,02,18 
43.000, 1988,02,19 
50.000, 1988,02,20 
44.000, 1988,02,21 
42.000, 1988,02,22 
59.000, 1988,02,23 
41.000, 1988,02,24 
35.000, 1988,02,25 
35.000, 1988,02,26 
35.000, 1988,02,27 
36.000, 1988,02,28 
46.000, 1988,02,29 
40.000, 1988,03,01 
49.000, 1988,03,02 
53.000, 1988,03,03 
37.000, 1988,03,04 
39.000, 1988,03,05 
46.000, 1988,03,06 
55.000, 1988,03,07 
44.000, 1988,03,08 
52.000, 1988,03,09 
51.000, 1988,03,10 
46.000, 1988,03,11 
50.000, 1988,03,12 
41.000, 1988,03,13 
37.000, 1988,03,14 
40.000, 1988,03,15 
48.000, 1988,03,16 
53.000, 1988,03,17 
47.000, 1988,03,18 
48.000, 1988,03,19 
39.000, 1988,03,20 
25.000, 1988,03,21 
42.000, 1988,03,22 
48.000, 1988,03,23 
69.000, 1988,03,24 
53.000, 1988,03,25 
65.000, 1988,03,26 
59.000, 1988,03,27 
48.000, 1988,03,28 
49.000, 1988,03,29 
48.000, 1988,03,30 
51.000, 1988,03,31 
50.000, 1988,04,01 
55.000, 1988,04,02 
52.000, 1988,04,03 
60.000, 1988,04,04 
67.000, 1988,04,05 
43.000, 1988,04,06 
44.000, 1988,04,07 
43.000, 1988,04,08 
57.000, 1988,04,09 
64.000, 1988,04,10 
50.000, 1988,04,11 
43.000, 1988,04,12 
42.000, 1988,04,13 
45.000, 1988,04,14 
45.000, 1988,04,15 
48.000, 1988,04,16 
59.000, 1988,04,17 
55.000, 1988,04,18 
50.000, 1988,04,19 
50.000, 1988,04,20 
57.000, 1988,04,21 
56.000, 1988,04,22 
51.000, 1988,04,23 
51.000, 1988,04,24 
59.000, 1988,04,25 
64.000, 1988,04,26 
66.000, 1988,04,27 
52.000, 1988,04,28 
59.000, 1988,04,29 
50.000, 1988,04,30 
51.000, 1988,05,01 
46.000, 1988,05,02 
59.000, 1988,05,03 
73.000, 1988,05,04 
70.000, 1988,05,05 
56.000, 1988,05,06 
64.000, 1988,05,07 
52.000, 1988,05,08 
68.000, 1988,05,09 
56.000, 1988,05,10 
57.000, 1988,05,11 
64.000, 1988,05,12 
75.000, 1988,05,13 
62.000, 1988,05,14 
70.000, 1988,05,15 
66.000, 1988,05,16 
59.000, 1988,05,17 
55.000, 1988,05,18 
51.000, 1988,05,19 
58.000, 1988,05,20 
59.000, 1988,05,21 
69.000, 1988,05,22 
85.000, 1988,05,23 
81.000, 1988,05,24 
63.000, 1988,05,25 
66.000, 1988,05,26 
82.000, 1988,05,27 
85.000, 1988,05,28 
74.000, 1988,05,29 
65.000, 1988,05,30 
83.000, 1988,05,31 
70.000, 1988,06,01 
58.000, 1988,06,02 
60.000, 1988,06,03 
59.000, 1988,06,04 
81.000, 1988,06,05 
76.000, 1988,06,06 
76.000, 1988,06,07 
76.000, 1988,06,08 
60.000, 1988,06,09 
72.000, 1988,06,10 
74.000, 1988,06,11 
89.000, 1988,06,12 
94.000, 1988,06,13 
94.000, 1988,06,14 
98.000, 1988,06,15 
92.000, 1988,06,16 
75.000, 1988,06,17 
76.000, 1988,06,18 
88.000, 1988,06,19 
88.000, 1988,06,20 
93.000, 1988,06,21 
91.000, 1988,06,22 
86.000, 1988,06,23 
65.000, 1988,06,24 
73.000, 1988,06,25 
84.000, 1988,06,26 
66.000, 1988,06,27 
83.000, 1988,06,28 
69.000, 1988,06,29 
68.000, 1988,06,30 
67.000, 1988,07,01 
72.000, 1988,07,02 
82.000, 1988,07,03 
82.000, 1988,07,04 
84.000, 1988,07,05 
89.000, 1988,07,06 
90.000, 1988,07,07 
94.000, 1988,07,08 
90.000, 1988,07,09 
93.000, 1988,07,10 
99.000, 1988,07,11 
84.000, 1988,07,12 
81.000, 1988,07,13 
87.000, 1988,07,14 
77.000, 1988,07,15 
92.000, 1988,07,16 
93.000, 1988,07,17 
84.000, 1988,07,18 
77.000, 1988,07,19 
76.000, 1988,07,20 
67.000, 1988,07,21 
69.000, 1988,07,22 
73.000, 1988,07,23 
69.000, 1988,07,24 
79.000, 1988,07,25 
88.000, 1988,07,26 
78.000, 1988,07,27 
81.000, 1988,07,28 
83.000, 1988,07,29 
96.000, 1988,07,30 
84.000, 1988,07,31 
78.000, 1988,08,01 
88.000, 1988,08,02 
95.000, 1988,08,03 
92.000, 1988,08,04 
92.000, 1988,08,05 
91.000, 1988,08,06 
86.000, 1988,08,07 
89.000, 1988,08,08 
90.000, 1988,08,09 
93.000, 1988,08,10 
93.000, 1988,08,11 
95.000, 1988,08,12 
95.000, 1988,08,13 
92.000, 1988,08,14 
96.000, 1988,08,15 
81.000, 1988,08,16 
78.000, 1988,08,17 
78.000, 1988,08,18 
73.000, 1988,08,19 
77.000, 1988,08,20 
81.000, 1988,08,21 
70.000, 1988,08,22 
68.000, 1988,08,23 
67.000, 1988,08,24 
73.000, 1988,08,25 
86.000, 1988,08,26 
77.000, 1988,08,27 
88.000, 1988,08,28 
83.000, 1988,08,29 
75.000, 1988,08,30 
73.000, 1988,08,31 
73.000, 1988,09,01 
83.000, 1988,09,02 
80.000, 1988,09,03 
71.000, 1988,09,04 
81.000, 1988,09,05 
69.000, 1988,09,06 
73.000, 1988,09,07 
77.000, 1988,09,08 
68.000, 1988,09,09 
83.000, 1988,09,10 
73.000, 1988,09,11 
71.000, 1988,09,12 
73.000, 1988,09,13 
72.000, 1988,09,14 
65.000, 1988,09,15 
63.000, 1988,09,16 
72.000, 1988,09,17 
78.000, 1988,09,18 
78.000, 1988,09,19 
74.000, 1988,09,20 
79.000, 1988,09,21 
73.000, 1988,09,22 
77.000, 1988,09,23 
72.000, 1988,09,24 
64.000, 1988,09,25 
76.000, 1988,09,26 
72.000, 1988,09,27 
78.000, 1988,09,28 
57.000, 1988,09,29 
73.000, 1988,09,30 
83.000, 1988,10,01 
79.000, 1988,10,02 
66.000, 1988,10,03 
56.000, 1988,10,04 
51.000, 1988,10,05 
61.000, 1988,10,06 
53.000, 1988,10,07 
50.000, 1988,10,08 
53.000, 1988,10,09 
66.000, 1988,10,10 
64.000, 1988,10,11 
55.000, 1988,10,12 
51.000, 1988,10,13 
57.000, 1988,10,14 
61.000, 1988,10,15 
58.000, 1988,10,16 
64.000, 1988,10,17 
70.000, 1988,10,18 
57.000, 1988,10,19 
53.000, 1988,10,20 
52.000, 1988,10,21 
58.000, 1988,10,22 
51.000, 1988,10,23 
59.000, 1988,10,24 
57.000, 1988,10,25 
58.000, 1988,10,26 
57.000, 1988,10,27 
61.000, 1988,10,28 
53.000, 1988,10,29 
50.000, 1988,10,30 
44.000, 1988,10,31 
55.000, 1988,11,01 
55.000, 1988,11,02 
51.000, 1988,11,03 
62.000, 1988,11,04 
62.000, 1988,11,05 
67.000, 1988,11,06 
56.000, 1988,11,07 
54.000, 1988,11,08 
57.000, 1988,11,09 
60.000, 1988,11,10 
57.000, 1988,11,11 
46.000, 1988,11,12 
53.000, 1988,11,13 
60.000, 1988,11,14 
55.000, 1988,11,15 
57.000, 1988,11,16 
63.000, 1988,11,17 
51.000, 1988,11,18 
42.000, 1988,11,19 
49.000, 1988,11,20 
50.000, 1988,11,21 
47.000, 1988,11,22 
49.000, 1988,11,23 
41.000, 1988,11,24 
49.000, 1988,11,25 
62.000, 1988,11,26 
64.000, 1988,11,27 
63.000, 1988,11,28 
49.000, 1988,11,29 
51.000, 1988,11,30 
50.000, 1988,12,01 
40.000, 1988,12,02 
51.000, 1988,12,03 
48.000, 1988,12,04 
31.000, 1988,12,05 
45.000, 1988,12,06 
57.000, 1988,12,07 
47.000, 1988,12,08 
34.000, 1988,12,09 
32.000, 1988,12,10 
29.000, 1988,12,11 
20.000, 1988,12,12 
41.000, 1988,12,13 
41.000, 1988,12,14 
48.000, 1988,12,15 
25.000, 1988,12,16 
21.000, 1988,12,17 
27.000, 1988,12,18 
35.000, 1988,12,19 
53.000, 1988,12,20 
58.000, 1988,12,21 
41.000, 1988,12,22 
37.000, 1988,12,23 
42.000, 1988,12,24 
48.000, 1988,12,25 
36.000, 1988,12,26 
41.000, 1988,12,27 
60.000, 1988,12,28 
37.000, 1988,12,29 
37.000, 1988,12,30 
42.000, 1988,12,31 
33.000, 1989,01,01 
42.000, 1989,01,02 
38.000, 1989,01,03 
24.000, 1989,01,04 
23.000, 1989,01,05 
32.000, 1989,01,06 
33.000, 1989,01,07 
54.000, 1989,01,08 
47.000, 1989,01,09 
32.000, 1989,01,10 
38.000, 1989,01,11 
48.000, 1989,01,12 
48.000, 1989,01,13 
46.000, 1989,01,14 
53.000, 1989,01,15 
42.000, 1989,01,16 
45.000, 1989,01,17 
43.000, 1989,01,18 
48.000, 1989,01,19 
53.000, 1989,01,20 
35.000, 1989,01,21 
41.000, 1989,01,22 
48.000, 1989,01,23 
51.000, 1989,01,24 
40.000, 1989,01,25 
48.000, 1989,01,26 
46.000, 1989,01,27 
43.000, 1989,01,28 
53.000, 1989,01,29 
48.000, 1989,01,30 
46.000, 1989,01,31 
66.000, 1989,02,01 
52.000, 1989,02,02 
35.000, 1989,02,03 
21.000, 1989,02,04 
22.000, 1989,02,05 
35.000, 1989,02,06 
32.000, 1989,02,07 
35.000, 1989,02,08 
28.000, 1989,02,09 
27.000, 1989,02,10 
38.000, 1989,02,11 
41.000, 1989,02,12 
36.000, 1989,02,13 
54.000, 1989,02,14 
45.000, 1989,02,15 
39.000, 1989,02,16 
25.000, 1989,02,17 
25.000, 1989,02,18 
38.000, 1989,02,19 
45.000, 1989,02,20 
61.000, 1989,02,21 
55.000, 1989,02,22 
38.000, 1989,02,23 
32.000, 1989,02,24 
29.000, 1989,02,25 
30.000, 1989,02,26 
38.000, 1989,02,27 
34.000, 1989,02,28 
41.000, 1989,03,01 
37.000, 1989,03,02 
35.000, 1989,03,03 
32.000, 1989,03,04 
42.000, 1989,03,05 
39.000, 1989,03,06 
23.000, 1989,03,07 
24.000, 1989,03,08 
34.000, 1989,03,09 
37.000, 1989,03,10 
47.000, 1989,03,11 
37.000, 1989,03,12 
32.000, 1989,03,13 
53.000, 1989,03,14 
58.000, 1989,03,15 
51.000, 1989,03,16 
66.000, 1989,03,17 
42.000, 1989,03,18 
38.000, 1989,03,19 
44.000, 1989,03,20 
47.000, 1989,03,21 
37.000, 1989,03,22 
47.000, 1989,03,23 
42.000, 1989,03,24 
55.000, 1989,03,25 
59.000, 1989,03,26 
65.000, 1989,03,27 
81.000, 1989,03,28 
74.000, 1989,03,29 
42.000, 1989,03,30 
39.000, 1989,03,31 
48.000, 1989,04,01 
55.000, 1989,04,02 
51.000, 1989,04,03 
52.000, 1989,04,04 
60.000, 1989,04,05 
54.000, 1989,04,06 
58.000, 1989,04,07 
48.000, 1989,04,08 
48.000, 1989,04,09 
51.000, 1989,04,10 
50.000, 1989,04,11 
52.000, 1989,04,12 
50.000, 1989,04,13 
47.000, 1989,04,14 
53.000, 1989,04,15 
43.000, 1989,04,16 
58.000, 1989,04,17 
54.000, 1989,04,18 
48.000, 1989,04,19 
59.000, 1989,04,20 
53.000, 1989,04,21 
50.000, 1989,04,22 
51.000, 1989,04,23 
57.000, 1989,04,24 
61.000, 1989,04,25 
59.000, 1989,04,26 
66.000, 1989,04,27 
60.000, 1989,04,28 
62.000, 1989,04,29 
51.000, 1989,04,30 
52.000, 1989,05,01 
65.000, 1989,05,02 
60.000, 1989,05,03 
72.000, 1989,05,04 
65.000, 1989,05,05 
72.000, 1989,05,06 
68.000, 1989,05,07 
58.000, 1989,05,08 
58.000, 1989,05,09 
55.000, 1989,05,10 
52.000, 1989,05,11 
67.000, 1989,05,12 
59.000, 1989,05,13 
66.000, 1989,05,14 
68.000, 1989,05,15 
54.000, 1989,05,16 
66.000, 1989,05,17 
72.000, 1989,05,18 
61.000, 1989,05,19 
79.000, 1989,05,20 
80.000, 1989,05,21 
82.000, 1989,05,22 
76.000, 1989,05,23 
60.000, 1989,05,24 
71.000, 1989,05,25 
78.000, 1989,05,26 
80.000, 1989,05,27 
69.000, 1989,05,28 
79.000, 1989,05,29 
79.000, 1989,05,30 
67.000, 1989,05,31 
80.000, 1989,06,01 
82.000, 1989,06,02 
84.000, 1989,06,03 
83.000, 1989,06,04 
75.000, 1989,06,05 
63.000, 1989,06,06 
59.000, 1989,06,07 
64.000, 1989,06,08 
61.000, 1989,06,09 
73.000, 1989,06,10 
75.000, 1989,06,11 
81.000, 1989,06,12 
68.000, 1989,06,13 
67.000, 1989,06,14 
60.000, 1989,06,15 
59.000, 1989,06,16 
85.000, 1989,06,17 
82.000, 1989,06,18 
79.000, 1989,06,19 
80.000, 1989,06,20 
78.000, 1989,06,21 
86.000, 1989,06,22 
83.000, 1989,06,23 
68.000, 1989,06,24 
70.000, 1989,06,25 
82.000, 1989,06,26 
93.000, 1989,06,27 
81.000, 1989,06,28 
77.000, 1989,06,29 
82.000, 1989,06,30 
74.000, 1989,07,01 
90.000, 1989,07,02 
78.000, 1989,07,03 
75.000, 1989,07,04 
75.000, 1989,07,05 
74.000, 1989,07,06 
93.000, 1989,07,07 
73.000, 1989,07,08 
81.000, 1989,07,09 
80.000, 1989,07,10 
87.000, 1989,07,11 
86.000, 1989,07,12 
80.000, 1989,07,13 
77.000, 1989,07,14 
78.000, 1989,07,15 
79.000, 1989,07,16 
65.000, 1989,07,17 
81.000, 1989,07,18 
87.000, 1989,07,19 
78.000, 1989,07,20 
68.000, 1989,07,21 
83.000, 1989,07,22 
84.000, 1989,07,23 
84.000, 1989,07,24 
93.000, 1989,07,25 
96.000, 1989,07,26 
93.000, 1989,07,27 
87.000, 1989,07,28 
78.000, 1989,07,29 
83.000, 1989,07,30 
73.000, 1989,07,31 
71.000, 1989,08,01 
79.000, 1989,08,02 
84.000, 1989,08,03 
88.000, 1989,08,04 
90.000, 1989,08,05 
88.000, 1989,08,06 
84.000, 1989,08,07 
76.000, 1989,08,08 
76.000, 1989,08,09 
76.000, 1989,08,10 
69.000, 1989,08,11 
75.000, 1989,08,12 
76.000, 1989,08,13 
85.000, 1989,08,14 
82.000, 1989,08,15 
86.000, 1989,08,16 
76.000, 1989,08,17 
72.000, 1989,08,18 
72.000, 1989,08,19 
83.000, 1989,08,20 
87.000, 1989,08,21 
84.000, 1989,08,22 
86.000, 1989,08,23 
79.000, 1989,08,24 
72.000, 1989,08,25 
75.000, 1989,08,26 
72.000, 1989,08,27 
76.000, 1989,08,28 
71.000, 1989,08,29 
87.000, 1989,08,30 
78.000, 1989,08,31 
83.000, 1989,09,01 
82.000, 1989,09,02 
76.000, 1989,09,03 
68.000, 1989,09,04 
67.000, 1989,09,05 
68.000, 1989,09,06 
72.000, 1989,09,07 
75.000, 1989,09,08 
82.000, 1989,09,09 
86.000, 1989,09,10 
85.000, 1989,09,11 
73.000, 1989,09,12 
80.000, 1989,09,13 
76.000, 1989,09,14 
66.000, 1989,09,15 
67.000, 1989,09,16 
63.000, 1989,09,17 
67.000, 1989,09,18 
63.000, 1989,09,19 
74.000, 1989,09,20 
76.000, 1989,09,21 
83.000, 1989,09,22 
81.000, 1989,09,23 
62.000, 1989,09,24 
64.000, 1989,09,25 
63.000, 1989,09,26 
57.000, 1989,09,27 
65.000, 1989,09,28 
75.000, 1989,09,29 
69.000, 1989,09,30 
69.000, 1989,10,01 
65.000, 1989,10,02 
74.000, 1989,10,03 
57.000, 1989,10,04 
64.000, 1989,10,05 
68.000, 1989,10,06 
63.000, 1989,10,07 
57.000, 1989,10,08 
55.000, 1989,10,09 
53.000, 1989,10,10 
59.000, 1989,10,11 
65.000, 1989,10,12 
73.000, 1989,10,13 
68.000, 1989,10,14 
56.000, 1989,10,15 
66.000, 1989,10,16 
66.000, 1989,10,17 
46.000, 1989,10,18 
49.000, 1989,10,19 
68.000, 1989,10,20 
57.000, 1989,10,21 
54.000, 1989,10,22 
62.000, 1989,10,23 
69.000, 1989,10,24 
64.000, 1989,10,25 
67.000, 1989,10,26 
76.000, 1989,10,27 
74.000, 1989,10,28 
70.000, 1989,10,29 
76.000, 1989,10,30 
65.000, 1989,10,31 
65.000, 1989,11,01 
51.000, 1989,11,02 
50.000, 1989,11,03 
44.000, 1989,11,04 
51.000, 1989,11,05 
60.000, 1989,11,06 
55.000, 1989,11,07 
51.000, 1989,11,08 
66.000, 1989,11,09 
57.000, 1989,11,10 
54.000, 1989,11,11 
55.000, 1989,11,12 
48.000, 1989,11,13 
71.000, 1989,11,14 
63.000, 1989,11,15 
68.000, 1989,11,16 
45.000, 1989,11,17 
48.000, 1989,11,18 
37.000, 1989,11,19 
49.000, 1989,11,20 
47.000, 1989,11,21 
34.000, 1989,11,22 
29.000, 1989,11,23 
31.000, 1989,11,24 
44.000, 1989,11,25 
46.000, 1989,11,26 
41.000, 1989,11,27 
59.000, 1989,11,28 
37.000, 1989,11,29 
37.000, 1989,11,30 
28.000, 1989,12,01 
38.000, 1989,12,02 
38.000, 1989,12,03 
22.000, 1989,12,04 
30.000, 1989,12,05 
44.000, 1989,12,06 
44.000, 1989,12,07 
22.000, 1989,12,08 
25.000, 1989,12,09 
32.000, 1989,12,10 
36.000, 1989,12,11 
28.000, 1989,12,12 
30.000, 1989,12,13 
23.000, 1989,12,14 
30.000, 1989,12,15 
35.000, 1989,12,16 
29.000, 1989,12,17 
30.000, 1989,12,18 
28.000, 1989,12,19 
28.000, 1989,12,20 
20.000, 1989,12,21 
17.000, 1989,12,22 
20.000, 1989,12,23 
22.000, 1989,12,24 
27.000, 1989,12,25 
32.000, 1989,12,26 
19.000, 1989,12,27 
27.000, 1989,12,28 
22.000, 1989,12,29 
28.000, 1989,12,30 
53.000, 1989,12,31 
52.000, 1990,01,01 
40.000, 1990,01,02 
49.000, 1990,01,03 
48.000, 1990,01,04 
47.000, 1990,01,05 
41.000, 1990,01,06 
37.000, 1990,01,07 
42.000, 1990,01,08 
44.000, 1990,01,09 
44.000, 1990,01,10 
41.000, 1990,01,11 
44.000, 1990,01,12 
32.000, 1990,01,13 
26.000, 1990,01,14 
37.000, 1990,01,15 
47.000, 1990,01,16 
52.000, 1990,01,17 
63.000, 1990,01,18 
42.000, 1990,01,19 
35.000, 1990,01,20 
34.000, 1990,01,21 
33.000, 1990,01,22 
41.000, 1990,01,23 
47.000, 1990,01,24 
43.000, 1990,01,25 
57.000, 1990,01,26 
45.000, 1990,01,27 
53.000, 1990,01,28 
40.000, 1990,01,29 
45.000, 1990,01,30 
40.000, 1990,01,31 
53.000, 1990,02,01 
50.000, 1990,02,02 
32.000, 1990,02,03 
33.000, 1990,02,04 
29.000, 1990,02,05 
45.000, 1990,02,06 
47.000, 1990,02,07 
51.000, 1990,02,08 
61.000, 1990,02,09 
60.000, 1990,02,10 
42.000, 1990,02,11 
40.000, 1990,02,12 
46.000, 1990,02,13 
56.000, 1990,02,14 
34.000, 1990,02,15 
35.000, 1990,02,16 
43.000, 1990,02,17 
35.000, 1990,02,18 
50.000, 1990,02,19 
31.000, 1990,02,20 
47.000, 1990,02,21 
63.000, 1990,02,22 
65.000, 1990,02,23 
51.000, 1990,02,24 
29.000, 1990,02,25 
18.000, 1990,02,26 
32.000, 1990,02,27 
32.000, 1990,02,28 
36.000, 1990,03,01 
53.000, 1990,03,02 
50.000, 1990,03,03 
38.000, 1990,03,04 
35.000, 1990,03,05 
27.000, 1990,03,06 
32.000, 1990,03,07 
42.000, 1990,03,08 
45.000, 1990,03,09 
56.000, 1990,03,10 
67.000, 1990,03,11 
50.000, 1990,03,12 
73.000, 1990,03,13 
44.000, 1990,03,14 
72.000, 1990,03,15 
61.000, 1990,03,16 
70.000, 1990,03,17 
59.000, 1990,03,18 
54.000, 1990,03,19 
47.000, 1990,03,20 
48.000, 1990,03,21 
55.000, 1990,03,22 
64.000, 1990,03,23 
40.000, 1990,03,24 
46.000, 1990,03,25 
51.000, 1990,03,26 
37.000, 1990,03,27 
48.000, 1990,03,28 
37.000, 1990,03,29 
38.000, 1990,03,30 
39.000, 1990,03,31 
40.000, 1990,04,01 
42.000, 1990,04,02 
40.000, 1990,04,03 
48.000, 1990,04,04 
55.000, 1990,04,05 
53.000, 1990,04,06 
46.000, 1990,04,07 
47.000, 1990,04,08 
60.000, 1990,04,09 
61.000, 1990,04,10 
58.000, 1990,04,11 
48.000, 1990,04,12 
47.000, 1990,04,13 
55.000, 1990,04,14 
54.000, 1990,04,15 
65.000, 1990,04,16 
55.000, 1990,04,17 
50.000, 1990,04,18 
57.000, 1990,04,19 
61.000, 1990,04,20 
56.000, 1990,04,21 
55.000, 1990,04,22 
60.000, 1990,04,23 
52.000, 1990,04,24 
52.000, 1990,04,25 
60.000, 1990,04,26 
92.000, 1990,04,27 
90.000, 1990,04,28 
47.000, 1990,04,29 
48.000, 1990,04,30 
60.000, 1990,05,01 
68.000, 1990,05,02 
58.000, 1990,05,03 
66.000, 1990,05,04 
47.000, 1990,05,05 
61.000, 1990,05,06 
58.000, 1990,05,07 
57.000, 1990,05,08 
81.000, 1990,05,09 
75.000, 1990,05,10 
64.000, 1990,05,11 
67.000, 1990,05,12 
66.000, 1990,05,13 
68.000, 1990,05,14 
78.000, 1990,05,15 
62.000, 1990,05,16 
53.000, 1990,05,17 
57.000, 1990,05,18 
62.000, 1990,05,19 
52.000, 1990,05,20 
45.000, 1990,05,21 
52.000, 1990,05,22 
48.000, 1990,05,23 
53.000, 1990,05,24 
64.000, 1990,05,25 
67.000, 1990,05,26 
65.000, 1990,05,27 
75.000, 1990,05,28 
59.000, 1990,05,29 
66.000, 1990,05,30 
75.000, 1990,05,31 
83.000, 1990,06,01 
87.000, 1990,06,02 
79.000, 1990,06,03 
78.000, 1990,06,04 
71.000, 1990,06,05 
70.000, 1990,06,06 
83.000, 1990,06,07 
73.000, 1990,06,08 
70.000, 1990,06,09 
61.000, 1990,06,10 
58.000, 1990,06,11 
63.000, 1990,06,12 
75.000, 1990,06,13 
64.000, 1990,06,14 
68.000, 1990,06,15 
68.000, 1990,06,16 
82.000, 1990,06,17 
82.000, 1990,06,18 
81.000, 1990,06,19 
68.000, 1990,06,20 
64.000, 1990,06,21 
87.000, 1990,06,22 
79.000, 1990,06,23 
85.000, 1990,06,24 
81.000, 1990,06,25 
85.000, 1990,06,26 
84.000, 1990,06,27 
83.000, 1990,06,28 
68.000, 1990,06,29 
65.000, 1990,06,30 
72.000, 1990,07,01 
69.000, 1990,07,02 
86.000, 1990,07,03 
92.000, 1990,07,04 
89.000, 1990,07,05 
72.000, 1990,07,06 
79.000, 1990,07,07 
82.000, 1990,07,08 
89.000, 1990,07,09 
89.000, 1990,07,10 
76.000, 1990,07,11 
67.000, 1990,07,12 
71.000, 1990,07,13 
81.000, 1990,07,14 
89.000, 1990,07,15 
91.000, 1990,07,16 
90.000, 1990,07,17 
93.000, 1990,07,18 
93.000, 1990,07,19 
93.000, 1990,07,20 
85.000, 1990,07,21 
81.000, 1990,07,22 
88.000, 1990,07,23 
77.000, 1990,07,24 
71.000, 1990,07,25 
76.000, 1990,07,26 
74.000, 1990,07,27 
72.000, 1990,07,28 
73.000, 1990,07,29 
73.000, 1990,07,30 
78.000, 1990,07,31 
84.000, 1990,08,01 
87.000, 1990,08,02 
92.000, 1990,08,03 
86.000, 1990,08,04 
86.000, 1990,08,05 
79.000, 1990,08,06 
82.000, 1990,08,07 
76.000, 1990,08,08 
77.000, 1990,08,09 
76.000, 1990,08,10 
73.000, 1990,08,11 
89.000, 1990,08,12 
87.000, 1990,08,13 
82.000, 1990,08,14 
82.000, 1990,08,15 
83.000, 1990,08,16 
89.000, 1990,08,17 
90.000, 1990,08,18 
76.000, 1990,08,19 
68.000, 1990,08,20 
69.000, 1990,08,21 
70.000, 1990,08,22 
68.000, 1990,08,23 
71.000, 1990,08,24 
70.000, 1990,08,25 
83.000, 1990,08,26 
83.000, 1990,08,27 
88.000, 1990,08,28 
86.000, 1990,08,29 
77.000, 1990,08,30 
78.000, 1990,08,31 
80.000, 1990,09,01 
87.000, 1990,09,02 
72.000, 1990,09,03 
67.000, 1990,09,04 
80.000, 1990,09,05 
80.000, 1990,09,06 
81.000, 1990,09,07 
64.000, 1990,09,08 
67.000, 1990,09,09 
73.000, 1990,09,10 
83.000, 1990,09,11 
77.000, 1990,09,12 
75.000, 1990,09,13 
74.000, 1990,09,14 
79.000, 1990,09,15 
70.000, 1990,09,16 
60.000, 1990,09,17 
60.000, 1990,09,18 
65.000, 1990,09,19 
71.000, 1990,09,20 
65.000, 1990,09,21 
64.000, 1990,09,22 
70.000, 1990,09,23 
60.000, 1990,09,24 
70.000, 1990,09,25 
72.000, 1990,09,26 
71.000, 1990,09,27 
76.000, 1990,09,28 
80.000, 1990,09,29 
77.000, 1990,09,30 
67.000, 1990,10,01 
65.000, 1990,10,02 
69.000, 1990,10,03 
75.000, 1990,10,04 
72.000, 1990,10,05 
86.000, 1990,10,06 
85.000, 1990,10,07 
78.000, 1990,10,08 
70.000, 1990,10,09 
69.000, 1990,10,10 
64.000, 1990,10,11 
68.000, 1990,10,12 
73.000, 1990,10,13 
78.000, 1990,10,14 
78.000, 1990,10,15 
66.000, 1990,10,16 
70.000, 1990,10,17 
74.000, 1990,10,18 
61.000, 1990,10,19 
60.000, 1990,10,20 
63.000, 1990,10,21 
70.000, 1990,10,22 
64.000, 1990,10,23 
69.000, 1990,10,24 
54.000, 1990,10,25 
50.000, 1990,10,26 
49.000, 1990,10,27 
56.000, 1990,10,28 
49.000, 1990,10,29 
57.000, 1990,10,30 
58.000, 1990,10,31 
63.000, 1990,11,01 
74.000, 1990,11,02 
76.000, 1990,11,03 
77.000, 1990,11,04 
62.000, 1990,11,05 
59.000, 1990,11,06 
51.000, 1990,11,07 
47.000, 1990,11,08 
50.000, 1990,11,09 
62.000, 1990,11,10 
47.000, 1990,11,11 
45.000, 1990,11,12 
41.000, 1990,11,13 
47.000, 1990,11,14 
70.000, 1990,11,15 
75.000, 1990,11,16 
65.000, 1990,11,17 
45.000, 1990,11,18 
44.000, 1990,11,19 
52.000, 1990,11,20 
50.000, 1990,11,21 
45.000, 1990,11,22 
52.000, 1990,11,23 
52.000, 1990,11,24 
65.000, 1990,11,25 
51.000, 1990,11,26 
57.000, 1990,11,27 
74.000, 1990,11,28 
69.000, 1990,11,29 
41.000, 1990,11,30 
55.000, 1990,12,01 
57.000, 1990,12,02 
43.000, 1990,12,03 
61.000, 1990,12,04 
39.000, 1990,12,05 
44.000, 1990,12,06 
47.000, 1990,12,07 
45.000, 1990,12,08 
47.000, 1990,12,09 
53.000, 1990,12,10 
38.000, 1990,12,11 
41.000, 1990,12,12 
60.000, 1990,12,13 
42.000, 1990,12,14 
51.000, 1990,12,15 
43.000, 1990,12,16 
47.000, 1990,12,17 
61.000, 1990,12,18 
60.000, 1990,12,19 
39.000, 1990,12,20 
55.000, 1990,12,21 
62.000, 1990,12,22 
67.000, 1990,12,23 
60.000, 1990,12,24 
32.000, 1990,12,25 
37.000, 1990,12,26 
26.000, 1990,12,27 
38.000, 1990,12,28 
46.000, 1990,12,29 
59.000, 1990,12,30 
58.000, 1990,12,31 
32.000, 1991,01,01 
49.000, 1991,01,02 
40.000, 1991,01,03 
34.000, 1991,01,04 
37.000, 1991,01,05 
40.000, 1991,01,06 
34.000, 1991,01,07 
26.000, 1991,01,08 
31.000, 1991,01,09 
36.000, 1991,01,10 
27.000, 1991,01,11 
37.000, 1991,01,12 
29.000, 1991,01,13 
33.000, 1991,01,14 
43.000, 1991,01,15 
44.000, 1991,01,16 
48.000, 1991,01,17 
38.000, 1991,01,18 
38.000, 1991,01,19 
49.000, 1991,01,20 
37.000, 1991,01,21 
16.000, 1991,01,22 
33.000, 1991,01,23 
35.000, 1991,01,24 
24.000, 1991,01,25 
28.000, 1991,01,26 
36.000, 1991,01,27 
47.000, 1991,01,28 
46.000, 1991,01,29 
49.000, 1991,01,30 
40.000, 1991,01,31 
28.000, 1991,02,01 
51.000, 1991,02,02 
59.000, 1991,02,03 
64.000, 1991,02,04 
65.000, 1991,02,05 
54.000, 1991,02,06 
42.000, 1991,02,07 
47.000, 1991,02,08 
54.000, 1991,02,09 
48.000, 1991,02,10 
34.000, 1991,02,11 
24.000, 1991,02,12 
34.000, 1991,02,13 
50.000, 1991,02,14 
43.000, 1991,02,15 
24.000, 1991,02,16 
38.000, 1991,02,17 
35.000, 1991,02,18 
51.000, 1991,02,19 
59.000, 1991,02,20 
50.000, 1991,02,21 
62.000, 1991,02,22 
35.000, 1991,02,23 
37.000, 1991,02,24 
40.000, 1991,02,25 
34.000, 1991,02,26 
35.000, 1991,02,27 
42.000, 1991,02,28 
63.000, 1991,03,01 
65.000, 1991,03,02 
60.000, 1991,03,03 
44.000, 1991,03,04 
47.000, 1991,03,05 
50.000, 1991,03,06 
59.000, 1991,03,07 
40.000, 1991,03,08 
40.000, 1991,03,09 
37.000, 1991,03,10 
41.000, 1991,03,11 
47.000, 1991,03,12 
46.000, 1991,03,13 
41.000, 1991,03,14 
38.000, 1991,03,15 
51.000, 1991,03,16 
58.000, 1991,03,17 
51.000, 1991,03,18 
50.000, 1991,03,19 
53.000, 1991,03,20 
50.000, 1991,03,21 
39.000, 1991,03,22 
39.000, 1991,03,23 
39.000, 1991,03,24 
40.000, 1991,03,25 
49.000, 1991,03,26 
50.000, 1991,03,27 
79.000, 1991,03,28 
61.000, 1991,03,29 
45.000, 1991,03,30 
40.000, 1991,03,31 
42.000, 1991,04,01 
51.000, 1991,04,02 
54.000, 1991,04,03 
69.000, 1991,04,04 
75.000, 1991,04,05 
78.000, 1991,04,06 
86.000, 1991,04,07 
85.000, 1991,04,08 
85.000, 1991,04,09 
48.000, 1991,04,10 
55.000, 1991,04,11 
52.000, 1991,04,12 
52.000, 1991,04,13 
49.000, 1991,04,14 
51.000, 1991,04,15 
69.000, 1991,04,16 
45.000, 1991,04,17 
46.000, 1991,04,18 
49.000, 1991,04,19 
49.000, 1991,04,20 
51.000, 1991,04,21 
53.000, 1991,04,22 
68.000, 1991,04,23 
63.000, 1991,04,24 
64.000, 1991,04,25 
71.000, 1991,04,26 
80.000, 1991,04,27 
54.000, 1991,04,28 
65.000, 1991,04,29 
53.000, 1991,04,30 
72.000, 1991,05,01 
68.000, 1991,05,02 
61.000, 1991,05,03 
70.000, 1991,05,04 
63.000, 1991,05,05 
63.000, 1991,05,06 
66.000, 1991,05,07 
69.000, 1991,05,08 
60.000, 1991,05,09 
64.000, 1991,05,10 
72.000, 1991,05,11 
88.000, 1991,05,12 
84.000, 1991,05,13 
76.000, 1991,05,14 
64.000, 1991,05,15 
89.000, 1991,05,16 
86.000, 1991,05,17 
56.000, 1991,05,18 
63.000, 1991,05,19 
70.000, 1991,05,20 
84.000, 1991,05,21 
80.000, 1991,05,22 
61.000, 1991,05,23 
90.000, 1991,05,24 
89.000, 1991,05,25 
72.000, 1991,05,26 
81.000, 1991,05,27 
91.000, 1991,05,28 
82.000, 1991,05,29 
72.000, 1991,05,30 
66.000, 1991,05,31 
74.000, 1991,06,01 
83.000, 1991,06,02 
82.000, 1991,06,03 
63.000, 1991,06,04 
59.000, 1991,06,05 
76.000, 1991,06,06 
85.000, 1991,06,07 
89.000, 1991,06,08 
72.000, 1991,06,09 
90.000, 1991,06,10 
88.000, 1991,06,11 
85.000, 1991,06,12 
74.000, 1991,06,13 
80.000, 1991,06,14 
92.000, 1991,06,15 
71.000, 1991,06,16 
63.000, 1991,06,17 
66.000, 1991,06,18 
64.000, 1991,06,19 
92.000, 1991,06,20 
88.000, 1991,06,21 
72.000, 1991,06,22 
69.000, 1991,06,23 
73.000, 1991,06,24 
82.000, 1991,06,25 
90.000, 1991,06,26 
93.000, 1991,06,27 
97.000, 1991,06,28 
93.000, 1991,06,29 
71.000, 1991,06,30 
78.000, 1991,07,01 
80.000, 1991,07,02 
74.000, 1991,07,03 
70.000, 1991,07,04 
68.000, 1991,07,05 
71.000, 1991,07,06 
74.000, 1991,07,07 
92.000, 1991,07,08 
82.000, 1991,07,09 
84.000, 1991,07,10 
83.000, 1991,07,11 
86.000, 1991,07,12 
71.000, 1991,07,13 
80.000, 1991,07,14 
88.000, 1991,07,15 
90.000, 1991,07,16 
92.000, 1991,07,17 
97.000, 1991,07,18 
91.000, 1991,07,19 
99.000, 1991,07,20 
99.000, 1991,07,21 
81.000, 1991,07,22 
96.000, 1991,07,23 
90.000, 1991,07,24 
84.000, 1991,07,25 
75.000, 1991,07,26 
78.000, 1991,07,27 
79.000, 1991,07,28 
73.000, 1991,07,29 
73.000, 1991,07,30 
82.000, 1991,07,31 
91.000, 1991,08,01 
91.000, 1991,08,02 
79.000, 1991,08,03 
69.000, 1991,08,04 
82.000, 1991,08,05 
73.000, 1991,08,06 
79.000, 1991,08,07 
84.000, 1991,08,08 
77.000, 1991,08,09 
82.000, 1991,08,10 
83.000, 1991,08,11 
78.000, 1991,08,12 
90.000, 1991,08,13 
90.000, 1991,08,14 
80.000, 1991,08,15 
88.000, 1991,08,16 
93.000, 1991,08,17 
92.000, 1991,08,18 
76.000, 1991,08,19 
67.000, 1991,08,20 
66.000, 1991,08,21 
83.000, 1991,08,22 
88.000, 1991,08,23 
69.000, 1991,08,24 
67.000, 1991,08,25 
81.000, 1991,08,26 
89.000, 1991,08,27 
92.000, 1991,08,28 
81.000, 1991,08,29 
92.000, 1991,08,30 
86.000, 1991,08,31 
70.000, 1991,09,01 
72.000, 1991,09,02 
78.000, 1991,09,03 
85.000, 1991,09,04 
77.000, 1991,09,05 
68.000, 1991,09,06 
76.000, 1991,09,07 
82.000, 1991,09,08 
69.000, 1991,09,09 
83.000, 1991,09,10 
74.000, 1991,09,11 
71.000, 1991,09,12 
64.000, 1991,09,13 
62.000, 1991,09,14 
70.000, 1991,09,15 
90.000, 1991,09,16 
89.000, 1991,09,17 
75.000, 1991,09,18 
82.000, 1991,09,19 
62.000, 1991,09,20 
62.000, 1991,09,21 
66.000, 1991,09,22 
71.000, 1991,09,23 
72.000, 1991,09,24 
73.000, 1991,09,25 
63.000, 1991,09,26 
62.000, 1991,09,27 
60.000, 1991,09,28 
67.000, 1991,09,29 
53.000, 1991,09,30 
72.000, 1991,10,01 
80.000, 1991,10,02 
68.000, 1991,10,03 
77.000, 1991,10,04 
67.000, 1991,10,05 
71.000, 1991,10,06 
56.000, 1991,10,07 
62.000, 1991,10,08 
70.000, 1991,10,09 
69.000, 1991,10,10 
65.000, 1991,10,11 
60.000, 1991,10,12 
62.000, 1991,10,13 
57.000, 1991,10,14 
59.000, 1991,10,15 
65.000, 1991,10,16 
56.000, 1991,10,17 
72.000, 1991,10,18 
67.000, 1991,10,19 
50.000, 1991,10,20 
54.000, 1991,10,21 
69.000, 1991,10,22 
58.000, 1991,10,23 
66.000, 1991,10,24 
68.000, 1991,10,25 
75.000, 1991,10,26 
75.000, 1991,10,27 
63.000, 1991,10,28 
53.000, 1991,10,29 
54.000, 1991,10,30 
51.000, 1991,10,31 
51.000, 1991,11,01 
61.000, 1991,11,02 
60.000, 1991,11,03 
49.000, 1991,11,04 
45.000, 1991,11,05 
47.000, 1991,11,06 
51.000, 1991,11,07 
46.000, 1991,11,08 
41.000, 1991,11,09 
42.000, 1991,11,10 
42.000, 1991,11,11 
44.000, 1991,11,12 
44.000, 1991,11,13 
53.000, 1991,11,14 
55.000, 1991,11,15 
57.000, 1991,11,16 
43.000, 1991,11,17 
53.000, 1991,11,18 
68.000, 1991,11,19 
73.000, 1991,11,20 
66.000, 1991,11,21 
53.000, 1991,11,22 
50.000, 1991,11,23 
48.000, 1991,11,24 
44.000, 1991,11,25 
41.000, 1991,11,26 
38.000, 1991,11,27 
53.000, 1991,11,28 
53.000, 1991,11,29 
63.000, 1991,11,30 
64.000, 1991,12,01 
52.000, 1991,12,02 
43.000, 1991,12,03 
38.000, 1991,12,04 
28.000, 1991,12,05 
38.000, 1991,12,06 
46.000, 1991,12,07 
50.000, 1991,12,08 
61.000, 1991,12,09 
46.000, 1991,12,10 
53.000, 1991,12,11 
49.000, 1991,12,12 
60.000, 1991,12,13 
58.000, 1991,12,14 
42.000, 1991,12,15 
32.000, 1991,12,16 
32.000, 1991,12,17 
34.000, 1991,12,18 
26.000, 1991,12,19 
34.000, 1991,12,20 
42.000, 1991,12,21 
40.000, 1991,12,22 
45.000, 1991,12,23 
43.000, 1991,12,24 
31.000, 1991,12,25 
33.000, 1991,12,26 
42.000, 1991,12,27 
50.000, 1991,12,28 
49.000, 1991,12,29 
46.000, 1991,12,30 
37.000, 1991,12,31 
43.000, 1992,01,01 
44.000, 1992,01,02 
44.000, 1992,01,03 
45.000, 1992,01,04 
48.000, 1992,01,05 
47.000, 1992,01,06 
47.000, 1992,01,07 
38.000, 1992,01,08 
42.000, 1992,01,09 
43.000, 1992,01,10 
29.000, 1992,01,11 
32.000, 1992,01,12 
54.000, 1992,01,13 
58.000, 1992,01,14 
36.000, 1992,01,15 
20.000, 1992,01,16 
26.000, 1992,01,17 
27.000, 1992,01,18 
21.000, 1992,01,19 
21.000, 1992,01,20 
31.000, 1992,01,21 
29.000, 1992,01,22 
57.000, 1992,01,23 
57.000, 1992,01,24 
25.000, 1992,01,25 
27.000, 1992,01,26 
29.000, 1992,01,27 
32.000, 1992,01,28 
44.000, 1992,01,29 
43.000, 1992,01,30 
44.000, 1992,01,31 
36.000, 1992,02,01 
31.000, 1992,02,02 
35.000, 1992,02,03 
34.000, 1992,02,04 
32.000, 1992,02,05 
25.000, 1992,02,06 
37.000, 1992,02,07 
34.000, 1992,02,08 
30.000, 1992,02,09 
25.000, 1992,02,10 
44.000, 1992,02,11 
30.000, 1992,02,12 
36.000, 1992,02,13 
44.000, 1992,02,14 
43.000, 1992,02,15 
55.000, 1992,02,16 
53.000, 1992,02,17 
43.000, 1992,02,18 
48.000, 1992,02,19 
50.000, 1992,02,20 
48.000, 1992,02,21 
43.000, 1992,02,22 
48.000, 1992,02,23 
39.000, 1992,02,24 
37.000, 1992,02,25 
43.000, 1992,02,26 
44.000, 1992,02,27 
45.000, 1992,02,28 
47.000, 1992,02,29 
41.000, 1992,03,01 
32.000, 1992,03,02 
35.000, 1992,03,03 
37.000, 1992,03,04 
61.000, 1992,03,05 
47.000, 1992,03,06 
44.000, 1992,03,07 
45.000, 1992,03,08 
41.000, 1992,03,09 
54.000, 1992,03,10 
57.000, 1992,03,11 
36.000, 1992,03,12 
32.000, 1992,03,13 
33.000, 1992,03,14 
32.000, 1992,03,15 
34.000, 1992,03,16 
44.000, 1992,03,17 
42.000, 1992,03,18 
35.000, 1992,03,19 
41.000, 1992,03,20 
35.000, 1992,03,21 
31.000, 1992,03,22 
34.000, 1992,03,23 
40.000, 1992,03,24 
45.000, 1992,03,25 
55.000, 1992,03,26 
58.000, 1992,03,27 
47.000, 1992,03,28 
51.000, 1992,03,29 
57.000, 1992,03,30 
45.000, 1992,03,31 
56.000, 1992,04,01 
45.000, 1992,04,02 
47.000, 1992,04,03 
50.000, 1992,04,04 
50.000, 1992,04,05 
56.000, 1992,04,06 
55.000, 1992,04,07 
63.000, 1992,04,08 
60.000, 1992,04,09 
67.000, 1992,04,10 
47.000, 1992,04,11 
59.000, 1992,04,12 
45.000, 1992,04,13 
54.000, 1992,04,14 
53.000, 1992,04,15 
44.000, 1992,04,16 
40.000, 1992,04,17 
42.000, 1992,04,18 
48.000, 1992,04,19 
64.000, 1992,04,20 
75.000, 1992,04,21 
69.000, 1992,04,22 
76.000, 1992,04,23 
50.000, 1992,04,24 
41.000, 1992,04,25 
44.000, 1992,04,26 
50.000, 1992,04,27 
56.000, 1992,04,28 
52.000, 1992,04,29 
64.000, 1992,04,30 
63.000, 1992,05,01 
70.000, 1992,05,02 
69.000, 1992,05,03 
60.000, 1992,05,04 
47.000, 1992,05,05 
48.000, 1992,05,06 
49.000, 1992,05,07 
49.000, 1992,05,08 
54.000, 1992,05,09 
66.000, 1992,05,10 
52.000, 1992,05,11 
52.000, 1992,05,12 
57.000, 1992,05,13 
73.000, 1992,05,14 
56.000, 1992,05,15 
55.000, 1992,05,16 
65.000, 1992,05,17 
79.000, 1992,05,18 
58.000, 1992,05,19 
74.000, 1992,05,20 
82.000, 1992,05,21 
88.000, 1992,05,22 
92.000, 1992,05,23 
74.000, 1992,05,24 
53.000, 1992,05,25 
52.000, 1992,05,26 
53.000, 1992,05,27 
68.000, 1992,05,28 
71.000, 1992,05,29 
73.000, 1992,05,30 
65.000, 1992,05,31 
53.000, 1992,06,01 
69.000, 1992,06,02 
82.000, 1992,06,03 
81.000, 1992,06,04 
60.000, 1992,06,05 
74.000, 1992,06,06 
83.000, 1992,06,07 
87.000, 1992,06,08 
79.000, 1992,06,09 
72.000, 1992,06,10 
68.000, 1992,06,11 
84.000, 1992,06,12 
86.000, 1992,06,13 
87.000, 1992,06,14 
69.000, 1992,06,15 
75.000, 1992,06,16 
75.000, 1992,06,17 
80.000, 1992,06,18 
79.000, 1992,06,19 
80.000, 1992,06,20 
80.000, 1992,06,21 
71.000, 1992,06,22 
74.000, 1992,06,23 
68.000, 1992,06,24 
75.000, 1992,06,25 
81.000, 1992,06,26 
77.000, 1992,06,27 
80.000, 1992,06,28 
87.000, 1992,06,29 
84.000, 1992,06,30 
75.000, 1992,07,01 
68.000, 1992,07,02 
66.000, 1992,07,03 
62.000, 1992,07,04 
73.000, 1992,07,05 
74.000, 1992,07,06 
78.000, 1992,07,07 
80.000, 1992,07,08 
87.000, 1992,07,09 
85.000, 1992,07,10 
86.000, 1992,07,11 
84.000, 1992,07,12 
87.000, 1992,07,13 
80.000, 1992,07,14 
67.000, 1992,07,15 
67.000, 1992,07,16 
72.000, 1992,07,17 
89.000, 1992,07,18 
83.000, 1992,07,19 
87.000, 1992,07,20 
85.000, 1992,07,21 
71.000, 1992,07,22 
67.000, 1992,07,23 
74.000, 1992,07,24 
77.000, 1992,07,25 
80.000, 1992,07,26 
76.000, 1992,07,27 
80.000, 1992,07,28 
86.000, 1992,07,29 
81.000, 1992,07,30 
73.000, 1992,07,31 
76.000, 1992,08,01 
85.000, 1992,08,02 
84.000, 1992,08,03 
82.000, 1992,08,04 
80.000, 1992,08,05 
84.000, 1992,08,06 
82.000, 1992,08,07 
78.000, 1992,08,08 
70.000, 1992,08,09 
74.000, 1992,08,10 
91.000, 1992,08,11 
73.000, 1992,08,12 
71.000, 1992,08,13 
66.000, 1992,08,14 
65.000, 1992,08,15 
61.000, 1992,08,16 
63.000, 1992,08,17 
69.000, 1992,08,18 
82.000, 1992,08,19 
75.000, 1992,08,20 
80.000, 1992,08,21 
81.000, 1992,08,22 
76.000, 1992,08,23 
85.000, 1992,08,24 
89.000, 1992,08,25 
80.000, 1992,08,26 
86.000, 1992,08,27 
85.000, 1992,08,28 
82.000, 1992,08,29 
81.000, 1992,08,30 
81.000, 1992,08,31 
73.000, 1992,09,01 
74.000, 1992,09,02 
62.000, 1992,09,03 
65.000, 1992,09,04 
70.000, 1992,09,05 
67.000, 1992,09,06 
70.000, 1992,09,07 
78.000, 1992,09,08 
85.000, 1992,09,09 
84.000, 1992,09,10 
77.000, 1992,09,11 
64.000, 1992,09,12 
64.000, 1992,09,13 
75.000, 1992,09,14 
78.000, 1992,09,15 
84.000, 1992,09,16 
85.000, 1992,09,17 
84.000, 1992,09,18 
74.000, 1992,09,19 
65.000, 1992,09,20 
76.000, 1992,09,21 
84.000, 1992,09,22 
66.000, 1992,09,23 
55.000, 1992,09,24 
60.000, 1992,09,25 
61.000, 1992,09,26 
77.000, 1992,09,27 
75.000, 1992,09,28 
66.000, 1992,09,29 
53.000, 1992,09,30 
53.000, 1992,10,01 
71.000, 1992,10,02 
78.000, 1992,10,03 
71.000, 1992,10,04 
53.000, 1992,10,05 
54.000, 1992,10,06 
72.000, 1992,10,07 
61.000, 1992,10,08 
70.000, 1992,10,09 
73.000, 1992,10,10 
62.000, 1992,10,11 
66.000, 1992,10,12 
63.000, 1992,10,13 
59.000, 1992,10,14 
62.000, 1992,10,15 
65.000, 1992,10,16 
65.000, 1992,10,17 
50.000, 1992,10,18 
49.000, 1992,10,19 
51.000, 1992,10,20 
50.000, 1992,10,21 
52.000, 1992,10,22 
62.000, 1992,10,23 
66.000, 1992,10,24 
54.000, 1992,10,25 
55.000, 1992,10,26 
55.000, 1992,10,27 
58.000, 1992,10,28 
60.000, 1992,10,29 
56.000, 1992,10,30 
49.000, 1992,10,31 
45.000, 1992,11,01 
43.000, 1992,11,02 
49.000, 1992,11,03 
55.000, 1992,11,04 
58.000, 1992,11,05 
51.000, 1992,11,06 
44.000, 1992,11,07 
40.000, 1992,11,08 
40.000, 1992,11,09 
43.000, 1992,11,10 
55.000, 1992,11,11 
59.000, 1992,11,12 
64.000, 1992,11,13 
47.000, 1992,11,14 
48.000, 1992,11,15 
41.000, 1992,11,16 
39.000, 1992,11,17 
35.000, 1992,11,18 
40.000, 1992,11,19 
40.000, 1992,11,20 
59.000, 1992,11,21 
61.000, 1992,11,22 
63.000, 1992,11,23 
45.000, 1992,11,24 
46.000, 1992,11,25 
58.000, 1992,11,26 
59.000, 1992,11,27 
50.000, 1992,11,28 
49.000, 1992,11,29 
45.000, 1992,11,30 
50.000, 1992,12,01 
48.000, 1992,12,02 
45.000, 1992,12,03 
43.000, 1992,12,04 
35.000, 1992,12,05 
35.000, 1992,12,06 
42.000, 1992,12,07 
31.000, 1992,12,08 
30.000, 1992,12,09 
39.000, 1992,12,10 
43.000, 1992,12,11 
39.000, 1992,12,12 
41.000, 1992,12,13 
38.000, 1992,12,14 
40.000, 1992,12,15 
45.000, 1992,12,16 
56.000, 1992,12,17 
46.000, 1992,12,18 
43.000, 1992,12,19 
48.000, 1992,12,20 
34.000, 1992,12,21 
43.000, 1992,12,22 
44.000, 1992,12,23 
39.000, 1992,12,24 
42.000, 1992,12,25 
36.000, 1992,12,26 
25.000, 1992,12,27 
38.000, 1992,12,28 
47.000, 1992,12,29 
43.000, 1992,12,30 
53.000, 1992,12,31 
49.000, 1993,01,01 
32.000, 1993,01,02 
43.000, 1993,01,03 
61.000, 1993,01,04 
62.000, 1993,01,05 
39.000, 1993,01,06 
43.000, 1993,01,07 
44.000, 1993,01,08 
34.000, 1993,01,09 
22.000, 1993,01,10 
32.000, 1993,01,11 
35.000, 1993,01,12 
36.000, 1993,01,13 
25.000, 1993,01,14 
33.000, 1993,01,15 
40.000, 1993,01,16 
35.000, 1993,01,17 
35.000, 1993,01,18 
26.000, 1993,01,19 
42.000, 1993,01,20 
40.000, 1993,01,21 
48.000, 1993,01,22 
52.000, 1993,01,23 
54.000, 1993,01,24 
54.000, 1993,01,25 
34.000, 1993,01,26 
37.000, 1993,01,27 
37.000, 1993,01,28 
44.000, 1993,01,29 
30.000, 1993,01,30 
24.000, 1993,01,31 
20.000, 1993,02,01 
25.000, 1993,02,02 
39.000, 1993,02,03 
38.000, 1993,02,04 
50.000, 1993,02,05 
33.000, 1993,02,06 
26.000, 1993,02,07 
42.000, 1993,02,08 
26.000, 1993,02,09 
48.000, 1993,02,10 
45.000, 1993,02,11 
39.000, 1993,02,12 
42.000, 1993,02,13 
40.000, 1993,02,14 
40.000, 1993,02,15 
51.000, 1993,02,16 
50.000, 1993,02,17 
29.000, 1993,02,18 
26.000, 1993,02,19 
29.000, 1993,02,20 
34.000, 1993,02,21 
36.000, 1993,02,22 
35.000, 1993,02,23 
27.000, 1993,02,24 
24.000, 1993,02,25 
30.000, 1993,02,26 
27.000, 1993,02,27 
33.000, 1993,02,28 
44.000, 1993,03,01 
43.000, 1993,03,02 
48.000, 1993,03,03 
40.000, 1993,03,04 
37.000, 1993,03,05 
41.000, 1993,03,06 
47.000, 1993,03,07 
49.000, 1993,03,08 
45.000, 1993,03,09 
42.000, 1993,03,10 
41.000, 1993,03,11 
32.000, 1993,03,12 
36.000, 1993,03,13 
41.000, 1993,03,14 
28.000, 1993,03,15 
43.000, 1993,03,16 
52.000, 1993,03,17 
30.000, 1993,03,18 
28.000, 1993,03,19 
42.000, 1993,03,20 
42.000, 1993,03,21 
49.000, 1993,03,22 
41.000, 1993,03,23 
36.000, 1993,03,24 
41.000, 1993,03,25 
57.000, 1993,03,26 
60.000, 1993,03,27 
53.000, 1993,03,28 
50.000, 1993,03,29 
50.000, 1993,03,30 
52.000, 1993,03,31 
42.000, 1993,04,01 
38.000, 1993,04,02 
45.000, 1993,04,03 
43.000, 1993,04,04 
53.000, 1993,04,05 
47.000, 1993,04,06 
49.000, 1993,04,07 
53.000, 1993,04,08 
49.000, 1993,04,09 
52.000, 1993,04,10 
58.000, 1993,04,11 
51.000, 1993,04,12 
52.000, 1993,04,13 
50.000, 1993,04,14 
49.000, 1993,04,15 
70.000, 1993,04,16 
66.000, 1993,04,17 
54.000, 1993,04,18 
73.000, 1993,04,19 
71.000, 1993,04,20 
70.000, 1993,04,21 
54.000, 1993,04,22 
49.000, 1993,04,23 
68.000, 1993,04,24 
73.000, 1993,04,25 
71.000, 1993,04,26 
47.000, 1993,04,27 
52.000, 1993,04,28 
56.000, 1993,04,29 
53.000, 1993,04,30 
60.000, 1993,05,01 
70.000, 1993,05,02 
51.000, 1993,05,03 
65.000, 1993,05,04 
77.000, 1993,05,05 
80.000, 1993,05,06 
65.000, 1993,05,07 
70.000, 1993,05,08 
82.000, 1993,05,09 
56.000, 1993,05,10 
91.000, 1993,05,11 
70.000, 1993,05,12 
62.000, 1993,05,13 
58.000, 1993,05,14 
73.000, 1993,05,15 
77.000, 1993,05,16 
70.000, 1993,05,17 
60.000, 1993,05,18 
51.000, 1993,05,19 
52.000, 1993,05,20 
70.000, 1993,05,21 
64.000, 1993,05,22 
72.000, 1993,05,23 
76.000, 1993,05,24 
84.000, 1993,05,25 
70.000, 1993,05,26 
69.000, 1993,05,27 
73.000, 1993,05,28 
71.000, 1993,05,29 
76.000, 1993,05,30 
62.000, 1993,05,31 
72.000, 1993,06,01 
72.000, 1993,06,02 
77.000, 1993,06,03 
75.000, 1993,06,04 
68.000, 1993,06,05 
57.000, 1993,06,06 
77.000, 1993,06,07 
80.000, 1993,06,08 
71.000, 1993,06,09 
88.000, 1993,06,10 
82.000, 1993,06,11 
60.000, 1993,06,12 
86.000, 1993,06,13 
90.000, 1993,06,14 
83.000, 1993,06,15 
81.000, 1993,06,16 
74.000, 1993,06,17 
92.000, 1993,06,18 
89.000, 1993,06,19 
73.000, 1993,06,20 
85.000, 1993,06,21 
85.000, 1993,06,22 
81.000, 1993,06,23 
73.000, 1993,06,24 
89.000, 1993,06,25 
93.000, 1993,06,26 
82.000, 1993,06,27 
92.000, 1993,06,28 
84.000, 1993,06,29 
83.000, 1993,06,30 
72.000, 1993,07,01 
67.000, 1993,07,02 
69.000, 1993,07,03 
90.000, 1993,07,04 
76.000, 1993,07,05 
92.000, 1993,07,06 
99.000, 1993,07,07 
88.000, 1993,07,08 
96.000, 1993,07,09 
99.000, 1993,07,10 
92.000, 1993,07,11 
85.000, 1993,07,12 
91.000, 1993,07,13 
86.000, 1993,07,14 
88.000, 1993,07,15 
84.000, 1993,07,16 
82.000, 1993,07,17 
81.000, 1993,07,18 
82.000, 1993,07,19 
85.000, 1993,07,20 
90.000, 1993,07,21 
82.000, 1993,07,22 
81.000, 1993,07,23 
84.000, 1993,07,24 
74.000, 1993,07,25 
71.000, 1993,07,26 
72.000, 1993,07,27 
84.000, 1993,07,28 
82.000, 1993,07,29 
86.000, 1993,07,30 
81.000, 1993,07,31 
81.000, 1993,08,01 
89.000, 1993,08,02 
92.000, 1993,08,03 
86.000, 1993,08,04 
80.000, 1993,08,05 
75.000, 1993,08,06 
72.000, 1993,08,07 
78.000, 1993,08,08 
79.000, 1993,08,09 
82.000, 1993,08,10 
75.000, 1993,08,11 
74.000, 1993,08,12 
75.000, 1993,08,13 
82.000, 1993,08,14 
79.000, 1993,08,15 
77.000, 1993,08,16 
77.000, 1993,08,17 
75.000, 1993,08,18 
75.000, 1993,08,19 
84.000, 1993,08,20 
75.000, 1993,08,21 
70.000, 1993,08,22 
78.000, 1993,08,23 
84.000, 1993,08,24 
92.000, 1993,08,25 
95.000, 1993,08,26 
96.000, 1993,08,27 
96.000, 1993,08,28 
79.000, 1993,08,29 
80.000, 1993,08,30 
87.000, 1993,08,31 
84.000, 1993,09,01 
72.000, 1993,09,02 
93.000, 1993,09,03 
80.000, 1993,09,04 
75.000, 1993,09,05 
74.000, 1993,09,06 
70.000, 1993,09,07 
70.000, 1993,09,08 
73.000, 1993,09,09 
77.000, 1993,09,10 
70.000, 1993,09,11 
71.000, 1993,09,12 
84.000, 1993,09,13 
86.000, 1993,09,14 
91.000, 1993,09,15 
72.000, 1993,09,16 
60.000, 1993,09,17 
65.000, 1993,09,18 
69.000, 1993,09,19 
63.000, 1993,09,20 
60.000, 1993,09,21 
62.000, 1993,09,22 
72.000, 1993,09,23 
68.000, 1993,09,24 
72.000, 1993,09,25 
68.000, 1993,09,26 
76.000, 1993,09,27 
70.000, 1993,09,28 
65.000, 1993,09,29 
54.000, 1993,09,30 
62.000, 1993,10,01 
74.000, 1993,10,02 
63.000, 1993,10,03 
72.000, 1993,10,04 
60.000, 1993,10,05 
63.000, 1993,10,06 
73.000, 1993,10,07 
77.000, 1993,10,08 
67.000, 1993,10,09 
58.000, 1993,10,10 
47.000, 1993,10,11 
54.000, 1993,10,12 
53.000, 1993,10,13 
52.000, 1993,10,14 
54.000, 1993,10,15 
57.000, 1993,10,16 
57.000, 1993,10,17 
70.000, 1993,10,18 
60.000, 1993,10,19 
51.000, 1993,10,20 
70.000, 1993,10,21 
61.000, 1993,10,22 
57.000, 1993,10,23 
66.000, 1993,10,24 
65.000, 1993,10,25 
50.000, 1993,10,26 
52.000, 1993,10,27 
56.000, 1993,10,28 
60.000, 1993,10,29 
53.000, 1993,10,30 
49.000, 1993,10,31 
53.000, 1993,11,01 
49.000, 1993,11,02 
53.000, 1993,11,03 
55.000, 1993,11,04 
59.000, 1993,11,05 
62.000, 1993,11,06 
46.000, 1993,11,07 
47.000, 1993,11,08 
50.000, 1993,11,09 
55.000, 1993,11,10 
56.000, 1993,11,11 
56.000, 1993,11,12 
51.000, 1993,11,13 
71.000, 1993,11,14 
78.000, 1993,11,15 
58.000, 1993,11,16 
55.000, 1993,11,17 
53.000, 1993,11,18 
55.000, 1993,11,19 
56.000, 1993,11,20 
45.000, 1993,11,21 
62.000, 1993,11,22 
50.000, 1993,11,23 
57.000, 1993,11,24 
32.000, 1993,11,25 
46.000, 1993,11,26 
50.000, 1993,11,27 
62.000, 1993,11,28 
54.000, 1993,11,29 
44.000, 1993,11,30 
38.000, 1993,12,01 
43.000, 1993,12,02 
55.000, 1993,12,03 
46.000, 1993,12,04 
48.000, 1993,12,05 
43.000, 1993,12,06 
51.000, 1993,12,07 
43.000, 1993,12,08 
42.000, 1993,12,09 
53.000, 1993,12,10 
53.000, 1993,12,11 
40.000, 1993,12,12 
43.000, 1993,12,13 
43.000, 1993,12,14 
45.000, 1993,12,15 
42.000, 1993,12,16 
44.000, 1993,12,17 
41.000, 1993,12,18 
40.000, 1993,12,19 
43.000, 1993,12,20 
56.000, 1993,12,21 
43.000, 1993,12,22 
35.000, 1993,12,23 
34.000, 1993,12,24 
38.000, 1993,12,25 
29.000, 1993,12,26 
18.000, 1993,12,27 
30.000, 1993,12,28 
24.000, 1993,12,29 
29.000, 1993,12,30 
32.000, 1993,12,31 
47.000, 1994,01,01 
49.000, 1994,01,02 
33.000, 1994,01,03 
33.000, 1994,01,04 
30.000, 1994,01,05 
18.000, 1994,01,06 
21.000, 1994,01,07 
35.000, 1994,01,08 
28.000, 1994,01,09 
22.000, 1994,01,10 
34.000, 1994,01,11 
33.000, 1994,01,12 
37.000, 1994,01,13 
35.000, 1994,01,14 
27.000, 1994,01,15 
7.000, 1994,01,16 
47.000, 1994,01,17 
46.000, 1994,01,18 
11.000, 1994,01,19 
15.000, 1994,01,20 
22.000, 1994,01,21 
29.000, 1994,01,22 
21.000, 1994,01,23 
42.000, 1994,01,24 
37.000, 1994,01,25 
24.000, 1994,01,26 
19.000, 1994,01,27 
54.000, 1994,01,28 
48.000, 1994,01,29 
31.000, 1994,01,30 
26.000, 1994,01,31 
24.000, 1994,02,01 
25.000, 1994,02,02 
34.000, 1994,02,03 
30.000, 1994,02,04 
44.000, 1994,02,05 
39.000, 1994,02,06 
38.000, 1994,02,07 
18.000, 1994,02,08 
23.000, 1994,02,09 
19.000, 1994,02,10 
28.000, 1994,02,11 
31.000, 1994,02,12 
37.000, 1994,02,13 
29.000, 1994,02,14 
28.000, 1994,02,15 
32.000, 1994,02,16 
40.000, 1994,02,17 
50.000, 1994,02,18 
52.000, 1994,02,19 
62.000, 1994,02,20 
50.000, 1994,02,21 
46.000, 1994,02,22 
31.000, 1994,02,23 
35.000, 1994,02,24 
30.000, 1994,02,25 
26.000, 1994,02,26 
26.000, 1994,02,27 
29.000, 1994,02,28 
34.000, 1994,03,01 
30.000, 1994,03,02 
35.000, 1994,03,03 
42.000, 1994,03,04 
44.000, 1994,03,05 
34.000, 1994,03,06 
39.000, 1994,03,07 
45.000, 1994,03,08 
36.000, 1994,03,09 
52.000, 1994,03,10 
42.000, 1994,03,11 
41.000, 1994,03,12 
49.000, 1994,03,13 
49.000, 1994,03,14 
44.000, 1994,03,15 
49.000, 1994,03,16 
36.000, 1994,03,17 
40.000, 1994,03,18 
44.000, 1994,03,19 
46.000, 1994,03,20 
42.000, 1994,03,21 
47.000, 1994,03,22 
67.000, 1994,03,23 
53.000, 1994,03,24 
53.000, 1994,03,25 
53.000, 1994,03,26 
47.000, 1994,03,27 
50.000, 1994,03,28 
46.000, 1994,03,29 
49.000, 1994,03,30 
54.000, 1994,03,31 
58.000, 1994,04,01 
41.000, 1994,04,02 
63.000, 1994,04,03 
51.000, 1994,04,04 
63.000, 1994,04,05 
62.000, 1994,04,06 
59.000, 1994,04,07 
54.000, 1994,04,08 
56.000, 1994,04,09 
59.000, 1994,04,10 
60.000, 1994,04,11 
58.000, 1994,04,12 
59.000, 1994,04,13 
63.000, 1994,04,14 
68.000, 1994,04,15 
64.000, 1994,04,16 
56.000, 1994,04,17 
57.000, 1994,04,18 
73.000, 1994,04,19 
60.000, 1994,04,20 
55.000, 1994,04,21 
57.000, 1994,04,22 
61.000, 1994,04,23 
78.000, 1994,04,24 
46.000, 1994,04,25 
46.000, 1994,04,26 
88.000, 1994,04,27 
69.000, 1994,04,28 
58.000, 1994,04,29 
73.000, 1994,04,30 
66.000, 1994,05,01 
63.000, 1994,05,02 
68.000, 1994,05,03 
70.000, 1994,05,04 
55.000, 1994,05,05 
55.000, 1994,05,06 
73.000, 1994,05,07 
57.000, 1994,05,08 
75.000, 1994,05,09 
69.000, 1994,05,10 
66.000, 1994,05,11 
67.000, 1994,05,12 
59.000, 1994,05,13 
73.000, 1994,05,14 
74.000, 1994,05,15 
51.000, 1994,05,16 
51.000, 1994,05,17 
53.000, 1994,05,18 
50.000, 1994,05,19 
57.000, 1994,05,20 
73.000, 1994,05,21 
83.000, 1994,05,22 
82.000, 1994,05,23 
62.000, 1994,05,24 
79.000, 1994,05,25 
68.000, 1994,05,26 
64.000, 1994,05,27 
73.000, 1994,05,28 
82.000, 1994,05,29 
85.000, 1994,05,30 
86.000, 1994,05,31 
87.000, 1994,06,01 
65.000, 1994,06,02 
79.000, 1994,06,03 
82.000, 1994,06,04 
85.000, 1994,06,05 
78.000, 1994,06,06 
85.000, 1994,06,07 
74.000, 1994,06,08 
81.000, 1994,06,09 
72.000, 1994,06,10 
80.000, 1994,06,11 
72.000, 1994,06,12 
85.000, 1994,06,13 
81.000, 1994,06,14 
76.000, 1994,06,15 
74.000, 1994,06,16 
94.000, 1994,06,17 
89.000, 1994,06,18 
95.000, 1994,06,19 
85.000, 1994,06,20 
74.000, 1994,06,21 
88.000, 1994,06,22 
87.000, 1994,06,23 
74.000, 1994,06,24 
77.000, 1994,06,25 
89.000, 1994,06,26 
90.000, 1994,06,27 
89.000, 1994,06,28 
84.000, 1994,06,29 
85.000, 1994,06,30 
88.000, 1994,07,01 
90.000, 1994,07,02 
79.000, 1994,07,03 
79.000, 1994,07,04 
86.000, 1994,07,05 
90.000, 1994,07,06 
86.000, 1994,07,07 
75.000, 1994,07,08 
74.000, 1994,07,09 
92.000, 1994,07,10 
81.000, 1994,07,11 
90.000, 1994,07,12 
95.000, 1994,07,13 
81.000, 1994,07,14 
67.000, 1994,07,15 
90.000, 1994,07,16 
77.000, 1994,07,17 
73.000, 1994,07,18 
90.000, 1994,07,19 
95.000, 1994,07,20 
97.000, 1994,07,21 
94.000, 1994,07,22 
92.000, 1994,07,23 
90.000, 1994,07,24 
91.000, 1994,07,25 
90.000, 1994,07,26 
86.000, 1994,07,27 
87.000, 1994,07,28 
88.000, 1994,07,29 
90.000, 1994,07,30 
87.000, 1994,07,31 
85.000, 1994,08,01 
88.000, 1994,08,02 
87.000, 1994,08,03 
92.000, 1994,08,04 
90.000, 1994,08,05 
69.000, 1994,08,06 
72.000, 1994,08,07 
81.000, 1994,08,08 
87.000, 1994,08,09 
85.000, 1994,08,10 
74.000, 1994,08,11 
78.000, 1994,08,12 
91.000, 1994,08,13 
91.000, 1994,08,14 
77.000, 1994,08,15 
80.000, 1994,08,16 
81.000, 1994,08,17 
87.000, 1994,08,18 
69.000, 1994,08,19 
81.000, 1994,08,20 
85.000, 1994,08,21 
73.000, 1994,08,22 
68.000, 1994,08,23 
71.000, 1994,08,24 
80.000, 1994,08,25 
85.000, 1994,08,26 
89.000, 1994,08,27 
87.000, 1994,08,28 
81.000, 1994,08,29 
77.000, 1994,08,30 
71.000, 1994,08,31 
72.000, 1994,09,01 
74.000, 1994,09,02 
66.000, 1994,09,03 
65.000, 1994,09,04 
59.000, 1994,09,05 
70.000, 1994,09,06 
80.000, 1994,09,07 
81.000, 1994,09,08 
81.000, 1994,09,09 
71.000, 1994,09,10 
69.000, 1994,09,11 
75.000, 1994,09,12 
83.000, 1994,09,13 
73.000, 1994,09,14 
68.000, 1994,09,15 
72.000, 1994,09,16 
87.000, 1994,09,17 
69.000, 1994,09,18 
71.000, 1994,09,19 
76.000, 1994,09,20 
78.000, 1994,09,21 
64.000, 1994,09,22 
65.000, 1994,09,23 
68.000, 1994,09,24 
69.000, 1994,09,25 
63.000, 1994,09,26 
62.000, 1994,09,27 
75.000, 1994,09,28 
69.000, 1994,09,29 
67.000, 1994,09,30 
59.000, 1994,10,01 
63.000, 1994,10,02 
59.000, 1994,10,03 
61.000, 1994,10,04 
58.000, 1994,10,05 
61.000, 1994,10,06 
68.000, 1994,10,07 
75.000, 1994,10,08 
77.000, 1994,10,09 
64.000, 1994,10,10 
57.000, 1994,10,11 
54.000, 1994,10,12 
70.000, 1994,10,13 
63.000, 1994,10,14 
53.000, 1994,10,15 
63.000, 1994,10,16 
58.000, 1994,10,17 
57.000, 1994,10,18 
62.000, 1994,10,19 
66.000, 1994,10,20 
66.000, 1994,10,21 
68.000, 1994,10,22 
71.000, 1994,10,23 
69.000, 1994,10,24 
68.000, 1994,10,25 
57.000, 1994,10,26 
57.000, 1994,10,27 
62.000, 1994,10,28 
66.000, 1994,10,29 
74.000, 1994,10,30 
72.000, 1994,10,31 
69.000, 1994,11,01 
63.000, 1994,11,02 
65.000, 1994,11,03 
77.000, 1994,11,04 
79.000, 1994,11,05 
66.000, 1994,11,06 
58.000, 1994,11,07 
64.000, 1994,11,08 
63.000, 1994,11,09 
55.000, 1994,11,10 
49.000, 1994,11,11 
53.000, 1994,11,12 
57.000, 1994,11,13 
60.000, 1994,11,14 
68.000, 1994,11,15 
51.000, 1994,11,16 
53.000, 1994,11,17 
56.000, 1994,11,18 
63.000, 1994,11,19 
51.000, 1994,11,20 
59.000, 1994,11,21 
59.000, 1994,11,22 
43.000, 1994,11,23 
34.000, 1994,11,24 
50.000, 1994,11,25 
46.000, 1994,11,26 
37.000, 1994,11,27 
66.000, 1994,11,28 
54.000, 1994,11,29 
51.000, 1994,11,30 
44.000, 1994,12,01 
56.000, 1994,12,02 
58.000, 1994,12,03 
65.000, 1994,12,04 
56.000, 1994,12,05 
56.000, 1994,12,06 
54.000, 1994,12,07 
36.000, 1994,12,08 
41.000, 1994,12,09 
43.000, 1994,12,10 
46.000, 1994,12,11 
33.000, 1994,12,12 
34.000, 1994,12,13 
31.000, 1994,12,14 
37.000, 1994,12,15 
37.000, 1994,12,16 
42.000, 1994,12,17 
41.000, 1994,12,18 
41.000, 1994,12,19 
39.000, 1994,12,20 
57.000, 1994,12,21 
61.000, 1994,12,22 
47.000, 1994,12,23 
45.000, 1994,12,24 
53.000, 1994,12,25 
46.000, 1994,12,26 
47.000, 1994,12,27 
51.000, 1994,12,28 
46.000, 1994,12,29 
29.000, 1994,12,30 
42.000, 1994,12,31 
42.000, 1995,01,01 
40.000, 1995,01,02 
35.000, 1995,01,03 
34.000, 1995,01,04 
26.000, 1995,01,05 
42.000, 1995,01,06 
56.000, 1995,01,07 
35.000, 1995,01,08 
36.000, 1995,01,09 
28.000, 1995,01,10 
21.000, 1995,01,11 
36.000, 1995,01,12 
57.000, 1995,01,13 
66.000, 1995,01,14 
66.000, 1995,01,15 
64.000, 1995,01,16 
57.000, 1995,01,17 
41.000, 1995,01,18 
40.000, 1995,01,19 
45.000, 1995,01,20 
45.000, 1995,01,21 
40.000, 1995,01,22 
37.000, 1995,01,23 
34.000, 1995,01,24 
37.000, 1995,01,25 
35.000, 1995,01,26 
30.000, 1995,01,27 
31.000, 1995,01,28 
32.000, 1995,01,29 
43.000, 1995,01,30 
40.000, 1995,01,31 
48.000, 1995,02,01 
40.000, 1995,02,02 
25.000, 1995,02,03 
38.000, 1995,02,04 
27.000, 1995,02,05 
11.000, 1995,02,06 
20.000, 1995,02,07 
26.000, 1995,02,08 
32.000, 1995,02,09 
37.000, 1995,02,10 
47.000, 1995,02,11 
32.000, 1995,02,12 
27.000, 1995,02,13 
31.000, 1995,02,14 
44.000, 1995,02,15 
49.000, 1995,02,16 
44.000, 1995,02,17 
47.000, 1995,02,18 
55.000, 1995,02,19 
44.000, 1995,02,20 
36.000, 1995,02,21 
36.000, 1995,02,22 
44.000, 1995,02,23 
43.000, 1995,02,24 
33.000, 1995,02,25 
28.000, 1995,02,26 
34.000, 1995,02,27 
33.000, 1995,02,28 
32.000, 1995,03,01 
33.000, 1995,03,02 
29.000, 1995,03,03 
37.000, 1995,03,04 
36.000, 1995,03,05 
44.000, 1995,03,06 
43.000, 1995,03,07 
67.000, 1995,03,08 
60.000, 1995,03,09 
37.000, 1995,03,10 
33.000, 1995,03,11 
36.000, 1995,03,12 
58.000, 1995,03,13 
40.000, 1995,03,14 
44.000, 1995,03,15 
42.000, 1995,03,16 
44.000, 1995,03,17 
52.000, 1995,03,18 
42.000, 1995,03,19 
53.000, 1995,03,20 
63.000, 1995,03,21 
50.000, 1995,03,22 
51.000, 1995,03,23 
38.000, 1995,03,24 
46.000, 1995,03,25 
52.000, 1995,03,26 
45.000, 1995,03,27 
43.000, 1995,03,28 
46.000, 1995,03,29 
51.000, 1995,03,30 
52.000, 1995,03,31 
50.000, 1995,04,01 
41.000, 1995,04,02 
45.000, 1995,04,03 
61.000, 1995,04,04 
31.000, 1995,04,05 
46.000, 1995,04,06 
45.000, 1995,04,07 
43.000, 1995,04,08 
61.000, 1995,04,09 
50.000, 1995,04,10 
45.000, 1995,04,11 
59.000, 1995,04,12 
68.000, 1995,04,13 
56.000, 1995,04,14 
54.000, 1995,04,15 
46.000, 1995,04,16 
51.000, 1995,04,17 
53.000, 1995,04,18 
58.000, 1995,04,19 
67.000, 1995,04,20 
49.000, 1995,04,21 
67.000, 1995,04,22 
59.000, 1995,04,23 
57.000, 1995,04,24 
65.000, 1995,04,25 
65.000, 1995,04,26 
67.000, 1995,04,27 
54.000, 1995,04,28 
51.000, 1995,04,29 
49.000, 1995,04,30 
49.000, 1995,05,01 
53.000, 1995,05,02 
56.000, 1995,05,03 
67.000, 1995,05,04 
66.000, 1995,05,05 
66.000, 1995,05,06 
58.000, 1995,05,07 
62.000, 1995,05,08 
61.000, 1995,05,09 
62.000, 1995,05,10 
51.000, 1995,05,11 
57.000, 1995,05,12 
56.000, 1995,05,13 
56.000, 1995,05,14 
51.000, 1995,05,15 
63.000, 1995,05,16 
61.000, 1995,05,17 
75.000, 1995,05,18 
66.000, 1995,05,19 
76.000, 1995,05,20 
80.000, 1995,05,21 
76.000, 1995,05,22 
77.000, 1995,05,23 
87.000, 1995,05,24 
67.000, 1995,05,25 
62.000, 1995,05,26 
62.000, 1995,05,27 
66.000, 1995,05,28 
69.000, 1995,05,29 
77.000, 1995,05,30 
89.000, 1995,05,31 
90.000, 1995,06,01 
85.000, 1995,06,02 
80.000, 1995,06,03 
78.000, 1995,06,04 
81.000, 1995,06,05 
76.000, 1995,06,06 
68.000, 1995,06,07 
82.000, 1995,06,08 
68.000, 1995,06,09 
67.000, 1995,06,10 
71.000, 1995,06,11 
73.000, 1995,06,12 
61.000, 1995,06,13 
63.000, 1995,06,14 
67.000, 1995,06,15 
84.000, 1995,06,16 
87.000, 1995,06,17 
91.000, 1995,06,18 
95.000, 1995,06,19 
88.000, 1995,06,20 
69.000, 1995,06,21 
76.000, 1995,06,22 
70.000, 1995,06,23 
84.000, 1995,06,24 
74.000, 1995,06,25 
75.000, 1995,06,26 
66.000, 1995,06,27 
67.000, 1995,06,28 
85.000, 1995,06,29 
90.000, 1995,06,30 
89.000, 1995,07,01 
83.000, 1995,07,02 
78.000, 1995,07,03 
81.000, 1995,07,04 
87.000, 1995,07,05 
87.000, 1995,07,06 
89.000, 1995,07,07 
81.000, 1995,07,08 
79.000, 1995,07,09 
84.000, 1995,07,10 
71.000, 1995,07,11 
76.000, 1995,07,12 
90.000, 1995,07,13 
100.000, 1995,07,14 
98.000, 1995,07,15 
79.000, 1995,07,16 
68.000, 1995,07,17 
67.000, 1995,07,18 
88.000, 1995,07,19 
91.000, 1995,07,20 
88.000, 1995,07,21 
78.000, 1995,07,22 
84.000, 1995,07,23 
87.000, 1995,07,24 
79.000, 1995,07,25 
91.000, 1995,07,26 
93.000, 1995,07,27 
82.000, 1995,07,28 
92.000, 1995,07,29 
92.000, 1995,07,30 
92.000, 1995,07,31 
96.000, 1995,08,01 
88.000, 1995,08,02 
74.000, 1995,08,03 
94.000, 1995,08,04 
75.000, 1995,08,05 
66.000, 1995,08,06 
72.000, 1995,08,07 
79.000, 1995,08,08 
87.000, 1995,08,09 
89.000, 1995,08,10 
89.000, 1995,08,11 
87.000, 1995,08,12 
86.000, 1995,08,13 
79.000, 1995,08,14 
83.000, 1995,08,15 
92.000, 1995,08,16 
83.000, 1995,08,17 
81.000, 1995,08,18 
73.000, 1995,08,19 
71.000, 1995,08,20 
94.000, 1995,08,21 
84.000, 1995,08,22 
82.000, 1995,08,23 
86.000, 1995,08,24 
75.000, 1995,08,25 
78.000, 1995,08,26 
71.000, 1995,08,27 
71.000, 1995,08,28 
74.000, 1995,08,29 
81.000, 1995,08,30 
86.000, 1995,08,31 
89.000, 1995,09,01 
72.000, 1995,09,02 
71.000, 1995,09,03 
76.000, 1995,09,04 
86.000, 1995,09,05 
77.000, 1995,09,06 
87.000, 1995,09,07 
73.000, 1995,09,08 
68.000, 1995,09,09 
70.000, 1995,09,10 
73.000, 1995,09,11 
79.000, 1995,09,12 
76.000, 1995,09,13 
87.000, 1995,09,14 
69.000, 1995,09,15 
67.000, 1995,09,16 
64.000, 1995,09,17 
71.000, 1995,09,18 
65.000, 1995,09,19 
62.000, 1995,09,20 
66.000, 1995,09,21 
79.000, 1995,09,22 
62.000, 1995,09,23 
61.000, 1995,09,24 
62.000, 1995,09,25 
60.000, 1995,09,26 
73.000, 1995,09,27 
69.000, 1995,09,28 
60.000, 1995,09,29 
59.000, 1995,09,30 
59.000, 1995,10,01 
71.000, 1995,10,02 
78.000, 1995,10,03 
70.000, 1995,10,04 
68.000, 1995,10,05 
61.000, 1995,10,06 
58.000, 1995,10,07 
70.000, 1995,10,08 
67.000, 1995,10,09 
64.000, 1995,10,10 
73.000, 1995,10,11 
80.000, 1995,10,12 
83.000, 1995,10,13 
79.000, 1995,10,14 
71.000, 1995,10,15 
58.000, 1995,10,16 
58.000, 1995,10,17 
68.000, 1995,10,18 
68.000, 1995,10,19 
62.000, 1995,10,20 
68.000, 1995,10,21 
61.000, 1995,10,22 
73.000, 1995,10,23 
71.000, 1995,10,24 
65.000, 1995,10,25 
57.000, 1995,10,26 
63.000, 1995,10,27 
73.000, 1995,10,28 
57.000, 1995,10,29 
53.000, 1995,10,30 
50.000, 1995,10,31 
48.000, 1995,11,01 
58.000, 1995,11,02 
55.000, 1995,11,03 
53.000, 1995,11,04 
46.000, 1995,11,05 
52.000, 1995,11,06 
54.000, 1995,11,07 
50.000, 1995,11,08 
38.000, 1995,11,09 
46.000, 1995,11,10 
63.000, 1995,11,11 
63.000, 1995,11,12 
40.000, 1995,11,13 
48.000, 1995,11,14 
58.000, 1995,11,15 
46.000, 1995,11,16 
46.000, 1995,11,17 
45.000, 1995,11,18 
45.000, 1995,11,19 
46.000, 1995,11,20 
49.000, 1995,11,21 
48.000, 1995,11,22 
43.000, 1995,11,23 
43.000, 1995,11,24 
38.000, 1995,11,25 
48.000, 1995,11,26 
48.000, 1995,11,27 
65.000, 1995,11,28 
36.000, 1995,11,29 
35.000, 1995,11,30 
47.000, 1995,12,01 
46.000, 1995,12,02 
47.000, 1995,12,03 
50.000, 1995,12,04 
40.000, 1995,12,05 
46.000, 1995,12,06 
39.000, 1995,12,07 
33.000, 1995,12,08 
48.000, 1995,12,09 
37.000, 1995,12,10 
27.000, 1995,12,11 
28.000, 1995,12,12 
29.000, 1995,12,13 
37.000, 1995,12,14 
37.000, 1995,12,15 
32.000, 1995,12,16 
39.000, 1995,12,17 
35.000, 1995,12,18 
26.000, 1995,12,19 
29.000, 1995,12,20 
32.000, 1995,12,21 
42.000, 1995,12,22 
41.000, 1995,12,23 
36.000, 1995,12,24 
37.000, 1995,12,25 
36.000, 1995,12,26 
36.000, 1995,12,27 
39.000, 1995,12,28 
38.000, 1995,12,29 
40.000, 1995,12,30 
40.000, 1995,12,31 
36.000, 1996,01,01 
34.000, 1996,01,02 
32.000, 1996,01,03 
22.000, 1996,01,04 
24.000, 1996,01,05 
19.000, 1996,01,06 
21.000, 1996,01,07 
29.000, 1996,01,08 
31.000, 1996,01,09 
29.000, 1996,01,10 
31.000, 1996,01,11 
39.000, 1996,01,12 
42.000, 1996,01,13 
42.000, 1996,01,14 
40.000, 1996,01,15 
36.000, 1996,01,16 
52.000, 1996,01,17 
47.000, 1996,01,18 
60.000, 1996,01,19 
33.000, 1996,01,20 
35.000, 1996,01,21 
37.000, 1996,01,22 
44.000, 1996,01,23 
59.000, 1996,01,24 
44.000, 1996,01,25 
38.000, 1996,01,26 
56.000, 1996,01,27 
40.000, 1996,01,28 
34.000, 1996,01,29 
43.000, 1996,01,30 
35.000, 1996,01,31 
24.000, 1996,02,01 
30.000, 1996,02,02 
23.000, 1996,02,03 
14.000, 1996,02,04 
19.000, 1996,02,05 
25.000, 1996,02,06 
35.000, 1996,02,07 
41.000, 1996,02,08 
47.000, 1996,02,09 
45.000, 1996,02,10 
43.000, 1996,02,11 
39.000, 1996,02,12 
17.000, 1996,02,13 
32.000, 1996,02,14 
33.000, 1996,02,15 
30.000, 1996,02,16 
32.000, 1996,02,17 
34.000, 1996,02,18 
33.000, 1996,02,19 
44.000, 1996,02,20 
49.000, 1996,02,21 
48.000, 1996,02,22 
47.000, 1996,02,23 
50.000, 1996,02,24 
53.000, 1996,02,25 
51.000, 1996,02,26 
58.000, 1996,02,27 
56.000, 1996,02,28 
35.000, 1996,02,29 
36.000, 1996,03,01 
35.000, 1996,03,02 
39.000, 1996,03,03 
31.000, 1996,03,04 
38.000, 1996,03,05 
34.000, 1996,03,06 
34.000, 1996,03,07 
28.000, 1996,03,08 
25.000, 1996,03,09 
35.000, 1996,03,10 
39.000, 1996,03,11 
41.000, 1996,03,12 
48.000, 1996,03,13 
58.000, 1996,03,14 
51.000, 1996,03,15 
45.000, 1996,03,16 
53.000, 1996,03,17 
54.000, 1996,03,18 
46.000, 1996,03,19 
52.000, 1996,03,20 
48.000, 1996,03,21 
46.000, 1996,03,22 
39.000, 1996,03,23 
50.000, 1996,03,24 
61.000, 1996,03,25 
62.000, 1996,03,26 
42.000, 1996,03,27 
43.000, 1996,03,28 
41.000, 1996,03,29 
53.000, 1996,03,30 
60.000, 1996,03,31 
55.000, 1996,04,01 
48.000, 1996,04,02 
50.000, 1996,04,03 
54.000, 1996,04,04 
44.000, 1996,04,05 
44.000, 1996,04,06 
42.000, 1996,04,07 
38.000, 1996,04,08 
41.000, 1996,04,09 
37.000, 1996,04,10 
57.000, 1996,04,11 
60.000, 1996,04,12 
47.000, 1996,04,13 
39.000, 1996,04,14 
46.000, 1996,04,15 
53.000, 1996,04,16 
50.000, 1996,04,17 
59.000, 1996,04,18 
64.000, 1996,04,19 
71.000, 1996,04,20 
79.000, 1996,04,21 
69.000, 1996,04,22 
80.000, 1996,04,23 
60.000, 1996,04,24 
68.000, 1996,04,25 
69.000, 1996,04,26 
61.000, 1996,04,27 
64.000, 1996,04,28 
51.000, 1996,04,29 
65.000, 1996,04,30 
66.000, 1996,05,01 
68.000, 1996,05,02 
63.000, 1996,05,03 
58.000, 1996,05,04 
59.000, 1996,05,05 
55.000, 1996,05,06 
67.000, 1996,05,07 
56.000, 1996,05,08 
55.000, 1996,05,09 
63.000, 1996,05,10 
71.000, 1996,05,11 
52.000, 1996,05,12 
56.000, 1996,05,13 
59.000, 1996,05,14 
68.000, 1996,05,15 
65.000, 1996,05,16 
63.000, 1996,05,17 
56.000, 1996,05,18 
67.000, 1996,05,19 
91.000, 1996,05,20 
91.000, 1996,05,21 
78.000, 1996,05,22 
77.000, 1996,05,23 
68.000, 1996,05,24 
66.000, 1996,05,25 
70.000, 1996,05,26 
65.000, 1996,05,27 
70.000, 1996,05,28 
58.000, 1996,05,29 
63.000, 1996,05,30 
76.000, 1996,05,31 
77.000, 1996,06,01 
78.000, 1996,06,02 
63.000, 1996,06,03 
76.000, 1996,06,04 
79.000, 1996,06,05 
79.000, 1996,06,06 
80.000, 1996,06,07 
75.000, 1996,06,08 
65.000, 1996,06,09 
70.000, 1996,06,10 
81.000, 1996,06,11 
86.000, 1996,06,12 
83.000, 1996,06,13 
86.000, 1996,06,14 
87.000, 1996,06,15 
74.000, 1996,06,16 
80.000, 1996,06,17 
72.000, 1996,06,18 
71.000, 1996,06,19 
66.000, 1996,06,20 
77.000, 1996,06,21 
64.000, 1996,06,22 
81.000, 1996,06,23 
75.000, 1996,06,24 
84.000, 1996,06,25 
75.000, 1996,06,26 
79.000, 1996,06,27 
70.000, 1996,06,28 
74.000, 1996,06,29 
69.000, 1996,06,30 
86.000, 1996,07,01 
81.000, 1996,07,02 
73.000, 1996,07,03 
77.000, 1996,07,04 
84.000, 1996,07,05 
88.000, 1996,07,06 
75.000, 1996,07,07 
89.000, 1996,07,08 
86.000, 1996,07,09 
80.000, 1996,07,10 
82.000, 1996,07,11 
84.000, 1996,07,12 
70.000, 1996,07,13 
85.000, 1996,07,14 
81.000, 1996,07,15 
87.000, 1996,07,16 
88.000, 1996,07,17 
89.000, 1996,07,18 
76.000, 1996,07,19 
73.000, 1996,07,20 
81.000, 1996,07,21 
83.000, 1996,07,22 
72.000, 1996,07,23 
69.000, 1996,07,24 
76.000, 1996,07,25 
71.000, 1996,07,26 
82.000, 1996,07,27 
82.000, 1996,07,28 
72.000, 1996,07,29 
70.000, 1996,07,30 
68.000, 1996,07,31 
65.000, 1996,08,01 
72.000, 1996,08,02 
72.000, 1996,08,03 
73.000, 1996,08,04 
84.000, 1996,08,05 
84.000, 1996,08,06 
83.000, 1996,08,07 
86.000, 1996,08,08 
88.000, 1996,08,09 
81.000, 1996,08,10 
72.000, 1996,08,11 
72.000, 1996,08,12 
64.000, 1996,08,13 
78.000, 1996,08,14 
75.000, 1996,08,15 
77.000, 1996,08,16 
85.000, 1996,08,17 
80.000, 1996,08,18 
72.000, 1996,08,19 
81.000, 1996,08,20 
84.000, 1996,08,21 
79.000, 1996,08,22 
90.000, 1996,08,23 
74.000, 1996,08,24 
82.000, 1996,08,25 
84.000, 1996,08,26 
72.000, 1996,08,27 
65.000, 1996,08,28 
84.000, 1996,08,29 
70.000, 1996,08,30 
83.000, 1996,08,31 
73.000, 1996,09,01 
71.000, 1996,09,02 
85.000, 1996,09,03 
75.000, 1996,09,04 
85.000, 1996,09,05 
82.000, 1996,09,06 
72.000, 1996,09,07 
65.000, 1996,09,08 
71.000, 1996,09,09 
82.000, 1996,09,10 
73.000, 1996,09,11 
66.000, 1996,09,12 
62.000, 1996,09,13 
65.000, 1996,09,14 
75.000, 1996,09,15 
67.000, 1996,09,16 
61.000, 1996,09,17 
62.000, 1996,09,18 
72.000, 1996,09,19 
76.000, 1996,09,20 
77.000, 1996,09,21 
68.000, 1996,09,22 
62.000, 1996,09,23 
60.000, 1996,09,24 
63.000, 1996,09,25 
62.000, 1996,09,26 
62.000, 1996,09,27 
74.000, 1996,09,28 
69.000, 1996,09,29 
68.000, 1996,09,30 
65.000, 1996,10,01 
71.000, 1996,10,02 
66.000, 1996,10,03 
54.000, 1996,10,04 
52.000, 1996,10,05 
55.000, 1996,10,06 
65.000, 1996,10,07 
59.000, 1996,10,08 
62.000, 1996,10,09 
59.000, 1996,10,10 
55.000, 1996,10,11 
56.000, 1996,10,12 
65.000, 1996,10,13 
73.000, 1996,10,14 
55.000, 1996,10,15 
72.000, 1996,10,16 
73.000, 1996,10,17 
52.000, 1996,10,18 
55.000, 1996,10,19 
54.000, 1996,10,20 
57.000, 1996,10,21 
60.000, 1996,10,22 
57.000, 1996,10,23 
67.000, 1996,10,24 
67.000, 1996,10,25 
67.000, 1996,10,26 
58.000, 1996,10,27 
61.000, 1996,10,28 
55.000, 1996,10,29 
56.000, 1996,10,30 
57.000, 1996,10,31 
48.000, 1996,11,01 
50.000, 1996,11,02 
45.000, 1996,11,03 
52.000, 1996,11,04 
56.000, 1996,11,05 
51.000, 1996,11,06 
60.000, 1996,11,07 
73.000, 1996,11,08 
68.000, 1996,11,09 
56.000, 1996,11,10 
47.000, 1996,11,11 
43.000, 1996,11,12 
40.000, 1996,11,13 
37.000, 1996,11,14 
32.000, 1996,11,15 
44.000, 1996,11,16 
57.000, 1996,11,17 
50.000, 1996,11,18 
45.000, 1996,11,19 
46.000, 1996,11,20 
42.000, 1996,11,21 
45.000, 1996,11,22 
47.000, 1996,11,23 
46.000, 1996,11,24 
41.000, 1996,11,25 
44.000, 1996,11,26 
32.000, 1996,11,27 
28.000, 1996,11,28 
37.000, 1996,11,29 
40.000, 1996,11,30 
55.000, 1996,12,01 
57.000, 1996,12,02 
46.000, 1996,12,03 
45.000, 1996,12,04 
43.000, 1996,12,05 
41.000, 1996,12,06 
41.000, 1996,12,07 
48.000, 1996,12,08 
43.000, 1996,12,09 
41.000, 1996,12,10 
43.000, 1996,12,11 
45.000, 1996,12,12 
44.000, 1996,12,13 
44.000, 1996,12,14 
42.000, 1996,12,15 
45.000, 1996,12,16 
58.000, 1996,12,17 
58.000, 1996,12,18 
52.000, 1996,12,19 
45.000, 1996,12,20 
34.000, 1996,12,21 
37.000, 1996,12,22 
40.000, 1996,12,23 
61.000, 1996,12,24 
49.000, 1996,12,25 
35.000, 1996,12,26 
44.000, 1996,12,27 
48.000, 1996,12,28 
54.000, 1996,12,29 
48.000, 1996,12,30 
23.000, 1996,12,31 
23.000, 1997,01,01 
37.000, 1997,01,02 
43.000, 1997,01,03 
44.000, 1997,01,04 
52.000, 1997,01,05 
50.000, 1997,01,06 
35.000, 1997,01,07 
32.000, 1997,01,08 
34.000, 1997,01,09 
44.000, 1997,01,10 
34.000, 1997,01,11 
29.000, 1997,01,12 
36.000, 1997,01,13 
35.000, 1997,01,14 
38.000, 1997,01,15 
51.000, 1997,01,16 
31.000, 1997,01,17 
17.000, 1997,01,18 
19.000, 1997,01,19 
34.000, 1997,01,20 
36.000, 1997,01,21 
50.000, 1997,01,22 
50.000, 1997,01,23 
35.000, 1997,01,24 
55.000, 1997,01,25 
36.000, 1997,01,26 
29.000, 1997,01,27 
50.000, 1997,01,28 
28.000, 1997,01,29 
23.000, 1997,01,30 
29.000, 1997,01,31 
43.000, 1997,02,01 
44.000, 1997,02,02 
39.000, 1997,02,03 
34.000, 1997,02,04 
42.000, 1997,02,05 
44.000, 1997,02,06 
37.000, 1997,02,07 
34.000, 1997,02,08 
36.000, 1997,02,09 
39.000, 1997,02,10 
33.000, 1997,02,11 
37.000, 1997,02,12 
33.000, 1997,02,13 
39.000, 1997,02,14 
44.000, 1997,02,15 
35.000, 1997,02,16 
29.000, 1997,02,17 
52.000, 1997,02,18 
64.000, 1997,02,19 
50.000, 1997,02,20 
61.000, 1997,02,21 
66.000, 1997,02,22 
40.000, 1997,02,23 
42.000, 1997,02,24 
29.000, 1997,02,25 
53.000, 1997,02,26 
59.000, 1997,02,27 
47.000, 1997,02,28 
43.000, 1997,03,01 
58.000, 1997,03,02 
40.000, 1997,03,03 
38.000, 1997,03,04 
53.000, 1997,03,05 
43.000, 1997,03,06 
35.000, 1997,03,07 
36.000, 1997,03,08 
28.000, 1997,03,09 
46.000, 1997,03,10 
40.000, 1997,03,11 
39.000, 1997,03,12 
32.000, 1997,03,13 
36.000, 1997,03,14 
40.000, 1997,03,15 
31.000, 1997,03,16 
41.000, 1997,03,17 
41.000, 1997,03,18 
37.000, 1997,03,19 
42.000, 1997,03,20 
46.000, 1997,03,21 
46.000, 1997,03,22 
34.000, 1997,03,23 
43.000, 1997,03,24 
47.000, 1997,03,25 
54.000, 1997,03,26 
59.000, 1997,03,27 
62.000, 1997,03,28 
54.000, 1997,03,29 
63.000, 1997,03,30 
48.000, 1997,03,31 
41.000, 1997,04,01 
47.000, 1997,04,02 
55.000, 1997,04,03 
57.000, 1997,04,04 
51.000, 1997,04,05 
53.000, 1997,04,06 
75.000, 1997,04,07 
49.000, 1997,04,08 
34.000, 1997,04,09 
46.000, 1997,04,10 
51.000, 1997,04,11 
46.000, 1997,04,12 
50.000, 1997,04,13 
53.000, 1997,04,14 
57.000, 1997,04,15 
60.000, 1997,04,16 
58.000, 1997,04,17 
47.000, 1997,04,18 
46.000, 1997,04,19 
58.000, 1997,04,20 
52.000, 1997,04,21 
55.000, 1997,04,22 
54.000, 1997,04,23 
48.000, 1997,04,24 
51.000, 1997,04,25 
65.000, 1997,04,26 
61.000, 1997,04,27 
52.000, 1997,04,28 
65.000, 1997,04,29 
74.000, 1997,04,30 
71.000, 1997,05,01 
64.000, 1997,05,02 
60.000, 1997,05,03 
61.000, 1997,05,04 
56.000, 1997,05,05 
56.000, 1997,05,06 
55.000, 1997,05,07 
63.000, 1997,05,08 
49.000, 1997,05,09 
50.000, 1997,05,10 
66.000, 1997,05,11 
75.000, 1997,05,12 
64.000, 1997,05,13 
72.000, 1997,05,14 
72.000, 1997,05,15 
59.000, 1997,05,16 
65.000, 1997,05,17 
68.000, 1997,05,18 
56.000, 1997,05,19 
71.000, 1997,05,20 
62.000, 1997,05,21 
62.000, 1997,05,22 
66.000, 1997,05,23 
68.000, 1997,05,24 
61.000, 1997,05,25 
69.000, 1997,05,26 
59.000, 1997,05,27 
70.000, 1997,05,28 
76.000, 1997,05,29 
73.000, 1997,05,30 
72.000, 1997,05,31 
65.000, 1997,06,01 
58.000, 1997,06,02 
58.000, 1997,06,03 
58.000, 1997,06,04 
59.000, 1997,06,05 
58.000, 1997,06,06 
59.000, 1997,06,07 
63.000, 1997,06,08 
74.000, 1997,06,09 
92.000, 1997,06,10 
93.000, 1997,06,11 
90.000, 1997,06,12 
77.000, 1997,06,13 
81.000, 1997,06,14 
70.000, 1997,06,15 
75.000, 1997,06,16 
71.000, 1997,06,17 
74.000, 1997,06,18 
82.000, 1997,06,19 
74.000, 1997,06,20 
92.000, 1997,06,21 
94.000, 1997,06,22 
84.000, 1997,06,23 
78.000, 1997,06,24 
87.000, 1997,06,25 
87.000, 1997,06,26 
81.000, 1997,06,27 
84.000, 1997,06,28 
91.000, 1997,06,29 
92.000, 1997,06,30 
87.000, 1997,07,01 
83.000, 1997,07,02 
81.000, 1997,07,03 
85.000, 1997,07,04 
80.000, 1997,07,05 
81.000, 1997,07,06 
87.000, 1997,07,07 
79.000, 1997,07,08 
87.000, 1997,07,09 
72.000, 1997,07,10 
86.000, 1997,07,11 
91.000, 1997,07,12 
91.000, 1997,07,13 
93.000, 1997,07,14 
74.000, 1997,07,15 
82.000, 1997,07,16 
95.000, 1997,07,17 
92.000, 1997,07,18 
78.000, 1997,07,19 
80.000, 1997,07,20 
76.000, 1997,07,21 
78.000, 1997,07,22 
70.000, 1997,07,23 
67.000, 1997,07,24 
67.000, 1997,07,25 
84.000, 1997,07,26 
89.000, 1997,07,27 
91.000, 1997,07,28 
82.000, 1997,07,29 
84.000, 1997,07,30 
84.000, 1997,07,31 
91.000, 1997,08,01 
90.000, 1997,08,02 
90.000, 1997,08,03 
69.000, 1997,08,04 
74.000, 1997,08,05 
73.000, 1997,08,06 
83.000, 1997,08,07 
79.000, 1997,08,08 
80.000, 1997,08,09 
92.000, 1997,08,10 
88.000, 1997,08,11 
74.000, 1997,08,12 
73.000, 1997,08,13 
81.000, 1997,08,14 
77.000, 1997,08,15 
94.000, 1997,08,16 
93.000, 1997,08,17 
78.000, 1997,08,18 
73.000, 1997,08,19 
73.000, 1997,08,20 
64.000, 1997,08,21 
72.000, 1997,08,22 
78.000, 1997,08,23 
79.000, 1997,08,24 
74.000, 1997,08,25 
76.000, 1997,08,26 
82.000, 1997,08,27 
74.000, 1997,08,28 
69.000, 1997,08,29 
79.000, 1997,08,30 
70.000, 1997,08,31 
77.000, 1997,09,01 
83.000, 1997,09,02 
73.000, 1997,09,03 
65.000, 1997,09,04 
77.000, 1997,09,05 
80.000, 1997,09,06 
78.000, 1997,09,07 
67.000, 1997,09,08 
69.000, 1997,09,09 
66.000, 1997,09,10 
68.000, 1997,09,11 
82.000, 1997,09,12 
80.000, 1997,09,13 
68.000, 1997,09,14 
80.000, 1997,09,15 
75.000, 1997,09,16 
67.000, 1997,09,17 
78.000, 1997,09,18 
83.000, 1997,09,19 
84.000, 1997,09,20 
62.000, 1997,09,21 
67.000, 1997,09,22 
63.000, 1997,09,23 
61.000, 1997,09,24 
68.000, 1997,09,25 
69.000, 1997,09,26 
60.000, 1997,09,27 
62.000, 1997,09,28 
72.000, 1997,09,29 
72.000, 1997,09,30 
60.000, 1997,10,01 
60.000, 1997,10,02 
60.000, 1997,10,03 
64.000, 1997,10,04 
74.000, 1997,10,05 
84.000, 1997,10,06 
77.000, 1997,10,07 
59.000, 1997,10,08 
69.000, 1997,10,09 
82.000, 1997,10,10 
64.000, 1997,10,11 
60.000, 1997,10,12 
65.000, 1997,10,13 
63.000, 1997,10,14 
62.000, 1997,10,15 
57.000, 1997,10,16 
56.000, 1997,10,17 
56.000, 1997,10,18 
55.000, 1997,10,19 
59.000, 1997,10,20 
58.000, 1997,10,21 
54.000, 1997,10,22 
49.000, 1997,10,23 
56.000, 1997,10,24 
49.000, 1997,10,25 
47.000, 1997,10,26 
52.000, 1997,10,27 
49.000, 1997,10,28 
53.000, 1997,10,29 
60.000, 1997,10,30 
61.000, 1997,10,31 
58.000, 1997,11,01 
66.000, 1997,11,02 
63.000, 1997,11,03 
60.000, 1997,11,04 
55.000, 1997,11,05 
53.000, 1997,11,06 
52.000, 1997,11,07 
48.000, 1997,11,08 
49.000, 1997,11,09 
51.000, 1997,11,10 
50.000, 1997,11,11 
43.000, 1997,11,12 
40.000, 1997,11,13 
38.000, 1997,11,14 
36.000, 1997,11,15 
38.000, 1997,11,16 
43.000, 1997,11,17 
42.000, 1997,11,18 
44.000, 1997,11,19 
46.000, 1997,11,20 
56.000, 1997,11,21 
50.000, 1997,11,22 
33.000, 1997,11,23 
40.000, 1997,11,24 
39.000, 1997,11,25 
55.000, 1997,11,26 
46.000, 1997,11,27 
40.000, 1997,11,28 
45.000, 1997,11,29 
42.000, 1997,11,30 
43.000, 1997,12,01 
40.000, 1997,12,02 
50.000, 1997,12,03 
50.000, 1997,12,04 
44.000, 1997,12,05 
41.000, 1997,12,06 
41.000, 1997,12,07 
44.000, 1997,12,08 
40.000, 1997,12,09 
40.000, 1997,12,10 
36.000, 1997,12,11 
42.000, 1997,12,12 
43.000, 1997,12,13 
41.000, 1997,12,14 
37.000, 1997,12,15 
45.000, 1997,12,16 
53.000, 1997,12,17 
44.000, 1997,12,18 
47.000, 1997,12,19 
46.000, 1997,12,20 
33.000, 1997,12,21 
34.000, 1997,12,22 
37.000, 1997,12,23 
35.000, 1997,12,24 
42.000, 1997,12,25 
47.000, 1997,12,26 
39.000, 1997,12,27 
34.000, 1997,12,28 
43.000, 1997,12,29 
48.000, 1997,12,30 
35.000, 1997,12,31 
30.000, 1998,01,01 
42.000, 1998,01,02 
60.000, 1998,01,03 
57.000, 1998,01,04 
47.000, 1998,01,05 
57.000, 1998,01,06 
42.000, 1998,01,07 
41.000, 1998,01,08 
40.000, 1998,01,09 
46.000, 1998,01,10 
47.000, 1998,01,11 
32.000, 1998,01,12 
47.000, 1998,01,13 
30.000, 1998,01,14 
35.000, 1998,01,15 
36.000, 1998,01,16 
29.000, 1998,01,17 
30.000, 1998,01,18 
36.000, 1998,01,19 
38.000, 1998,01,20 
36.000, 1998,01,21 
28.000, 1998,01,22 
41.000, 1998,01,23 
42.000, 1998,01,24 
37.000, 1998,01,25 
34.000, 1998,01,26 
33.000, 1998,01,27 
37.000, 1998,01,28 
44.000, 1998,01,29 
38.000, 1998,01,30 
39.000, 1998,01,31 
36.000, 1998,02,01 
40.000, 1998,02,02 
50.000, 1998,02,03 
39.000, 1998,02,04 
34.000, 1998,02,05 
36.000, 1998,02,06 
36.000, 1998,02,07 
32.000, 1998,02,08 
41.000, 1998,02,09 
39.000, 1998,02,10 
49.000, 1998,02,11 
50.000, 1998,02,12 
41.000, 1998,02,13 
29.000, 1998,02,14 
27.000, 1998,02,15 
34.000, 1998,02,16 
36.000, 1998,02,17 
42.000, 1998,02,18 
42.000, 1998,02,19 
49.000, 1998,02,20 
45.000, 1998,02,21 
49.000, 1998,02,22 
40.000, 1998,02,23 
40.000, 1998,02,24 
45.000, 1998,02,25 
48.000, 1998,02,26 
53.000, 1998,02,27 
45.000, 1998,02,28 
43.000, 1998,03,01 
54.000, 1998,03,02 
44.000, 1998,03,03 
50.000, 1998,03,04 
40.000, 1998,03,05 
43.000, 1998,03,06 
45.000, 1998,03,07 
42.000, 1998,03,08 
61.000, 1998,03,09 
55.000, 1998,03,10 
32.000, 1998,03,11 
28.000, 1998,03,12 
35.000, 1998,03,13 
40.000, 1998,03,14 
39.000, 1998,03,15 
38.000, 1998,03,16 
39.000, 1998,03,17 
41.000, 1998,03,18 
39.000, 1998,03,19 
36.000, 1998,03,20 
34.000, 1998,03,21 
33.000, 1998,03,22 
42.000, 1998,03,23 
46.000, 1998,03,24 
47.000, 1998,03,25 
59.000, 1998,03,26 
79.000, 1998,03,27 
85.000, 1998,03,28 
75.000, 1998,03,29 
78.000, 1998,03,30 
89.000, 1998,03,31 
62.000, 1998,04,01 
44.000, 1998,04,02 
57.000, 1998,04,03 
42.000, 1998,04,04 
45.000, 1998,04,05 
54.000, 1998,04,06 
65.000, 1998,04,07 
53.000, 1998,04,08 
51.000, 1998,04,09 
54.000, 1998,04,10 
48.000, 1998,04,11 
51.000, 1998,04,12 
59.000, 1998,04,13 
56.000, 1998,04,14 
50.000, 1998,04,15 
60.000, 1998,04,16 
61.000, 1998,04,17 
65.000, 1998,04,18 
61.000, 1998,04,19 
54.000, 1998,04,20 
65.000, 1998,04,21 
63.000, 1998,04,22 
52.000, 1998,04,23 
59.000, 1998,04,24 
57.000, 1998,04,25 
50.000, 1998,04,26 
52.000, 1998,04,27 
61.000, 1998,04,28 
73.000, 1998,04,29 
78.000, 1998,04,30 
73.000, 1998,05,01 
69.000, 1998,05,02 
56.000, 1998,05,03 
54.000, 1998,05,04 
66.000, 1998,05,05 
59.000, 1998,05,06 
60.000, 1998,05,07 
58.000, 1998,05,08 
56.000, 1998,05,09 
53.000, 1998,05,10 
53.000, 1998,05,11 
52.000, 1998,05,12 
49.000, 1998,05,13 
52.000, 1998,05,14 
68.000, 1998,05,15 
68.000, 1998,05,16 
68.000, 1998,05,17 
83.000, 1998,05,18 
73.000, 1998,05,19 
78.000, 1998,05,20 
82.000, 1998,05,21 
71.000, 1998,05,22 
77.000, 1998,05,23 
81.000, 1998,05,24 
80.000, 1998,05,25 
79.000, 1998,05,26 
72.000, 1998,05,27 
86.000, 1998,05,28 
89.000, 1998,05,29 
87.000, 1998,05,30 
79.000, 1998,05,31 
75.000, 1998,06,01 
74.000, 1998,06,02 
67.000, 1998,06,03 
65.000, 1998,06,04 
71.000, 1998,06,05 
69.000, 1998,06,06 
65.000, 1998,06,07 
63.000, 1998,06,08 
72.000, 1998,06,09 
79.000, 1998,06,10 
76.000, 1998,06,11 
62.000, 1998,06,12 
65.000, 1998,06,13 
72.000, 1998,06,14 
80.000, 1998,06,15 
65.000, 1998,06,16 
66.000, 1998,06,17 
72.000, 1998,06,18 
69.000, 1998,06,19 
70.000, 1998,06,20 
68.000, 1998,06,21 
70.000, 1998,06,22 
73.000, 1998,06,23 
82.000, 1998,06,24 
87.000, 1998,06,25 
88.000, 1998,06,26 
79.000, 1998,06,27 
67.000, 1998,06,28 
76.000, 1998,06,29 
73.000, 1998,06,30 
79.000, 1998,07,01 
82.000, 1998,07,02 
79.000, 1998,07,03 
80.000, 1998,07,04 
71.000, 1998,07,05 
76.000, 1998,07,06 
78.000, 1998,07,07 
73.000, 1998,07,08 
77.000, 1998,07,09 
82.000, 1998,07,10 
77.000, 1998,07,11 
77.000, 1998,07,12 
86.000, 1998,07,13 
90.000, 1998,07,14 
91.000, 1998,07,15 
90.000, 1998,07,16 
88.000, 1998,07,17 
88.000, 1998,07,18 
80.000, 1998,07,19 
84.000, 1998,07,20 
91.000, 1998,07,21 
93.000, 1998,07,22 
92.000, 1998,07,23 
84.000, 1998,07,24 
81.000, 1998,07,25 
77.000, 1998,07,26 
85.000, 1998,07,27 
85.000, 1998,07,28 
90.000, 1998,07,29 
84.000, 1998,07,30 
71.000, 1998,07,31 
76.000, 1998,08,01 
82.000, 1998,08,02 
85.000, 1998,08,03 
77.000, 1998,08,04 
81.000, 1998,08,05 
79.000, 1998,08,06 
78.000, 1998,08,07 
84.000, 1998,08,08 
88.000, 1998,08,09 
88.000, 1998,08,10 
85.000, 1998,08,11 
70.000, 1998,08,12 
72.000, 1998,08,13 
84.000, 1998,08,14 
84.000, 1998,08,15 
86.000, 1998,08,16 
70.000, 1998,08,17 
87.000, 1998,08,18 
69.000, 1998,08,19 
71.000, 1998,08,20 
76.000, 1998,08,21 
80.000, 1998,08,22 
80.000, 1998,08,23 
92.000, 1998,08,24 
89.000, 1998,08,25 
82.000, 1998,08,26 
80.000, 1998,08,27 
78.000, 1998,08,28 
71.000, 1998,08,29 
85.000, 1998,08,30 
77.000, 1998,08,31 
74.000, 1998,09,01 
70.000, 1998,09,02 
72.000, 1998,09,03 
76.000, 1998,09,04 
77.000, 1998,09,05 
88.000, 1998,09,06 
79.000, 1998,09,07 
74.000, 1998,09,08 
67.000, 1998,09,09 
73.000, 1998,09,10 
75.000, 1998,09,11 
84.000, 1998,09,12 
71.000, 1998,09,13 
71.000, 1998,09,14 
83.000, 1998,09,15 
80.000, 1998,09,16 
69.000, 1998,09,17 
63.000, 1998,09,18 
78.000, 1998,09,19 
78.000, 1998,09,20 
80.000, 1998,09,21 
72.000, 1998,09,22 
62.000, 1998,09,23 
65.000, 1998,09,24 
73.000, 1998,09,25 
73.000, 1998,09,26 
86.000, 1998,09,27 
76.000, 1998,09,28 
69.000, 1998,09,29 
75.000, 1998,09,30 
75.000, 1998,10,01 
62.000, 1998,10,02 
62.000, 1998,10,03 
64.000, 1998,10,04 
66.000, 1998,10,05 
52.000, 1998,10,06 
62.000, 1998,10,07 
69.000, 1998,10,08 
58.000, 1998,10,09 
60.000, 1998,10,10 
64.000, 1998,10,11 
58.000, 1998,10,12 
54.000, 1998,10,13 
55.000, 1998,10,14 
59.000, 1998,10,15 
62.000, 1998,10,16 
59.000, 1998,10,17 
77.000, 1998,10,18 
68.000, 1998,10,19 
64.000, 1998,10,20 
57.000, 1998,10,21 
56.000, 1998,10,22 
59.000, 1998,10,23 
72.000, 1998,10,24 
71.000, 1998,10,25 
54.000, 1998,10,26 
53.000, 1998,10,27 
63.000, 1998,10,28 
56.000, 1998,10,29 
57.000, 1998,10,30 
61.000, 1998,10,31 
54.000, 1998,11,01 
56.000, 1998,11,02 
47.000, 1998,11,03 
46.000, 1998,11,04 
52.000, 1998,11,05 
44.000, 1998,11,06 
49.000, 1998,11,07 
47.000, 1998,11,08 
45.000, 1998,11,09 
47.000, 1998,11,10 
63.000, 1998,11,11 
53.000, 1998,11,12 
53.000, 1998,11,13 
48.000, 1998,11,14 
59.000, 1998,11,15 
52.000, 1998,11,16 
48.000, 1998,11,17 
46.000, 1998,11,18 
46.000, 1998,11,19 
56.000, 1998,11,20 
49.000, 1998,11,21 
46.000, 1998,11,22 
60.000, 1998,11,23 
55.000, 1998,11,24 
46.000, 1998,11,25 
54.000, 1998,11,26 
48.000, 1998,11,27 
53.000, 1998,11,28 
47.000, 1998,11,29 
54.000, 1998,11,30 
58.000, 1998,12,01 
63.000, 1998,12,02 
59.000, 1998,12,03 
69.000, 1998,12,04 
49.000, 1998,12,05 
57.000, 1998,12,06 
76.000, 1998,12,07 
45.000, 1998,12,08 
45.000, 1998,12,09 
48.000, 1998,12,10 
45.000, 1998,12,11 
45.000, 1998,12,12 
47.000, 1998,12,13 
41.000, 1998,12,14 
52.000, 1998,12,15 
48.000, 1998,12,16 
43.000, 1998,12,17 
35.000, 1998,12,18 
48.000, 1998,12,19 
48.000, 1998,12,20 
49.000, 1998,12,21 
60.000, 1998,12,22 
25.000, 1998,12,23 
29.000, 1998,12,24 
33.000, 1998,12,25 
35.000, 1998,12,26 
35.000, 1998,12,27 
44.000, 1998,12,28 
41.000, 1998,12,29 
40.000, 1998,12,30 
23.000, 1998,12,31 
27.000, 1999,01,01 
19.000, 1999,01,02 
46.000, 1999,01,03 
37.000, 1999,01,04 
28.000, 1999,01,05 
31.000, 1999,01,06 
32.000, 1999,01,07 
34.000, 1999,01,08 
57.000, 1999,01,09 
30.000, 1999,01,10 
27.000, 1999,01,11 
45.000, 1999,01,12 
45.000, 1999,01,13 
15.000, 1999,01,14 
49.000, 1999,01,15 
37.000, 1999,01,16 
47.000, 1999,01,17 
55.000, 1999,01,18 
48.000, 1999,01,19 
41.000, 1999,01,20 
39.000, 1999,01,21 
42.000, 1999,01,22 
40.000, 1999,01,23 
62.000, 1999,01,24 
40.000, 1999,01,25 
40.000, 1999,01,26 
39.000, 1999,01,27 
34.000, 1999,01,28 
24.000, 1999,01,29 
25.000, 1999,01,30 
26.000, 1999,01,31 
47.000, 1999,02,01 
48.000, 1999,02,02 
54.000, 1999,02,03 
42.000, 1999,02,04 
45.000, 1999,02,05 
36.000, 1999,02,06 
37.000, 1999,02,07 
35.000, 1999,02,08 
44.000, 1999,02,09 
48.000, 1999,02,10 
46.000, 1999,02,11 
58.000, 1999,02,12 
45.000, 1999,02,13 
34.000, 1999,02,14 
36.000, 1999,02,15 
41.000, 1999,02,16 
41.000, 1999,02,17 
40.000, 1999,02,18 
40.000, 1999,02,19 
37.000, 1999,02,20 
34.000, 1999,02,21 
25.000, 1999,02,22 
28.000, 1999,02,23 
34.000, 1999,02,24 
31.000, 1999,02,25 
43.000, 1999,02,26 
47.000, 1999,02,27 
46.000, 1999,02,28 
50.000, 1999,03,01 
43.000, 1999,03,02 
52.000, 1999,03,03 
55.000, 1999,03,04 
42.000, 1999,03,05 
37.000, 1999,03,06 
33.000, 1999,03,07 
30.000, 1999,03,08 
38.000, 1999,03,09 
37.000, 1999,03,10 
36.000, 1999,03,11 
37.000, 1999,03,12 
48.000, 1999,03,13 
40.000, 1999,03,14 
34.000, 1999,03,15 
47.000, 1999,03,16 
59.000, 1999,03,17 
70.000, 1999,03,18 
48.000, 1999,03,19 
47.000, 1999,03,20 
48.000, 1999,03,21 
53.000, 1999,03,22 
52.000, 1999,03,23 
52.000, 1999,03,24 
51.000, 1999,03,25 
44.000, 1999,03,26 
46.000, 1999,03,27 
44.000, 1999,03,28 
62.000, 1999,03,29 
57.000, 1999,03,30 
72.000, 1999,03,31 
57.000, 1999,04,01 
47.000, 1999,04,02 
47.000, 1999,04,03 
52.000, 1999,04,04 
60.000, 1999,04,05 
58.000, 1999,04,06 
66.000, 1999,04,07 
76.000, 1999,04,08 
55.000, 1999,04,09 
55.000, 1999,04,10 
49.000, 1999,04,11 
54.000, 1999,04,12 
54.000, 1999,04,13 
56.000, 1999,04,14 
58.000, 1999,04,15 
47.000, 1999,04,16 
57.000, 1999,04,17 
63.000, 1999,04,18 
61.000, 1999,04,19 
58.000, 1999,04,20 
61.000, 1999,04,21 
60.000, 1999,04,22 
54.000, 1999,04,23 
57.000, 1999,04,24 
62.000, 1999,04,25 
69.000, 1999,04,26 
56.000, 1999,04,27 
55.000, 1999,04,28 
58.000, 1999,04,29 
56.000, 1999,04,30 
61.000, 1999,05,01 
59.000, 1999,05,02 
57.000, 1999,05,03 
51.000, 1999,05,04 
57.000, 1999,05,05 
60.000, 1999,05,06 
56.000, 1999,05,07 
56.000, 1999,05,08 
74.000, 1999,05,09 
70.000, 1999,05,10 
70.000, 1999,05,11 
70.000, 1999,05,12 
62.000, 1999,05,13 
61.000, 1999,05,14 
63.000, 1999,05,15 
62.000, 1999,05,16 
64.000, 1999,05,17 
65.000, 1999,05,18 
73.000, 1999,05,19 
69.000, 1999,05,20 
66.000, 1999,05,21 
67.000, 1999,05,22 
69.000, 1999,05,23 
66.000, 1999,05,24 
69.000, 1999,05,25 
67.000, 1999,05,26 
71.000, 1999,05,27 
65.000, 1999,05,28 
73.000, 1999,05,29 
75.000, 1999,05,30 
87.000, 1999,05,31 
85.000, 1999,06,01 
85.000, 1999,06,02 
85.000, 1999,06,03 
75.000, 1999,06,04 
78.000, 1999,06,05 
80.000, 1999,06,06 
97.000, 1999,06,07 
92.000, 1999,06,08 
76.000, 1999,06,09 
64.000, 1999,06,10 
65.000, 1999,06,11 
73.000, 1999,06,12 
75.000, 1999,06,13 
84.000, 1999,06,14 
82.000, 1999,06,15 
65.000, 1999,06,16 
63.000, 1999,06,17 
67.000, 1999,06,18 
72.000, 1999,06,19 
78.000, 1999,06,20 
74.000, 1999,06,21 
80.000, 1999,06,22 
83.000, 1999,06,23 
91.000, 1999,06,24 
84.000, 1999,06,25 
91.000, 1999,06,26 
91.000, 1999,06,27 
93.000, 1999,06,28 
91.000, 1999,06,29 
77.000, 1999,06,30 
76.000, 1999,07,01 
84.000, 1999,07,02 
89.000, 1999,07,03 
91.000, 1999,07,04 
98.000, 1999,07,05 
87.000, 1999,07,06 
86.000, 1999,07,07 
80.000, 1999,07,08 
76.000, 1999,07,09 
85.000, 1999,07,10 
79.000, 1999,07,11 
78.000, 1999,07,12 
68.000, 1999,07,13 
79.000, 1999,07,14 
78.000, 1999,07,15 
95.000, 1999,07,16 
98.000, 1999,07,17 
97.000, 1999,07,18 
84.000, 1999,07,19 
75.000, 1999,07,20 
76.000, 1999,07,21 
89.000, 1999,07,22 
90.000, 1999,07,23 
87.000, 1999,07,24 
82.000, 1999,07,25 
75.000, 1999,07,26 
87.000, 1999,07,27 
90.000, 1999,07,28 
81.000, 1999,07,29 
82.000, 1999,07,30 
88.000, 1999,07,31 
94.000, 1999,08,01 
83.000, 1999,08,02 
79.000, 1999,08,03 
87.000, 1999,08,04 
76.000, 1999,08,05 
85.000, 1999,08,06 
78.000, 1999,08,07 
82.000, 1999,08,08 
76.000, 1999,08,09 
73.000, 1999,08,10 
72.000, 1999,08,11 
81.000, 1999,08,12 
88.000, 1999,08,13 
82.000, 1999,08,14 
71.000, 1999,08,15 
83.000, 1999,08,16 
90.000, 1999,08,17 
87.000, 1999,08,18 
75.000, 1999,08,19 
73.000, 1999,08,20 
66.000, 1999,08,21 
67.000, 1999,08,22 
78.000, 1999,08,23 
81.000, 1999,08,24 
82.000, 1999,08,25 
71.000, 1999,08,26 
72.000, 1999,08,27 
87.000, 1999,08,28 
87.000, 1999,08,29 
70.000, 1999,08,30 
71.000, 1999,08,31 
78.000, 1999,09,01 
81.000, 1999,09,02 
87.000, 1999,09,03 
82.000, 1999,09,04 
75.000, 1999,09,05 
84.000, 1999,09,06 
85.000, 1999,09,07 
79.000, 1999,09,08 
83.000, 1999,09,09 
75.000, 1999,09,10 
79.000, 1999,09,11 
74.000, 1999,09,12 
75.000, 1999,09,13 
71.000, 1999,09,14 
71.000, 1999,09,15 
72.000, 1999,09,16 
68.000, 1999,09,17 
73.000, 1999,09,18 
66.000, 1999,09,19 
74.000, 1999,09,20 
70.000, 1999,09,21 
64.000, 1999,09,22 
72.000, 1999,09,23 
77.000, 1999,09,24 
73.000, 1999,09,25 
62.000, 1999,09,26 
66.000, 1999,09,27 
73.000, 1999,09,28 
70.000, 1999,09,29 
68.000, 1999,09,30 
69.000, 1999,10,01 
69.000, 1999,10,02 
73.000, 1999,10,03 
58.000, 1999,10,04 
50.000, 1999,10,05 
62.000, 1999,10,06 
52.000, 1999,10,07 
58.000, 1999,10,08 
70.000, 1999,10,09 
65.000, 1999,10,10 
66.000, 1999,10,11 
62.000, 1999,10,12 
70.000, 1999,10,13 
64.000, 1999,10,14 
57.000, 1999,10,15 
70.000, 1999,10,16 
75.000, 1999,10,17 
62.000, 1999,10,18 
50.000, 1999,10,19 
53.000, 1999,10,20 
57.000, 1999,10,21 
56.000, 1999,10,22 
56.000, 1999,10,23 
59.000, 1999,10,24 
53.000, 1999,10,25 
67.000, 1999,10,26 
56.000, 1999,10,27 
50.000, 1999,10,28 
65.000, 1999,10,29 
57.000, 1999,10,30 
73.000, 1999,10,31 
63.000, 1999,11,01 
66.000, 1999,11,02 
66.000, 1999,11,03 
50.000, 1999,11,04 
63.000, 1999,11,05 
62.000, 1999,11,06 
47.000, 1999,11,07 
43.000, 1999,11,08 
57.000, 1999,11,09 
72.000, 1999,11,10 
46.000, 1999,11,11 
45.000, 1999,11,12 
53.000, 1999,11,13 
56.000, 1999,11,14 
45.000, 1999,11,15 
38.000, 1999,11,16 
41.000, 1999,11,17 
49.000, 1999,11,18 
59.000, 1999,11,19 
68.000, 1999,11,20 
59.000, 1999,11,21 
66.000, 1999,11,22 
70.000, 1999,11,23 
68.000, 1999,11,24 
62.000, 1999,11,25 
58.000, 1999,11,26 
62.000, 1999,11,27 
50.000, 1999,11,28 
45.000, 1999,11,29 
38.000, 1999,11,30 
36.000, 1999,12,01 
48.000, 1999,12,02 
51.000, 1999,12,03 
51.000, 1999,12,04 
59.000, 1999,12,05 
58.000, 1999,12,06 
52.000, 1999,12,07 
51.000, 1999,12,08 
43.000, 1999,12,09 
56.000, 1999,12,10 
47.000, 1999,12,11 
46.000, 1999,12,12 
50.000, 1999,12,13 
44.000, 1999,12,14 
45.000, 1999,12,15 
50.000, 1999,12,16 
43.000, 1999,12,17 
38.000, 1999,12,18 
36.000, 1999,12,19 
52.000, 1999,12,20 
59.000, 1999,12,21 
36.000, 1999,12,22 
38.000, 1999,12,23 
31.000, 1999,12,24 
25.000, 1999,12,25 
41.000, 1999,12,26 
32.000, 1999,12,27 
26.000, 1999,12,28 
34.000, 1999,12,29 
49.000, 1999,12,30 
35.000, 1999,12,31 
