date,city,year,dow,month,idx,yday,death,strata,temp_pred,tmaxF,death_updated,death_expected_value,death_pred
1980-01-06,BOSTON,1980,1,1,6,6,971,BOSTON:1980:1:1,30.2904721533541,0,1152,1107.20553843303,1056.24583939121
1980-01-07,BOSTON,1980,2,1,7,7,1010,BOSTON:1980:1:2,30.2362802344436,32.2036643977338,1023,1010.82204861336,947.823319708905
1980-01-08,BOSTON,1980,3,1,8,8,1074,BOSTON:1980:1:3,30.1879367241965,57.6572698317797,926,905.601415853755,936.696887044038
1980-01-09,BOSTON,1980,4,1,9,9,1094,BOSTON:1980:1:4,30.1454566509934,33.745907663601,946,972.940851141544,1088.52795666808
1980-01-10,BOSTON,1980,5,1,10,10,1098,BOSTON:1980:1:5,30.1088533089081,27.0718847801493,972,999.606183350933,1064.74652721789
1980-01-11,BOSTON,1980,6,1,11,11,1103,BOSTON:1980:1:6,30.0781382536794,62.0564724281709,1253,1189.39846306624,1026.79996762675
1980-01-12,BOSTON,1980,7,1,12,12,1024,BOSTON:1980:1:7,30.0533212991964,26.7867122325648,1031,1004.82288954802,967.326778323537
1980-01-13,BOSTON,1980,1,1,13,13,1010,BOSTON:1980:1:1,30.0344105144995,42.4643549962002,1044,992.957082762478,1059.87377416626
1980-01-14,BOSTON,1980,2,1,14,14,1014,BOSTON:1980:1:2,30.0214122212973,35.1057503582459,969,967.667391399092,946.549607022158
1980-01-15,BOSTON,1980,3,1,15,15,1026,BOSTON:1980:1:3,30.0143309920005,2.21905877859366,898,924.38873555672,905.159493335915
1980-01-16,BOSTON,1980,4,1,16,16,1118,BOSTON:1980:1:4,30.0131696482739,58.0009175764015,1307,1272.68519445349,1087.96403870444
1980-01-17,BOSTON,1980,5,1,17,17,1085,BOSTON:1980:1:5,30.0179292601053,12.2440706649315,1160,1091.84807473195,1066.50756971125
1980-01-18,BOSTON,1980,6,1,18,18,1045,BOSTON:1980:1:6,30.0286091453939,0,840,829.573663876953,1009.9363232825
1980-01-19,BOSTON,1980,7,1,19,19,1018,BOSTON:1980:1:7,30.0452068700562,17.9996572198453,1057,1058.8973511231,976.591366358583
1980-01-20,BOSTON,1980,1,1,20,20,1028,BOSTON:1980:1:1,30.0677182486511,61.882973688957,1025,952.55728913939,1102.72975172517
1980-01-21,BOSTON,1980,2,1,21,21,1034,BOSTON:1980:1:2,30.0961373455228,57.363889469985,888,895.679813826249,994.780536858727
1980-01-22,BOSTON,1980,3,1,22,22,1063,BOSTON:1980:1:3,30.1304564764618,43.6266949074238,1005,1000.14333685766,944.711491919469
1980-01-23,BOSTON,1980,4,1,23,23,1102,BOSTON:1980:1:4,30.170666210884,40.0061431746648,935,948.84742980611,1080.27493806017
1980-01-24,BOSTON,1980,5,1,24,24,1136,BOSTON:1980:1:5,30.2167553745254,64.8156397381842,1029,1002.65242093367,1075.5596822166
1980-01-25,BOSTON,1980,6,1,25,25,1084,BOSTON:1980:1:6,30.2687110526546,41.1681169907622,956,960.709511664215,1012.26370909077
1980-01-26,BOSTON,1980,7,1,26,26,1041,BOSTON:1980:1:7,30.3265185937992,44.9236513655408,822,827.77844770319,966.081855317899
1980-01-27,BOSTON,1980,1,1,27,27,1003,BOSTON:1980:1:1,30.3901616139869,33.4747833437818,1046,1025.77695479204,1048.15063471737
1980-01-28,BOSTON,1980,2,1,28,28,1016,BOSTON:1980:1:2,30.4596220014997,37.0495634328023,949,969.254988373144,939.84653641025
1980-01-29,BOSTON,1980,3,1,29,29,1038,BOSTON:1980:1:3,30.5348799221389,15.7760615327567,862,873.514115775957,904.432127700603
1980-01-30,BOSTON,1980,4,1,30,30,1069,BOSTON:1980:1:4,30.6159138250014,5.91386913683621,1125,1151.78103071015,1056.23306656732
1980-01-31,BOSTON,1980,5,1,31,31,1133,BOSTON:1980:1:5,30.7027004487627,63.1143967263215,1131,1129.68523162601,1085.18622085425
1980-02-01,BOSTON,1980,6,2,32,32,1100,BOSTON:1980:2:6,30.7952148284679,58.9561479868284,1026,1023.79103972306,1009.7900956352
1980-02-02,BOSTON,1980,7,2,33,33,1040,BOSTON:1980:2:7,30.8934303028262,44.2427997924141,1067,1088.26829393975,1053.43251849426
1980-02-03,BOSTON,1980,1,2,34,34,1017,BOSTON:1980:2:1,30.9973185220083,51.6800377601107,1046,1060.87757120905,933.260561327412
1980-02-04,BOSTON,1980,2,2,35,35,981,BOSTON:1980:2:2,31.1068494559435,0,1016,1022.38181833539,997.750417592073
1980-02-05,BOSTON,1980,3,2,36,36,1049,BOSTON:1980:2:3,31.2219914031153,29.6677093795438,1027,1069.52284226312,915.050395664164
1980-02-06,BOSTON,1980,4,2,37,37,1108,BOSTON:1980:2:4,31.3427109998508,49.4348786264515,1149,1112.0594076636,1126.37925145819
1980-02-07,BOSTON,1980,5,2,38,38,1083,BOSTON:1980:2:5,31.4689732301039,11.617528738453,948,1027.68444666889,1042.72440575957
1980-02-08,BOSTON,1980,6,2,39,39,1061,BOSTON:1980:2:6,31.6007414357268,18.8734119701662,953,985.738917242021,974.031348397827
1980-02-09,BOSTON,1980,7,2,40,40,1010,BOSTON:1980:2:7,31.7379773272288,12.9517823019151,992,936.487551432477,1026.5340086386
1980-02-10,BOSTON,1980,1,2,41,41,977,BOSTON:1980:2:1,31.8806409950181,6.87664256177832,881,877.252785279476,918.337191781809
1980-02-11,BOSTON,1980,2,2,42,42,1003,BOSTON:1980:2:2,32.0286909211237,26.0469344281401,958,945.318922545537,1023.49942569509
1980-02-12,BOSTON,1980,3,2,43,43,1043,BOSTON:1980:2:3,32.1820839913939,26.1427868320983,886,885.543962413267,939.613074308067
1980-02-13,BOSTON,1980,4,2,44,44,1081,BOSTON:1980:2:4,32.3407755081678,23.1599570728975,1233,1289.02622691787,1128.51959013439
1980-02-14,BOSTON,1980,5,2,45,45,1077,BOSTON:1980:2:5,32.5047192034163,8.17585154537485,1173,1170.83817212205,1043.40309808873
1980-02-15,BOSTON,1980,6,2,46,46,1048,BOSTON:1980:2:6,32.6738672523479,7.39029169377866,909,904.841882087528,973.553354228809
1980-02-16,BOSTON,1980,7,2,47,47,1009,BOSTON:1980:2:7,32.848170287477,14.1605572491308,928,935.039816676419,1033.77665245373
1980-02-17,BOSTON,1980,1,2,48,48,994,BOSTON:1980:2:1,33.0275774131482,30.6449489308474,870,913.754513007682,935.672731045383
1980-02-18,BOSTON,1980,2,2,49,49,992,BOSTON:1980:2:2,33.2120362205147,16.83012104609,1004,1034.90724281096,1026.66709022502
1980-02-19,BOSTON,1980,3,2,50,50,1069,BOSTON:1980:2:3,33.4014928029646,58.4494328769651,1012,1021.81377842659,954.375259927343
1980-02-20,BOSTON,1980,4,2,51,51,1058,BOSTON:1980:2:4,33.595891771992,1.80407343913361,1047,1049.48553457587,1125.47239193205
1980-02-21,BOSTON,1980,5,2,52,52,1093,BOSTON:1980:2:5,33.7951762735064,29.7491814678687,1004,1047.28914955871,1046.44168665113
1980-02-22,BOSTON,1980,6,2,53,53,1087,BOSTON:1980:2:6,33.9992880045779,54.9240271996118,986,1035.70045160083,994.201601572448
1980-02-23,BOSTON,1980,7,2,54,54,999,BOSTON:1980:2:7,34.2081672306111,7.7411154288737,1161,1102.48631438568,1034.25682041343
1980-02-24,BOSTON,1980,1,2,55,55,997,BOSTON:1980:2:1,34.4217528029442,38.6881116660408,918,932.281364425205,927.729515845438
1980-02-25,BOSTON,1980,2,2,56,56,986,BOSTON:1980:2:2,34.6399821768671,14.0971794500172,1081,1102.0881470104,1011.08306648785
1980-02-26,BOSTON,1980,3,2,57,57,1021,BOSTON:1980:2:3,34.8627914300544,8.79000694708725,804,838.840761679923,919.961270100434
1980-02-27,BOSTON,1980,4,2,58,58,1101,BOSTON:1980:2:4,35.0901152814055,52.8216657825994,1090,1118.02962137066,1138.62876647559
1980-02-28,BOSTON,1980,5,2,59,59,1120,BOSTON:1980:2:5,35.3218871102898,62.9750622510209,1089,1090.53647696586,1081.43080950067
1980-02-29,BOSTON,1980,6,2,60,60,1057,BOSTON:1980:2:6,35.5580389761878,26.770433288212,1066,1032.81057776635,988.423600165849
1980-03-01,BOSTON,1980,7,3,61,61,1029,BOSTON:1980:3:7,35.7985016387247,47.3565652626857,968,1020.54488549122,972.572543759071
1980-03-02,BOSTON,1980,1,3,62,62,967,BOSTON:1980:3:1,36.043204578089,7.68205084277543,845,879.611184613615,958.866120005975
1980-03-03,BOSTON,1980,2,3,63,63,993,BOSTON:1980:3:2,36.292076015832,28.1699506617022,907,912.476513267035,977.489464254427
1980-03-04,BOSTON,1980,3,3,64,64,1026,BOSTON:1980:3:3,36.5450429360399,20.7518980561772,886,882.210840896063,914.11842687732
1980-03-05,BOSTON,1980,4,3,65,65,1101,BOSTON:1980:3:4,36.8020311068732,58.8268338284444,973,943.076978563997,973.456213319205
1980-03-06,BOSTON,1980,5,3,66,66,1087,BOSTON:1980:3:5,37.062965102468,33.4591089999046,1081,1065.99805821836,1091.33351382537
1980-03-07,BOSTON,1980,6,3,67,67,1081,BOSTON:1980:3:6,37.3277683251911,59.0322730386072,1072,1078.41966740534,1016.59753037234
1980-03-08,BOSTON,1980,7,3,68,68,1035,BOSTON:1980:3:7,37.596363028243,59.4636286946123,1002,988.45814554291,981.787108556134
1980-03-09,BOSTON,1980,1,3,69,69,1005,BOSTON:1980:3:1,37.8686703386028,58.4726328163651,1043,1047.13337528716,985.747354062939
1980-03-10,BOSTON,1980,2,3,70,70,993,BOSTON:1980:3:2,38.1446102803073,33.9328284125275,1145,1152.81391818381,983.113048226806
1980-03-11,BOSTON,1980,3,3,71,71,1052,BOSTON:1980:3:3,38.4241017980572,56.2373629028049,984,947.327350142581,918.812546040398
1980-03-12,BOSTON,1980,4,3,72,72,1085,BOSTON:1980:3:4,38.7070627811454,47.7525419903077,812,812.162997849105,954.011694483192
1980-03-13,BOSTON,1980,5,3,73,73,1099,BOSTON:1980:3:5,38.9934100876973,53.7061781823114,1142,1144.70050051866,1081.16447296018
1980-03-14,BOSTON,1980,6,3,74,74,1026,BOSTON:1980:3:6,39.2830595692186,4.32679370199651,897,907.580081502208,980.916181371653
1980-03-15,BOSTON,1980,7,3,75,75,1010,BOSTON:1980:3:7,39.5759260954422,37.8480862823402,910,894.184118205794,954.893144822584
1980-03-16,BOSTON,1980,1,3,76,76,966,BOSTON:1980:3:1,39.8719235794667,20.2802455407615,1053,1016.83850881145,963.364147550998
1980-03-17,BOSTON,1980,2,3,77,77,985,BOSTON:1980:3:2,40.1709650031792,31.7581226437854,884,909.042691145885,986.792702602597
1980-03-18,BOSTON,1980,3,3,78,78,1039,BOSTON:1980:3:3,40.4729624429561,48.3669326721534,893,872.666110305822,928.645681226852
1980-03-19,BOSTON,1980,4,3,79,79,1062,BOSTON:1980:3:4,40.7778270956318,30.4036807426441,1006,1026.54970708797,955.841168147095
1980-03-20,BOSTON,1980,5,3,80,80,1056,BOSTON:1980:3:5,41.08546930473,13.8649490090616,991,986.828971382167,1064.60987069013
1980-03-21,BOSTON,1980,6,3,81,81,1036,BOSTON:1980:3:6,41.3957985869491,23.4491616773301,1004,984.641161020773,986.480534393358
1980-03-22,BOSTON,1980,7,3,82,82,1017,BOSTON:1980:3:7,41.7087236588929,53.4726147802655,1086,1001.71939786022,973.040082091107
1980-03-23,BOSTON,1980,1,3,83,83,974,BOSTON:1980:3:1,42.0241524640403,36.2594270415536,868,888.356976238601,978.339276584578
1980-03-24,BOSTON,1980,2,3,84,84,1005,BOSTON:1980:3:2,42.3419921999448,62.5157005820074,1004,1019.39898385337,1008.35767070265
1980-03-25,BOSTON,1980,3,3,85,85,1003,BOSTON:1980:3:3,42.6621493456566,14.8626744436712,914,936.578988886894,915.423345855455
1980-03-26,BOSTON,1980,4,3,86,86,1062,BOSTON:1980:3:4,42.9845296893583,38.4270215941908,1041,1041.76767743275,948.690924050538
1980-03-27,BOSTON,1980,5,3,87,87,1107,BOSTON:1980:3:5,43.3090383562073,77.2560269551165,1140,1185.55669792318,1116.89214252426
1980-03-28,BOSTON,1980,6,3,88,88,1072,BOSTON:1980:3:6,43.6355798363749,71.1491578443039,1060,1084.23747539178,1049.00575386257
1980-03-29,BOSTON,1980,7,3,89,89,1025,BOSTON:1980:3:7,43.9640580132758,71.016892268431,934,967.603163028643,1017.70712077103
1980-03-30,BOSTON,1980,1,3,90,90,955,BOSTON:1980:3:1,44.2943761919784,21.5480617110776,1062,1043.68456669017,984.683101795715
1980-03-31,BOSTON,1980,2,3,91,91,961,BOSTON:1980:3:2,44.6264371277872,18.7751355373408,998,1027.64082065279,982.247114213702
1980-04-01,BOSTON,1980,3,4,92,92,1031,BOSTON:1980:4:3,44.9601430549905,55.677277807767,1109,1047.89867825143,947.884454453123
1980-04-02,BOSTON,1980,4,4,93,93,1051,BOSTON:1980:4:4,45.295395715763,34.341548774061,1030,1026.2792230293,988.676228804748
1980-04-03,BOSTON,1980,5,4,94,94,1080,BOSTON:1980:4:5,45.6320963892162,56.6051653468989,941,963.584663585494,947.85601702752
1980-04-04,BOSTON,1980,6,4,95,95,1031,BOSTON:1980:4:6,45.9701459205865,33.3962728947556,1075,1118.97130037934,986.85850241441
1980-04-05,BOSTON,1980,7,4,96,96,978,BOSTON:1980:4:7,46.3094447505546,24.4478230992217,910,871.13962308219,952.302152279733
1980-04-06,BOSTON,1980,1,4,97,97,985,BOSTON:1980:4:1,46.6498929446851,66.410494036815,1159,1161.97776695933,954.730404643835
1980-04-07,BOSTON,1980,2,4,98,98,954,BOSTON:1980:4:2,46.9913902229793,18.5430392928585,1010,1058.02239463509,918.772919313981
1980-04-08,BOSTON,1980,3,4,99,99,1014,BOSTON:1980:4:3,47.3338359895319,45.0083688994094,984,940.540334186784,936.758713459974
1980-04-09,BOSTON,1980,4,4,100,100,1056,BOSTON:1980:4:4,47.6771293622819,48.4825115553481,961,904.079517081353,986.678121518827
1980-04-10,BOSTON,1980,5,4,101,101,1071,BOSTON:1980:4:5,48.0211692028514,55.0203963513322,944,945.568112908279,942.548484324963
1980-04-11,BOSTON,1980,6,4,102,102,1026,BOSTON:1980:4:6,48.3658541464605,36.6635019686432,1007,993.266117729173,986.239951675172
1980-04-12,BOSTON,1980,7,4,103,103,991,BOSTON:1980:4:7,48.7110826319113,47.9139949886158,996,910.321122372541,960.61795300911
1980-04-13,BOSTON,1980,1,4,104,104,990,BOSTON:1980:4:1,49.0567529316319,80.8699208566246,893,913.136311440039,974.186169382559
1980-04-14,BOSTON,1980,2,4,105,105,971,BOSTON:1980:4:2,49.4027631817708,48.2059309835868,867,842.842702957729,938.64026278579
1980-04-15,BOSTON,1980,3,4,106,106,1035,BOSTON:1980:4:3,49.7490114123337,77.0735269608684,1031,997.150020504605,972.961443689186
1980-04-16,BOSTON,1980,4,4,107,107,1076,BOSTON:1980:4:4,50.0953955773532,79.1060686611838,975,976.077282752357,1038.39327246249
1980-04-17,BOSTON,1980,5,4,108,108,1065,BOSTON:1980:4:5,50.4418135850824,58.0532623475552,846,881.643657142318,971.842788020734
1980-04-18,BOSTON,1980,6,4,109,109,1025,BOSTON:1980:4:6,50.7881633282042,44.5364476853384,954,957.031840452048,1008.72637115404
1980-04-19,BOSTON,1980,7,4,110,110,965,BOSTON:1980:4:7,51.1343427140461,26.4309710798049,1009,1016.07635542151,961.180840184239
1980-04-20,BOSTON,1980,1,4,111,111,983,BOSTON:1980:4:1,51.4802496947932,81.9512359236951,957,901.68418705917,984.514181904377
1980-04-21,BOSTON,1980,2,4,112,112,955,BOSTON:1980:4:2,51.8257822976891,37.9118052958954,1034,976.540205821181,942.194137364184
1980-04-22,BOSTON,1980,3,4,113,113,979,BOSTON:1980:4:3,52.1708386552158,21.4212786636884,776,798.609606178804,933.244983383154
1980-04-23,BOSTON,1980,4,4,114,114,1072,BOSTON:1980:4:4,52.5153170352451,83.8562028378829,1028,1041.01634999461,1028.81297825385
1980-04-24,BOSTON,1980,5,4,115,115,1067,BOSTON:1980:4:5,52.8591158711509,68.3008550112293,1118,1101.72143223355,986.752710626697
1980-04-25,BOSTON,1980,6,4,116,116,1003,BOSTON:1980:4:6,53.2021337918742,28.1627344837217,961,1006.03765923059,1015.17517475637
1980-04-26,BOSTON,1980,7,4,117,117,983,BOSTON:1980:4:7,53.5442696519321,56.9941955765835,944,960.232937359102,984.899054526659
1980-04-27,BOSTON,1980,1,4,118,118,979,BOSTON:1980:4:1,53.8854225613615,85.6718092603116,906,902.643876343928,1001.56924406923
1980-04-28,BOSTON,1980,2,4,119,119,966,BOSTON:1980:4:2,54.225491915589,60.209326633943,857,865.73576350755,968.39268053596
1980-04-29,BOSTON,1980,3,4,120,120,994,BOSTON:1980:4:3,54.5643774252175,47.880097147522,846,866.854987343209,955.150405014654
1980-04-30,BOSTON,1980,4,4,121,121,1047,BOSTON:1980:4:4,54.9019791457222,65.254522698594,1052,1023.02277319863,1003.43939896027
1980-05-01,BOSTON,1980,5,5,122,122,1035,BOSTON:1980:5:5,55.2381975070447,42.6256407035388,900,901.07321412385,915.790658814121
1980-05-02,BOSTON,1980,6,5,123,123,1007,BOSTON:1980:5:6,55.5729333430792,42.1133341037932,943,910.086879163525,896.082024666411
1980-05-03,BOSTON,1980,7,5,124,124,958,BOSTON:1980:5:7,55.9060879210402,36.2898221095484,856,878.772947526389,919.908499822573
1980-05-04,BOSTON,1980,1,5,125,125,940,BOSTON:1980:5:1,56.2375629707033,47.1017835791947,986,1061.28623243767,961.31773968405
1980-05-05,BOSTON,1980,2,5,126,126,984,BOSTON:1980:5:2,56.5672607135113,90.4626049564305,883,889.507519675623,875.820123823356
1980-05-06,BOSTON,1980,3,5,127,127,974,BOSTON:1980:5:3,56.8950838915361,32.6892449491014,985,961.131525348528,986.879915709838
1980-05-07,BOSTON,1980,4,5,128,128,1007,BOSTON:1980:5:4,57.220935796288,28.5940157881874,936,978.053706895692,966.766626449979
1980-05-08,BOSTON,1980,5,5,129,129,1019,BOSTON:1980:5:5,57.5447202973642,32.4782038421013,922,888.628356290796,905.515534906904
1980-05-09,BOSTON,1980,6,5,130,130,1025,BOSTON:1980:5:6,57.8663418709279,71.1668389767387,969,980.1245505411,922.878765836739
1980-05-10,BOSTON,1980,7,5,131,131,976,BOSTON:1980:5:7,58.1857056280087,66.5336594653736,1080,1085.70117834462,975.802954117901
1980-05-11,BOSTON,1980,1,5,132,132,964,BOSTON:1980:5:1,58.5027173426177,85.9003055430192,1029,986.24469082076,1035.03566447439
1980-05-12,BOSTON,1980,2,5,133,133,961,BOSTON:1980:5:2,58.8172834796675,70.9272199624062,969,950.417077722139,882.064033172585
1980-05-13,BOSTON,1980,3,5,134,134,1003,BOSTON:1980:5:3,59.1293112226889,75.7247528774791,965,954.028985395445,1024.48888193355
1980-05-14,BOSTON,1980,4,5,135,135,1028,BOSTON:1980:5:4,59.4387085013369,60.918209305899,855,825.890548477127,1008.88440910099
1980-05-15,BOSTON,1980,5,5,136,136,1045,BOSTON:1980:5:5,59.7453840186775,70.9340754959688,1114,1151.2956576493,951.867898331305
1980-05-16,BOSTON,1980,6,5,137,137,1027,BOSTON:1980:5:6,60.0492472782466,82.5756294884454,919,879.452446415703,958.68435515183
1980-05-17,BOSTON,1980,7,5,138,138,981,BOSTON:1980:5:7,60.350208610874,80.38991722988,1124,1051.44300044878,1002.6088741037
1980-05-18,BOSTON,1980,1,5,139,139,964,BOSTON:1980:5:1,60.648179201264,94.235713417031,1186,1187.71344054688,1075.36338150695
1980-05-19,BOSTON,1980,2,5,140,140,942,BOSTON:1980:5:2,60.9430711143241,56.7032786514201,843,822.088158379049,889.172910914142
1980-05-20,BOSTON,1980,3,5,141,141,972,BOSTON:1980:5:3,61.2347973212356,48.0539514664317,1027,1037.73613118567,1003.2227680556
1980-05-21,BOSTON,1980,4,5,142,142,1016,BOSTON:1980:5:4,61.5232717252571,55.1865184081021,907,969.332412309139,993.207740201113
1980-05-22,BOSTON,1980,5,5,143,143,1000,BOSTON:1980:5:5,61.8084091872529,27.5411070154601,853,822.811094431533,913.550524656834
1980-05-23,BOSTON,1980,6,5,144,144,984,BOSTON:1980:5:6,62.0901255509407,39.9595922315084,772,802.143885022833,894.967553214185
1980-05-24,BOSTON,1980,7,5,145,145,979,BOSTON:1980:5:7,62.3683376678488,86.3593899899385,802,802.472687594558,972.506077140771
1980-05-25,BOSTON,1980,1,5,146,146,917,BOSTON:1980:5:1,62.6429634219767,43.8242881656424,866,835.553848434229,995.283214335049
1980-05-26,BOSTON,1980,2,5,147,147,926,BOSTON:1980:5:2,62.9139217541515,44.6509186497852,794,767.333073564704,841.942932089836
1980-05-27,BOSTON,1980,3,5,148,148,954,BOSTON:1980:5:3,63.1811326860735,33.5495142594265,999,976.8366917952,961.408434300987
1980-05-28,BOSTON,1980,4,5,149,149,1001,BOSTON:1980:5:4,63.4445173440419,45.6451748062774,1233,1171.62163866992,962.141224247943
1980-05-29,BOSTON,1980,5,5,150,150,1039,BOSTON:1980:5:5,63.7039979823562,79.9534623694303,844,876.440875913125,946.2753832911
1980-05-30,BOSTON,1980,6,5,151,151,1019,BOSTON:1980:5:6,63.9594980063847,88.2812195634469,1030,1078.67139074535,960.387301131201
1980-05-31,BOSTON,1980,7,5,152,152,955,BOSTON:1980:5:7,64.2109419952932,64.0378506912704,995,1013.71320124594,986.173594814954
1980-06-01,BOSTON,1980,1,6,153,153,922,BOSTON:1980:6:1,64.458255724428,56.611887813458,899,935.110789502212,906.558543984382
1980-06-02,BOSTON,1980,2,6,154,154,923,BOSTON:1980:6:2,64.701366187346,46.9527957777426,834,810.977526300484,869.584627117264
1980-06-03,BOSTON,1980,3,6,155,155,952,BOSTON:1980:6:3,64.940201617486,37.7169539087332,888,903.539370036211,873.934496617152
1980-06-04,BOSTON,1980,4,6,156,156,1005,BOSTON:1980:6:4,65.174691509473,57.474301976635,935,928.099033536453,917.20354369285
1980-06-05,BOSTON,1980,5,6,157,157,1025,BOSTON:1980:6:5,65.4047666400519,70.4402386191149,1057,1030.16931475634,1060.71776279177
1980-06-06,BOSTON,1980,6,6,158,158,977,BOSTON:1980:6:6,65.6303590886422,45.8128524852113,886,892.032248709235,921.292522700411
1980-06-07,BOSTON,1980,7,6,159,159,948,BOSTON:1980:6:7,65.8514022575081,61.9851623991826,981,993.730571997456,923.274980636563
1980-06-08,BOSTON,1980,1,6,160,160,909,BOSTON:1980:6:1,66.067830891539,46.3271777021742,850,830.821276033989,876.343542022393
1980-06-09,BOSTON,1980,2,6,161,161,933,BOSTON:1980:6:2,66.2795810976328,66.4405505258852,940,986.881645679478,867.819179575961
1980-06-10,BOSTON,1980,3,6,162,162,962,BOSTON:1980:6:3,66.4865903636783,56.259910393168,802,823.236827656691,880.707159237936
1980-06-11,BOSTON,1980,4,6,163,163,1017,BOSTON:1980:6:4,66.688797577129,77.1877586942476,859,861.396541272293,939.52991099897
1980-06-12,BOSTON,1980,5,6,164,164,1009,BOSTON:1980:6:5,66.8861430431641,58.1161200059502,1284,1340.94176739318,1065.25947046381
1980-06-13,BOSTON,1980,6,6,165,165,982,BOSTON:1980:6:6,67.0785685024313,56.9597451576121,912,903.666946328277,929.267605590836
1980-06-14,BOSTON,1980,7,6,166,166,949,BOSTON:1980:6:7,67.2660171483654,69.6241733302372,940,942.047138929905,937.652455625398
1980-06-15,BOSTON,1980,1,6,167,167,934,BOSTON:1980:6:1,67.4484336440774,84.2718388717013,892,973.794179654397,926.009679725669
1980-06-16,BOSTON,1980,2,6,168,168,914,BOSTON:1980:6:2,67.6257641388112,48.1029697864325,771,846.860927463415,883.514713324886
1980-06-17,BOSTON,1980,3,6,169,169,962,BOSTON:1980:6:3,67.7979562839595,61.690184586971,979,981.034928555139,890.316038587167
1980-06-18,BOSTON,1980,4,6,170,170,991,BOSTON:1980:6:4,67.9649592486376,51.5630273280831,948,989.757268241031,921.350516441437
1980-06-19,BOSTON,1980,5,6,171,171,1021,BOSTON:1980:6:5,68.1267237348079,77.2248374774649,953,968.550952095497,1081.06357925264
1980-06-20,BOSTON,1980,6,6,172,172,968,BOSTON:1980:6:6,68.2832019919522,46.15119634699,906,935.458933822489,933.896348321608
1980-06-21,BOSTON,1980,7,6,173,173,966,BOSTON:1980:6:7,68.4343478312863,93.8894356317965,969,946.757221413886,973.499979585025
1980-06-22,BOSTON,1980,1,6,174,174,932,BOSTON:1980:6:1,68.5801166395141,85.8398769289671,1095,1156.63729071392,954.814818414912
1980-06-23,BOSTON,1980,2,6,175,175,937,BOSTON:1980:6:2,68.7204653921154,80.5003908730661,878,882.61408703727,935.456047019909
1980-06-24,BOSTON,1980,3,6,176,176,971,BOSTON:1980:6:3,68.8553526661645,77.1166037944432,925,886.693559188201,949.042305558062
1980-06-25,BOSTON,1980,4,6,177,177,994,BOSTON:1980:6:4,68.9847386526756,60.0414028685421,1001,1003.27175466702,964.916028866783
1980-06-26,BOSTON,1980,5,6,178,178,1013,BOSTON:1980:6:5,69.1085851684714,71.1970831783058,1020,1042.72850994001,1106.95918749176
1980-06-27,BOSTON,1980,6,6,179,179,1007,BOSTON:1980:6:6,69.2268556675711,95.4546196682216,1087,1062.65085819947,1006.54352338742
1980-06-28,BOSTON,1980,7,6,180,180,947,BOSTON:1980:6:7,69.3395152520943,75.062022236697,937,911.09965828806,992.572584152941
1980-06-29,BOSTON,1980,1,6,181,181,935,BOSTON:1980:6:1,69.4465306826785,93.230274217847,901,862.033711577217,973.273415853416
1980-06-30,BOSTON,1980,2,6,182,182,915,BOSTON:1980:6:2,69.5478703884053,56.4192419323715,1049,1051.98226630356,915.6254329623
1980-07-01,BOSTON,1980,3,7,183,183,975,BOSTON:1980:7:3,69.6435044762342,84.2238270315005,943,960.142692928689,963.644514109108
1980-07-02,BOSTON,1980,4,7,184,184,986,BOSTON:1980:7:4,69.7334047399405,53.2846511660087,823,904.497521079527,933.270222774477
1980-07-03,BOSTON,1980,5,7,185,185,1015,BOSTON:1980:7:5,69.8175446685539,76.4215682513216,999,984.270523376153,979.559737827971
1980-07-04,BOSTON,1980,6,7,186,186,982,BOSTON:1980:7:6,69.895899454296,68.5861854885485,970,948.148362392511,931.911234672086
1980-07-05,BOSTON,1980,7,7,187,187,928,BOSTON:1980:7:7,69.9684460000149,53.5207372023738,985,1006.68930066091,943.332938739686
1980-07-06,BOSTON,1980,1,7,188,188,918,BOSTON:1980:7:1,70.0351629261131,74.5564933604764,864,901.985454119203,929.247426546736
1980-07-07,BOSTON,1980,2,7,189,189,947,BOSTON:1980:7:2,70.0960305769681,99.0192061889669,989,1022.0479710842,975.824349100984
1980-07-08,BOSTON,1980,3,7,190,190,985,BOSTON:1980:7:3,70.1510310268428,98.2822382918026,871,966.79063139448,1002.84933329005
1980-07-09,BOSTON,1980,4,7,191,191,985,BOSTON:1980:7:4,70.2001480852848,54.3918115903286,1005,1028.22096536511,951.469706230439
1980-07-10,BOSTON,1980,5,7,192,192,997,BOSTON:1980:7:5,70.2433673020118,57.747160250567,955,974.834228207222,973.71639520787
1980-07-11,BOSTON,1980,6,7,193,193,1011,BOSTON:1980:7:6,70.280675971283,100,1077,1052.5772717038,983.572465268723
1980-07-12,BOSTON,1980,7,7,194,194,947,BOSTON:1980:7:7,70.3120631357541,78.7115948489753,906,886.766484055715,1025.17471220998
1980-07-13,BOSTON,1980,1,7,195,195,938,BOSTON:1980:7:1,70.3375195898149,100,865,855.804719295198,1017.7190443017
1980-07-14,BOSTON,1980,2,7,196,196,921,BOSTON:1980:7:2,70.3570378824093,68.0143270451532,1104,1157.29717991198,978.351126653645
1980-07-15,BOSTON,1980,3,7,197,197,955,BOSTON:1980:7:3,70.370612319336,63.8488938475593,1062,1033.47581400995,949.510602561748
1980-07-16,BOSTON,1980,4,7,198,198,1008,BOSTON:1980:7:4,70.3782389650289,81.52436165951,865,904.082205230657,960.060560554493
1980-07-17,BOSTON,1980,5,7,199,199,986,BOSTON:1980:7:5,70.379915643818,46.044178822878,912,918.695483329911,965.64116273314
1980-07-18,BOSTON,1980,6,7,200,200,986,BOSTON:1980:7:6,70.3756419406691,75.4763360158959,845,862.531634415157,932.285127473685
1980-07-19,BOSTON,1980,7,7,201,201,925,BOSTON:1980:7:7,70.3654192014026,52.0762410804989,1126,1116.9399529823,941.574925979135
1980-07-20,BOSTON,1980,1,7,202,202,939,BOSTON:1980:7:1,70.3492505323912,100,1040,1069.66606752511,969.440199541265
1980-07-21,BOSTON,1980,2,7,203,203,929,BOSTON:1980:7:2,70.3271407997368,77.4227416180207,885,909.603672393858,973.66173223163
1980-07-22,BOSTON,1980,3,7,204,204,961,BOSTON:1980:7:3,70.2990966279262,71.3511775353195,1009,1019.16875134057,948.073596693986
1980-07-23,BOSTON,1980,4,7,205,205,992,BOSTON:1980:7:4,70.2651263979668,63.445260352123,941,950.507326921506,929.266676320504
1980-07-24,BOSTON,1980,5,7,206,206,1031,BOSTON:1980:7:5,70.2252402450023,96.8424981311029,995,1000.83241082132,1018.12297680213
1980-07-25,BOSTON,1980,6,7,207,207,974,BOSTON:1980:7:6,70.1794500554088,60.6658805905018,908,905.090811510242,952.231172585141
1980-07-26,BOSTON,1980,7,7,208,208,928,BOSTON:1980:7:7,70.1277694633732,55.3045191118995,849,863.373020328454,955.917423071219
1980-07-27,BOSTON,1980,1,7,209,209,896,BOSTON:1980:7:1,70.0702138469534,47.0153803043978,1054,1028.67703964533,906.593329611516
1980-07-28,BOSTON,1980,2,7,210,210,906,BOSTON:1980:7:2,70.006800323623,47.0588225702669,850,865.32483911128,900.162792014017
1980-07-29,BOSTON,1980,3,7,211,211,960,BOSTON:1980:7:3,69.9375477453005,68.6805301319119,888,929.211044417417,908.921953345482
1980-07-30,BOSTON,1980,4,7,212,212,984,BOSTON:1980:7:4,69.8624766928649,52.5700216888024,1026,954.484243956393,885.93283412012
1980-07-31,BOSTON,1980,5,7,213,213,992,BOSTON:1980:7:5,69.7816094701601,49.9194447432136,1000,1060.46595717175,923.959727429057
1980-08-01,BOSTON,1980,6,8,214,214,993,BOSTON:1980:8:6,69.6949700974879,81.9013172631172,908,907.284087653831,911.121007557969
1980-08-02,BOSTON,1980,7,8,215,215,916,BOSTON:1980:8:7,69.6025843045941,37.9390382243587,824,796.165618193213,903.114345743714
1980-08-03,BOSTON,1980,1,8,216,216,927,BOSTON:1980:8:1,69.5044795231472,83.5641956463035,1030,1070.80566856471,910.228290617773
1980-08-04,BOSTON,1980,2,8,217,217,917,BOSTON:1980:8:2,69.4006848787134,59.0328895705928,847,854.648878180826,969.890366809207
1980-08-05,BOSTON,1980,3,8,218,218,958,BOSTON:1980:8:3,69.2912311822303,62.9173110372514,885,867.197296639271,931.319116942953
1980-08-06,BOSTON,1980,4,8,219,219,1020,BOSTON:1980:8:4,69.1761509209809,91.6427435979185,863,896.101219469346,998.943514257388
1980-08-07,BOSTON,1980,5,8,220,220,1036,BOSTON:1980:8:5,69.0554782490712,98.3754926196765,841,929.858073778084,935.940403237622
1980-08-08,BOSTON,1980,6,8,221,221,972,BOSTON:1980:8:6,68.9292489774141,53.7062320848542,982,928.929781101776,947.537334468916
1980-08-09,BOSTON,1980,7,8,222,222,970,BOSTON:1980:8:7,68.7975005632223,100,1030,1070.04961466605,996.137379271041
1980-08-10,BOSTON,1980,1,8,223,223,930,BOSTON:1980:8:1,68.6602720990136,84.6478820777788,1066,1085.3423969858,975.101131939297
1980-08-11,BOSTON,1980,2,8,224,224,938,BOSTON:1980:8:2,68.5176043011317,81.5638600414688,987,1049.72796811198,1051.8343484461
1980-08-12,BOSTON,1980,3,8,225,225,940,BOSTON:1980:8:3,68.3695394977856,37.0686154918674,971,920.361282156715,958.578261203011
1980-08-13,BOSTON,1980,4,8,226,226,997,BOSTON:1980:8:4,68.2161216166116,60.8815310414195,1046,997.767602396242,963.681426700472
1980-08-14,BOSTON,1980,5,8,227,227,1012,BOSTON:1980:8:5,68.0573961717613,66.506572761254,905,927.089527333612,880.447682615308
1980-08-15,BOSTON,1980,6,8,228,228,991,BOSTON:1980:8:6,67.8934102505191,72.1111387083983,897,897.481296121216,921.853969770139
1980-08-16,BOSTON,1980,7,8,229,229,957,BOSTON:1980:8:7,67.7242124994538,81.6025241400368,964,1024.33533908406,947.713087401076
1980-08-17,BOSTON,1980,1,8,230,230,943,BOSTON:1980:8:1,67.5498531101081,96.6477007995169,807,857.914926367586,952.697742991152
1980-08-18,BOSTON,1980,2,8,231,231,936,BOSTON:1980:8:2,67.3703838042297,75.6549697202013,1214,1154.90065822315,1018.85314402233
1980-08-19,BOSTON,1980,3,8,232,232,964,BOSTON:1980:8:3,67.1858578185488,62.1753634313059,955,963.618781188463,958.570362168123
1980-08-20,BOSTON,1980,4,8,233,233,1009,BOSTON:1980:8:4,66.9963298891071,69.9419555942859,1065,1033.10146314388,980.364954477537
1980-08-21,BOSTON,1980,5,8,234,234,990,BOSTON:1980:8:5,66.8018562351414,35.8953504362204,878,904.154407283403,861.417499442997
1980-08-22,BOSTON,1980,6,8,235,235,977,BOSTON:1980:8:6,66.6024945425277,49.862474536564,919,889.868526719919,895.272674342535
1980-08-23,BOSTON,1980,7,8,236,236,943,BOSTON:1980:8:7,66.3983039467913,59.1989406783451,813,787.532095844243,901.435865625031
1980-08-24,BOSTON,1980,1,8,237,237,907,BOSTON:1980:8:1,66.1893450156849,45.0314765833382,851,842.110773864098,866.830650744853
1980-08-25,BOSTON,1980,2,8,238,238,952,BOSTON:1980:8:2,65.9756797313443,89.2106091295122,975,960.979936150279,982.422140722404
1980-08-26,BOSTON,1980,3,8,239,239,952,BOSTON:1980:8:3,65.7573714720229,41.4594770696158,958,948.482860382404,920.532259685788
1980-08-27,BOSTON,1980,4,8,240,240,1029,BOSTON:1980:8:4,65.5344849934128,86.7737829352056,950,937.69453489869,981.010104564456
1980-08-28,BOSTON,1980,5,8,241,241,1023,BOSTON:1980:8:5,65.3070864095569,68.584917368389,940,934.522807748563,886.194414704283
1980-08-29,BOSTON,1980,6,8,242,242,1004,BOSTON:1980:8:6,65.0752431733583,76.4374781141107,908,949.474285825339,938.215013860612
1980-08-30,BOSTON,1980,7,8,243,243,934,BOSTON:1980:8:7,64.8390240566925,41.8579186285035,1042,1065.99100648255,924.599321959478
1980-08-31,BOSTON,1980,1,8,244,244,935,BOSTON:1980:8:1,64.5984991301277,73.9123743177817,853,817.698061800556,902.142183707591
1980-09-01,BOSTON,1980,2,9,245,245,927,BOSTON:1980:9:2,64.3537397422599,51.18462201634,849,883.241417679909,943.962467643713
1980-09-02,BOSTON,1980,3,9,246,246,989,BOSTON:1980:9:3,64.1048184986693,79.8236227472779,1183,1165.66270493732,946.040433751657
1980-09-03,BOSTON,1980,4,9,247,247,1009,BOSTON:1980:9:4,63.8518092405024,56.7775969669196,965,967.596285837914,928.156818497831
1980-09-04,BOSTON,1980,5,9,248,248,1054,BOSTON:1980:9:5,63.5947870226885,96.4497358022566,925,915.771579404433,1070.94735781753
1980-09-05,BOSTON,1980,6,9,249,249,1027,BOSTON:1980:9:6,63.3338280917948,96.0517140349245,1004,984.002485346664,1049.16836010714
1980-09-06,BOSTON,1980,7,9,250,250,970,BOSTON:1980:9:7,63.0690098635283,78.938187594748,1100,1049.08786254386,1098.25917165312
1980-09-07,BOSTON,1980,1,9,251,251,918,BOSTON:1980:9:1,62.8004108998904,45.8055831516141,898,899.051113187865,1008.80571607478
1980-09-08,BOSTON,1980,2,9,252,252,926,BOSTON:1980:9:2,62.528110885991,43.053266311994,862,871.861293602029,946.659541635973
1980-09-09,BOSTON,1980,3,9,253,253,986,BOSTON:1980:9:3,62.2521906065283,68.7653862241184,917,937.224358223686,947.243009595964
1980-09-10,BOSTON,1980,4,9,254,254,1006,BOSTON:1980:9:4,61.9727319219436,45.6992321714114,979,976.010929982808,919.460800409683
1980-09-11,BOSTON,1980,5,9,255,255,1032,BOSTON:1980:9:5,61.6898177442546,63.8647456648233,1190,1153.91200557758,1008.02286948015
1980-09-12,BOSTON,1980,6,9,256,256,1021,BOSTON:1980:9:6,61.4035320125772,81.373949002686,934,976.99333811939,975.881954327266
1980-09-13,BOSTON,1980,7,9,257,257,943,BOSTON:1980:9:7,61.1139596683421,37.8782164060027,987,1012.00977965658,1006.85714655231
1980-09-14,BOSTON,1980,1,9,258,258,931,BOSTON:1980:9:1,60.8211866302128,54.1291293014485,968,952.516768074516,959.163769959517
1980-09-15,BOSTON,1980,2,9,259,259,945,BOSTON:1980:9:2,60.5252997687137,58.5356392029723,913,894.148856896939,928.308919060178
1980-09-16,BOSTON,1980,3,9,260,260,1008,BOSTON:1980:9:3,60.2263868805744,85.9938633624256,836,842.642732125617,953.606070337961
1980-09-17,BOSTON,1980,4,9,261,261,1052,BOSTON:1980:9:4,59.9245366627998,89.7240935719289,958,993.497152026339,979.787389237104
1980-09-18,BOSTON,1980,5,9,262,262,1060,BOSTON:1980:9:5,59.6198386864706,86.3582678374804,1085,1020.81731590196,1086.60246188355
1980-09-19,BOSTON,1980,6,9,263,263,1020,BOSTON:1980:9:6,59.3123833702852,71.5054623464097,1031,1039.93814834344,1012.01694292139
1980-09-20,BOSTON,1980,7,9,264,264,994,BOSTON:1980:9:7,59.0022619538487,90.5139505075768,1164,1167.56049878764,1097.6466181903
1980-09-21,BOSTON,1980,1,9,265,265,942,BOSTON:1980:9:1,58.6895664707174,59.8407090683815,1169,1204.36162970625,1024.00724828133
1980-09-22,BOSTON,1980,2,9,266,266,956,BOSTON:1980:9:2,58.3743897212072,63.7307212121187,1093,1114.56549663759,971.254614456952
1980-09-23,BOSTON,1980,3,9,267,267,982,BOSTON:1980:9:3,58.0568252449737,46.6000096585483,937,947.363463040767,928.137052863785
1980-09-24,BOSTON,1980,4,9,268,268,1022,BOSTON:1980:9:4,57.7369672933712,47.0496914920516,832,824.060464547541,906.594991855949
1980-09-25,BOSTON,1980,5,9,269,269,1012,BOSTON:1980:9:5,57.414910801601,23.8166118403043,949,926.428751771309,983.42731081932
1980-09-26,BOSTON,1980,6,9,270,270,1016,BOSTON:1980:9:6,57.0907513606542,57.2876645550312,1002,968.153076219057,933.932742645156
1980-09-27,BOSTON,1980,7,9,271,271,995,BOSTON:1980:9:7,56.7645851890602,82.7376241441862,986,1041.23077595827,1034.23706360467
1980-09-28,BOSTON,1980,1,9,272,272,920,BOSTON:1980:9:1,56.4365091044473,21.8775639808754,918,975.498099977742,961.023265684392
1980-09-29,BOSTON,1980,2,9,273,273,933,BOSTON:1980:9:2,56.1066204949247,26.1506191745365,989,962.566336525296,915.814457203159
1980-09-30,BOSTON,1980,3,9,274,274,978,BOSTON:1980:9:3,55.7750172902938,32.269803040113,802,817.102815838532,899.97343345061
1980-10-01,BOSTON,1980,4,10,275,275,1054,BOSTON:1980:10:4,55.4417979330983,74.3651831322577,1137,1107.26047264637,1037.14130422059
1980-10-02,BOSTON,1980,5,10,276,276,1063,BOSTON:1980:10:5,55.1070613495201,71.5699627564415,994,985.470881382551,1084.67469201994
1980-10-03,BOSTON,1980,6,10,277,277,1051,BOSTON:1980:10:6,54.7709069201312,87.8022014173268,1053,1057.01978947265,1025.27702898466
1980-10-04,BOSTON,1980,7,10,278,278,977,BOSTON:1980:10:7,54.4334344505092,52.0865008290616,989,968.159018351646,1022.07916820838
1980-10-05,BOSTON,1980,1,10,279,279,929,BOSTON:1980:10:1,54.0947441417258,24.3016600735019,985,948.351219422638,1026.32472893879
1980-10-06,BOSTON,1980,2,10,280,280,972,BOSTON:1980:10:2,53.7549365607158,64.1722052630105,932,947.951625354317,896.732358881108
1980-10-07,BOSTON,1980,3,10,281,281,1019,BOSTON:1980:10:3,53.4141126105373,71.5156344760021,881,837.268330221262,1036.50976223986
1980-10-08,BOSTON,1980,4,10,282,282,1021,BOSTON:1980:10:4,53.0723735005302,27.6697991708932,1043,1057.3066743771,1017.14278716657
1980-10-09,BOSTON,1980,5,10,283,283,1048,BOSTON:1980:10:5,52.7298207163822,45.4907423399401,1065,1038.45190327676,1028.17561342706
1980-10-10,BOSTON,1980,6,10,284,284,1011,BOSTON:1980:10:6,52.3865559901123,33.1355290342135,932,936.39338860613,942.628687420679
1980-10-11,BOSTON,1980,7,10,285,285,960,BOSTON:1980:10:7,52.0426812699786,21.0997805070854,922,921.189480643927,964.271372161464
1980-10-12,BOSTON,1980,1,10,286,286,953,BOSTON:1980:10:1,51.6982986903216,44.410786871745,915,911.969934995309,1012.99930090678
1980-10-13,BOSTON,1980,2,10,287,287,945,BOSTON:1980:10:2,51.3535105413496,20.8984915399663,902,912.878069269494,865.258799242084
1980-10-14,BOSTON,1980,3,10,288,288,994,BOSTON:1980:10:3,51.0084192388779,31.8204695432535,1049,1105.48510540924,984.802028763588
1980-10-15,BOSTON,1980,4,10,289,289,1023,BOSTON:1980:10:4,50.6631272940274,19.4871649311233,944,948.740831209837,989.242066815891
1980-10-16,BOSTON,1980,5,10,290,290,1072,BOSTON:1980:10:5,50.3177372828944,62.2374800519905,1044,1037.20700575047,1042.30980532228
1980-10-17,BOSTON,1980,6,10,291,291,1022,BOSTON:1980:10:6,49.9723518161999,35.814276599508,1046,1089.33064633529,956.815842976294
1980-10-18,BOSTON,1980,7,10,292,292,968,BOSTON:1980:10:7,49.6270735089256,21.6775842702537,1066,1023.3137361807,971.647851331339
1980-10-19,BOSTON,1980,1,10,293,293,941,BOSTON:1980:10:1,49.2820049499484,19.315291755213,1058,1003.90608389137,1002.90250404948
1980-10-20,BOSTON,1980,2,10,294,294,998,BOSTON:1980:10:2,48.9372486716799,75.5680884865776,840,906.570826893873,902.945315239717
1980-10-21,BOSTON,1980,3,10,295,295,1032,BOSTON:1980:10:3,48.5929071197221,66.3902252648892,1263,1215.72595631598,1038.87358900329
1980-10-22,BOSTON,1980,4,10,296,296,1078,BOSTON:1980:10:4,48.2490826225456,70.4114947551478,1060,1054.49281013126,1050.80607123781
1980-10-23,BOSTON,1980,5,10,297,297,1099,BOSTON:1980:10:5,47.9058773612024,81.6557035182023,1262,1307.93594722104,1095.54129014302
1980-10-24,BOSTON,1980,6,10,298,298,1017,BOSTON:1980:10:6,47.5633933390797,19.8153684865989,869,873.543988284318,969.662993697176
1980-10-25,BOSTON,1980,7,10,299,299,974,BOSTON:1980:10:7,47.2217323517045,19.154660406298,960,952.382349504863,979.001608298904
1980-10-26,BOSTON,1980,1,10,300,300,989,BOSTON:1980:10:1,46.8809959566092,67.7992087387351,1130,1090.00551090944,1045.77346610496
1980-10-27,BOSTON,1980,2,10,301,301,999,BOSTON:1980:10:2,46.5412854432644,66.461554100416,907,902.72686386613,916.063526637102
1980-10-28,BOSTON,1980,3,10,302,302,993,BOSTON:1980:10:3,46.2027018030909,11.8627951599461,877,892.40116742633,1009.8146199933
1980-10-29,BOSTON,1980,4,10,303,303,1082,BOSTON:1980:10:4,45.8653456995572,65.3999574946548,935,953.577020321961,1024.66777055918
1980-10-30,BOSTON,1980,5,10,304,304,1090,BOSTON:1980:10:5,45.5293174383728,61.5866630726992,943,947.372423157469,1057.29859908772
1980-10-31,BOSTON,1980,6,10,305,305,1056,BOSTON:1980:10:6,45.1947169377858,54.3039466347003,967,969.562180794722,972.615446921304
1980-11-01,BOSTON,1980,7,11,306,306,1003,BOSTON:1980:11:7,44.8616436989935,43.5254017966756,981,988.570020648489,996.727807739861
1980-11-02,BOSTON,1980,1,11,307,307,958,BOSTON:1980:11:1,44.5301967766748,20.494776372859,718,746.112795317842,877.961351261824
1980-11-03,BOSTON,1980,2,11,308,308,960,BOSTON:1980:11:2,44.200474749653,9.77556113792426,926,933.034741082263,981.632241186409
1980-11-04,BOSTON,1980,3,11,309,309,1027,BOSTON:1980:11:3,43.872575691698,40.544663287496,1102,1101.87783338486,1007.48781782306
1980-11-05,BOSTON,1980,4,11,310,310,1070,BOSTON:1980:11:4,43.5465971424764,43.0071301546467,1199,1241.36484311958,1127.1766565883
1980-11-06,BOSTON,1980,5,11,311,311,1074,BOSTON:1980:11:5,43.2226360786577,35.493733886337,1195,1157.26813969162,1012.97090011562
1980-11-07,BOSTON,1980,6,11,312,312,1052,BOSTON:1980:11:6,42.900788885186,40.4274048177698,1081,1072.95177453163,1081.69811572802
1980-11-08,BOSTON,1980,7,11,313,313,1024,BOSTON:1980:11:7,42.581151326725,57.5106813768648,809,813.695830788252,993.947457763597
1980-11-09,BOSTON,1980,1,11,314,314,958,BOSTON:1980:11:1,42.2638185192848,11.1349533624965,807,852.780095829828,877.515611446933
1980-11-10,BOSTON,1980,2,11,315,315,986,BOSTON:1980:11:2,41.94888490204,31.7837017280818,934,900.531703358785,991.055009253528
1980-11-11,BOSTON,1980,3,11,316,316,1055,BOSTON:1980:11:3,41.636444209345,62.8333033134381,1063,1075.91103049325,1027.37899308906
1980-11-12,BOSTON,1980,4,11,317,317,1099,BOSTON:1980:11:4,41.3265894429577,64.8262080346984,1108,1038.44008955692,1154.52917848283
1980-11-13,BOSTON,1980,5,11,318,318,1071,BOSTON:1980:11:5,41.0194128444782,22.6618711925476,909,903.146722360031,1016.06520165162
1980-11-14,BOSTON,1980,6,11,319,319,1052,BOSTON:1980:11:6,40.7150058680106,30.4940330515507,1206,1189.56994435868,1075.28247706014
1980-11-15,BOSTON,1980,7,11,320,320,1039,BOSTON:1980:11:7,40.4134591530562,65.3954385641515,1109,1085.71176405405,1002.71382689199
1980-11-16,BOSTON,1980,1,11,321,321,1010,BOSTON:1980:11:1,40.1148624976469,64.8782986637509,963,988.715508768452,916.885801045807
1980-11-17,BOSTON,1980,2,11,322,322,988,BOSTON:1980:11:2,39.8193048317262,25.5319867100843,1090,1065.69075482569,1009.23568823506
1980-11-18,BOSTON,1980,3,11,323,323,1020,BOSTON:1980:11:3,39.5268741907845,14.8202569113406,876,854.398382013231,1000.0572462729
1980-11-19,BOSTON,1980,4,11,324,324,1097,BOSTON:1980:11:4,39.237657689759,53.5171019819467,1120,1117.83175061054,1123.98065944129
1980-11-20,BOSTON,1980,5,11,325,325,1068,BOSTON:1980:11:5,38.9517414972039,11.2182096724251,1008,969.287566504041,1006.3222434911
1980-11-21,BOSTON,1980,6,11,326,326,1037,BOSTON:1980:11:6,38.6692108097392,6.03015491970803,1051,1067.90918539996,1076.60729267339
1980-11-22,BOSTON,1980,7,11,327,327,1053,BOSTON:1980:11:7,38.3901498267862,73.3484667829673,998,1016.41825500077,1028.92813630376
1980-11-23,BOSTON,1980,1,11,328,328,967,BOSTON:1980:11:1,38.1146417255963,5.55587801155477,959,1006.4774834129,910.223000384196
1980-11-24,BOSTON,1980,2,11,329,329,996,BOSTON:1980:11:2,37.8427686365809,26.5301584997703,1052,1106.55296889064,1020.07706132507
1980-11-25,BOSTON,1980,3,11,330,330,1074,BOSTON:1980:11:3,37.5746116189501,66.6290749337739,1049,1049.04767446006,1055.075942815
1980-11-26,BOSTON,1980,4,11,331,331,1097,BOSTON:1980:11:4,37.3102506366668,45.5167195107897,1132,1173.77433230211,1153.31350548758
1980-11-27,BOSTON,1980,5,11,332,332,1086,BOSTON:1980:11:5,37.0497645347234,22.0897389438789,939,924.146052198783,1015.64165474175
1980-11-28,BOSTON,1980,6,11,333,333,1088,BOSTON:1980:11:6,36.793231015749,53.4390492264216,985,966.335919226678,1089.41211453848
1980-11-29,BOSTON,1980,7,11,334,334,1048,BOSTON:1980:11:7,36.5407266169529,59.9245282592926,1127,1158.02810102688,1001.6827713008
1980-11-30,BOSTON,1980,1,11,335,335,989,BOSTON:1980:11:1,36.2923266874114,23.2912813169369,1023,973.552269835069,887.41423586126
1980-12-01,BOSTON,1980,2,12,336,336,1010,BOSTON:1980:12:2,36.0481053657058,35.5277637132603,741,777.937498451222,977.323770643742
1980-12-02,BOSTON,1980,3,12,337,337,1065,BOSTON:1980:12:3,35.8081355579167,49.6242991932638,845,878.387071994925,1020.66985164821
1980-12-03,BOSTON,1980,4,12,338,338,1104,BOSTON:1980:12:4,35.5724889159823,45.474853695246,1034,1018.27277950626,967.622408652208
1980-12-04,BOSTON,1980,5,12,339,339,1115,BOSTON:1980:12:5,35.341235816426,45.4158398652853,1146,1142.88775486833,1107.12440766569
1980-12-05,BOSTON,1980,6,12,340,340,1109,BOSTON:1980:12:6,35.1144453394612,68.5641836771195,959,1039.74414851222,1004.50546263172
1980-12-06,BOSTON,1980,7,12,341,341,1027,BOSTON:1980:12:7,34.8921852484776,28.9236586606561,1030,1033.70572577372,985.251392074373
1980-12-07,BOSTON,1980,1,12,342,342,982,BOSTON:1980:12:1,34.6745219699171,8.03285656851426,1019,1029.31023598894,983.346004407427
1980-12-08,BOSTON,1980,2,12,343,343,1017,BOSTON:1980:12:2,34.461520573543,36.2835967828982,1157,1143.41148969435,978.077868253212
1980-12-09,BOSTON,1980,3,12,344,344,1040,BOSTON:1980:12:3,34.2532447531108,15.0083793109503,1031,998.706620622173,1016.34395433642
1980-12-10,BOSTON,1980,4,12,345,345,1098,BOSTON:1980:12:4,34.0497568074442,33.0985802911981,1076,1041.27955212126,972.516827182626
1980-12-11,BOSTON,1980,5,12,346,346,1101,BOSTON:1980:12:5,33.8511176219236,24.7661535160642,907,880.514382624067,1110.21576010561
1980-12-12,BOSTON,1980,6,12,347,347,1114,BOSTON:1980:12:6,33.6573866503914,67.491899305549,1069,1078.08261058235,1016.84774127274
1980-12-13,BOSTON,1980,7,12,348,348,1030,BOSTON:1980:12:7,33.4686218974799,25.6509599582911,890,927.65226457693,998.46967414521
1980-12-14,BOSTON,1980,1,12,349,349,992,BOSTON:1980:12:1,33.2848799013677,14.332018724564,882,862.365232183218,995.741632410506
1980-12-15,BOSTON,1980,2,12,350,350,1027,BOSTON:1980:12:2,33.1062157169682,41.7370439573889,889,960.65907032713,985.627730522695
1980-12-16,BOSTON,1980,3,12,351,351,1038,BOSTON:1980:12:3,32.932682899557,7.49049669437476,1117,1100.72945056433,1015.64182119122
1980-12-17,BOSTON,1980,4,12,352,352,1135,BOSTON:1980:12:4,32.7643334888415,65.4871980915339,895,892.516862679211,994.966077378971
1980-12-18,BOSTON,1980,5,12,353,353,1115,BOSTON:1980:12:5,32.6012179934785,33.6562445461184,1008,1023.29203203617,1127.59829840334
1980-12-19,BOSTON,1980,6,12,354,354,1064,BOSTON:1980:12:6,32.4433853760442,8.8583084222941,967,1036.03330114033,987.371052524269
1980-12-20,BOSTON,1980,7,12,355,355,1048,BOSTON:1980:12:7,32.2908830384603,40.8240436993419,927,916.231678092623,992.798696306541
1980-12-21,BOSTON,1980,1,12,356,356,1042,BOSTON:1980:12:1,32.1437568078817,66.1605483736911,1071,1034.80141549013,1030.44000638735
1980-12-22,BOSTON,1980,2,12,357,357,1033,BOSTON:1980:12:2,32.002050923049,43.816057145461,1008,1024.41012152702,1004.10981018013
1980-12-23,BOSTON,1980,3,12,358,358,1060,BOSTON:1980:12:3,31.8658080211111,26.1899208047629,1017,1005.08541346986,1019.8173495988
1980-12-24,BOSTON,1980,4,12,359,359,1095,BOSTON:1980:12:4,31.7350691249199,19.3692186469749,822,815.44092725274,953.644762769674
1980-12-25,BOSTON,1980,5,12,360,360,1140,BOSTON:1980:12:5,31.6098736308028,55.0777460273799,1395,1396.01645895812,1111.06153382525
1980-12-26,BOSTON,1980,6,12,361,361,1066,BOSTON:1980:12:6,31.4902592968156,6.557452350944,997,996.04046465668,983.275743571229
1980-12-27,BOSTON,1980,7,12,362,362,1024,BOSTON:1980:12:7,31.3762622314799,9.87337851313086,1112,1048.29278602106,982.480237473946
1980-12-28,BOSTON,1980,1,12,363,363,1039,BOSTON:1980:12:1,31.2679168830075,59.0396246678576,1062,1027.12444480229,1024.4723567947
1980-12-29,BOSTON,1980,2,12,364,364,1014,BOSTON:1980:12:2,31.1652560290157,17.7336248303971,1149,1082.01464616092,998.860820400263
1980-12-30,BOSTON,1980,3,12,365,365,1059,BOSTON:1980:12:3,31.0683107667368,21.4993488125268,1091,1104.62864714877,1028.52702322533
1980-12-31,BOSTON,1980,4,12,366,366,1129,BOSTON:1980:12:4,30.9771105037237,50.8533640154804,1045,1061.40548003733,983.249924016597
1981-01-01,BOSTON,1981,5,1,367,1,1100,BOSTON:1981:1:5,30.8916829490558,9.42819054345495,1119,1095.8069760275,1067.48759558407
1981-01-02,BOSTON,1981,6,1,368,2,1061,BOSTON:1981:1:6,30.812054105046,0,984,929.944735160255,1073.54690659015
1981-01-03,BOSTON,1981,7,1,369,3,1040,BOSTON:1981:1:7,30.7382482594533,24.2007988995595,1107,1093.06734344317,992.559051060024
1981-01-04,BOSTON,1981,1,1,370,4,1016,BOSTON:1981:1:1,30.6702879782019,29.4920248271151,922,932.434180759261,922.473795121831
1981-01-05,BOSTON,1981,2,1,371,5,1023,BOSTON:1981:1:2,30.6081940986096,25.1373406111142,1341,1249.12787968069,1039.95682879739
1981-01-06,BOSTON,1981,3,1,372,6,1060,BOSTON:1981:1:3,30.5519857231268,19.548601840783,887,864.201619335737,1048.32486820264
1981-01-07,BOSTON,1981,4,1,373,7,1137,BOSTON:1981:1:4,30.5016802135896,56.1555122398813,1030,1038.36548649629,1035.67867689791
1981-01-08,BOSTON,1981,5,1,374,8,1119,BOSTON:1981:1:5,30.457293185987,27.3148567528691,1158,1153.93686747618,1072.49132125911
1981-01-09,BOSTON,1981,6,1,375,9,1096,BOSTON:1981:1:6,30.4188385057439,32.7823796599348,1078,1092.84143199169,1078.80820079477
1981-01-10,BOSTON,1981,7,1,376,10,1077,BOSTON:1981:1:7,30.3863282835235,62.8553615168792,933,964.966024930445,1004.53594214587
1981-01-11,BOSTON,1981,1,1,377,11,1036,BOSTON:1981:1:1,30.359772871547,49.5811808172805,903,888.844815641353,921.578333218895
1981-01-12,BOSTON,1981,2,1,378,12,1012,BOSTON:1981:1:2,30.3391808604348,9.96052526007323,971,976.23654302629,1016.18356522726
1981-01-13,BOSTON,1981,3,1,379,13,1059,BOSTON:1981:1:3,30.3245590765677,16.9396373674921,1007,1009.51148557128,1026.39272890158
1981-01-14,BOSTON,1981,4,1,380,14,1145,BOSTON:1981:1:4,30.3159125799712,63.3098840968151,945,915.677430904941,1035.24547538074
1981-01-15,BOSTON,1981,5,1,381,15,1130,BOSTON:1981:1:5,30.3132446627215,36.2562512075611,1105,1081.52944447443,1085.70080920807
1981-01-16,BOSTON,1981,6,1,382,16,1112,BOSTON:1981:1:6,30.3165568478747,48.5742106239653,1077,1078.7534051279,1097.13277427461
1981-01-17,BOSTON,1981,7,1,383,17,1041,BOSTON:1981:1:7,30.32584888892,21.4155064992023,981,1010.44697143308,984.56189676689
1981-01-18,BOSTON,1981,1,1,384,18,1036,BOSTON:1981:1:1,30.341118769756,49.1846925556086,945,882.712415620274,909.549744571533
1981-01-19,BOSTON,1981,2,1,385,19,1033,BOSTON:1981:1:2,30.3623627051909,32.9997655186069,1028,1020.383482999,1019.95980515122
1981-01-20,BOSTON,1981,3,1,386,20,1099,BOSTON:1981:1:3,30.3895751419662,59.3692566184512,1173,1190.39229244274,1050.31481865686
1981-01-21,BOSTON,1981,4,1,387,21,1093,BOSTON:1981:1:4,30.4227487603033,8.39349969288498,1136,1087.68006877588,1008.20194885188
1981-01-22,BOSTON,1981,5,1,388,22,1110,BOSTON:1981:1:5,30.4618744759737,15.2171636929652,980,947.152808526931,1055.19607232194
1981-01-23,BOSTON,1981,6,1,389,23,1069,BOSTON:1981:1:6,30.506941442891,2.15431036618626,999,985.079462917377,1070.76542886943
1981-01-24,BOSTON,1981,7,1,390,24,1031,BOSTON:1981:1:7,30.5579370562242,10.2920325937935,1019,1034.12407408472,992.428136998725
1981-01-25,BOSTON,1981,1,1,391,25,1050,BOSTON:1981:1:1,30.6148469560321,64.0117766960066,936,956.298869060247,952.398127087554
1981-01-26,BOSTON,1981,2,1,392,26,1018,BOSTON:1981:1:2,30.6776550314171,16.4188073081678,793,799.552085579471,1056.89980082435
1981-01-27,BOSTON,1981,3,1,393,27,1087,BOSTON:1981:1:3,30.7463434251972,46.5651553084158,1126,1147.58215028901,1067.96758423882
1981-01-28,BOSTON,1981,4,1,394,28,1133,BOSTON:1981:1:4,30.8208925390951,50.8190409371033,1006,1001.32159471081,1037.87389886946
1981-01-29,BOSTON,1981,5,1,395,29,1098,BOSTON:1981:1:5,30.9012810394433,3.2805232677874,981,995.424345235514,1062.12420162647
1981-01-30,BOSTON,1981,6,1,396,30,1078,BOSTON:1981:1:6,30.9874858634021,12.7591098958101,1253,1201.07444485135,1070.74668947155
1981-01-31,BOSTON,1981,7,1,397,31,1034,BOSTON:1981:1:7,31.0794822256906,15.0176232927373,919,920.607068159529,984.91497302845
1981-02-01,BOSTON,1981,1,2,398,32,996,BOSTON:1981:2:1,31.1772436258272,3.25133821050456,1009,1047.98694120428,1001.75699541267
1981-02-02,BOSTON,1981,2,2,399,33,1007,BOSTON:1981:2:2,31.2807418558781,4.53471074477184,898,865.947718579906,920.430384029538
1981-02-03,BOSTON,1981,3,2,400,34,1104,BOSTON:1981:2:3,31.389947008712,65.7765059186125,1036,1044.87251881527,1114.94517406425
1981-02-04,BOSTON,1981,4,2,401,35,1146,BOSTON:1981:2:4,31.5048274867573,65.528628298022,1125,1112.04106917561,1115.3763202651
1981-02-05,BOSTON,1981,5,2,402,36,1099,BOSTON:1981:2:5,31.6253500112608,6.22007300912362,909,957.561312916431,981.321773733114
1981-02-06,BOSTON,1981,6,2,403,37,1121,BOSTON:1981:2:6,31.7514796320437,60.1231503484859,1029,1026.02483001788,1061.90368452898
1981-02-07,BOSTON,1981,7,2,404,38,1053,BOSTON:1981:2:7,31.8831797377535,37.2243083678514,1095,1011.98837027635,1024.89739086977
1981-02-08,BOSTON,1981,1,2,405,39,1012,BOSTON:1981:2:1,32.0204120666071,24.7018322023846,969,1033.28258514153,999.951746916768
1981-02-09,BOSTON,1981,2,2,406,40,1026,BOSTON:1981:2:2,32.1631367176241,28.6493106067582,833,827.846205049388,905.618676135535
1981-02-10,BOSTON,1981,3,2,407,41,1084,BOSTON:1981:2:3,32.3113121623445,46.766445242827,1000,992.984343970005,1061.3169192981
1981-02-11,BOSTON,1981,4,2,408,42,1084,BOSTON:1981:2:4,32.4648952570295,3.24008746235803,1084,1111.54661903498,1036.51396832262
1981-02-12,BOSTON,1981,5,2,409,43,1111,BOSTON:1981:2:5,32.623841255341,21.375721868031,1003,1003.65017469792,949.813438740296
1981-02-13,BOSTON,1981,6,2,410,44,1105,BOSTON:1981:2:6,32.7881038214953,45.44323240667,1043,1077.08693144884,1040.22373371915
1981-02-14,BOSTON,1981,7,2,411,45,1035,BOSTON:1981:2:7,32.9576350438886,20.1440824095638,995,1036.8316662772,1014.47684521092
1981-02-15,BOSTON,1981,1,2,412,46,1037,BOSTON:1981:2:1,33.1323854491895,56.3421873126028,1018,1015.41815266633,1018.46853123422
1981-02-16,BOSTON,1981,2,2,413,47,1009,BOSTON:1981:2:2,33.3123040168938,13.3743498024922,1037,1032.5764246115,910.031636402855
1981-02-17,BOSTON,1981,3,2,414,48,1068,BOSTON:1981:2:3,33.4973381943385,33.3537637274097,1050,1003.15872481443,1055.97814079521
1981-02-18,BOSTON,1981,4,2,415,49,1095,BOSTON:1981:2:4,33.6874339121706,18.0109109959877,978,999.707766558328,1041.26900833787
1981-02-19,BOSTON,1981,5,2,416,50,1099,BOSTON:1981:2:5,33.8825356002636,12.3241679111234,825,807.707963030077,950.587298176941
1981-02-20,BOSTON,1981,6,2,417,51,1120,BOSTON:1981:2:6,34.0825862040812,65.6260746879572,1001,1064.3742614298,1060.76080941215
1981-02-21,BOSTON,1981,7,2,418,52,1033,BOSTON:1981:2:7,34.2875272014802,21.8083148452146,1043,1037.05451468901,1026.75529680887
1981-02-22,BOSTON,1981,1,2,419,53,1013,BOSTON:1981:2:1,34.4972986199481,32.9892454862183,1031,1022.14913735379,1006.82272643662
1981-02-23,BOSTON,1981,2,2,420,54,996,BOSTON:1981:2:2,34.7118390542718,1.67131908985617,872,909.049440043225,903.919303431942
1981-02-24,BOSTON,1981,3,2,421,55,1069,BOSTON:1981:2:3,34.9310856846305,38.2532484455178,1210,1224.74987533866,1063.75976584231
1981-02-25,BOSTON,1981,4,2,422,56,1116,BOSTON:1981:2:4,35.1549742951091,45.2517897331189,1070,1092.85803630912,1063.84070307446
1981-02-26,BOSTON,1981,5,2,423,57,1123,BOSTON:1981:2:5,35.3834392926245,42.1218874170034,1113,1079.67721871982,968.27748934984
1981-02-27,BOSTON,1981,6,2,424,58,1076,BOSTON:1981:2:6,35.6164137262614,23.1520300253988,1117,1159.1239261718,1027.11177234007
1981-02-28,BOSTON,1981,7,2,425,59,1065,BOSTON:1981:2:7,35.8538293070108,63.2318311789953,957,943.423228729463,1023.87046711035
1981-03-01,BOSTON,1981,1,3,426,60,1019,BOSTON:1981:3:1,36.0956164279054,44.9336027463,895,919.083489541261,976.140087786037
1981-03-02,BOSTON,1981,2,3,427,61,1009,BOSTON:1981:3:2,36.3417041845462,22.5450482553645,1226,1212.90272813572,991.989411108613
1981-03-03,BOSTON,1981,3,3,428,62,1055,BOSTON:1981:3:3,36.592020396014,28.7663468591508,1028,999.749379174048,922.73890851721
1981-03-04,BOSTON,1981,4,3,429,63,1081,BOSTON:1981:3:4,36.84649162616,13.079748099366,1169,1211.11988165694,1019.40488097968
1981-03-05,BOSTON,1981,5,3,430,64,1137,BOSTON:1981:3:5,37.1050432052691,62.4836760324653,877,937.374171774382,1052.64184804498
1981-03-06,BOSTON,1981,6,3,431,65,1113,BOSTON:1981:3:6,37.3675992520889,69.0846842172919,1030,1047.19717699743,1085.41276846481
1981-03-07,BOSTON,1981,7,3,432,66,1041,BOSTON:1981:3:7,37.6340826962194,42.0892105380124,1087,1036.24722474063,973.463521631558
1981-03-08,BOSTON,1981,1,3,433,67,998,BOSTON:1981:3:1,37.9044153008546,25.972734238294,952,983.288568697756,969.822640352197
1981-03-09,BOSTON,1981,2,3,434,68,1048,BOSTON:1981:3:2,38.1785176858712,72.9417229957354,935,912.594325424141,1025.81094792727
1981-03-10,BOSTON,1981,3,3,435,69,1042,BOSTON:1981:3:3,38.4563093512574,19.8936866569588,965,1000.4079045406,938.411948004684
1981-03-11,BOSTON,1981,4,3,436,70,1107,BOSTON:1981:3:4,38.737708700873,46.6247462695986,982,948.517103705491,1043.13086653866
1981-03-12,BOSTON,1981,5,3,437,71,1083,BOSTON:1981:3:5,39.0226330665365,11.5951301261277,1110,1113.00145460193,1028.02307838771
1981-03-13,BOSTON,1981,6,3,438,72,1079,BOSTON:1981:3:6,39.3109987324302,38.4032786285703,1143,1147.79873908409,1042.89009424894
1981-03-14,BOSTON,1981,7,3,439,73,1008,BOSTON:1981:3:7,39.6027209598162,11.5639285941199,775,771.250915034624,948.929306206908
1981-03-15,BOSTON,1981,1,3,440,74,984,BOSTON:1981:3:1,39.8977140120575,16.1793174005458,1032,1065.81874422204,966.727393783211
1981-03-16,BOSTON,1981,2,3,441,75,1000,BOSTON:1981:3:2,40.195891179935,25.0053921345146,839,844.020714704916,1002.42184859407
1981-03-17,BOSTON,1981,3,3,442,76,1059,BOSTON:1981:3:3,40.4971648072537,46.3682283246603,1115,1058.58191213322,948.279419696864
1981-03-18,BOSTON,1981,4,3,443,77,1110,BOSTON:1981:3:4,40.8014463167309,57.0209824363372,1117,1128.25522465871,1060.23831366945
1981-03-19,BOSTON,1981,5,3,444,78,1082,BOSTON:1981:3:5,41.1086462361582,17.6951100135066,997,1013.01630469356,1037.28519893969
1981-03-20,BOSTON,1981,6,3,445,79,1099,BOSTON:1981:3:6,41.4186742248296,67.0714176491186,930,985.223483234973,1063.1215746675
1981-03-21,BOSTON,1981,7,3,446,80,1041,BOSTON:1981:3:7,41.7314391002287,56.3316287031625,1032,1009.00414907498,970.725421948983
1981-03-22,BOSTON,1981,1,3,447,81,1015,BOSTON:1981:3:1,42.0468488649652,60.2748164010421,1008,1011.06751668242,992.737393772758
1981-03-23,BOSTON,1981,2,3,448,82,988,BOSTON:1981:3:2,42.3648107339553,17.6606983327232,988,1031.63465096941,998.003421609622
1981-03-24,BOSTON,1981,3,3,449,83,1040,BOSTON:1981:3:3,42.6852311618363,32.7492186013346,791,807.772181830655,925.288780522364
1981-03-25,BOSTON,1981,4,3,450,84,1101,BOSTON:1981:3:4,43.008015870607,55.1412895694622,896,886.440503197928,1041.22593881218
1981-03-26,BOSTON,1981,5,3,451,85,1100,BOSTON:1981:3:5,43.3330698774874,45.0006519931115,1175,1198.86490802586,1041.049874628
1981-03-27,BOSTON,1981,6,3,452,86,1060,BOSTON:1981:3:6,43.6602975229882,33.1464230164103,1127,1110.58758982111,1038.57556261901
1981-03-28,BOSTON,1981,7,3,453,87,1008,BOSTON:1981:3:7,43.9896024991811,25.8267516102694,937,994.351812993114,937.881750212537
1981-03-29,BOSTON,1981,1,3,454,88,968,BOSTON:1981:3:1,44.3208878781643,13.3943136190992,970,983.705163357716,951.57248430552
1981-03-30,BOSTON,1981,2,3,455,89,988,BOSTON:1981:3:2,44.6540561407117,26.21743808922,1020,1025.03187795809,989.774370760373
1981-03-31,BOSTON,1981,3,3,456,90,1069,BOSTON:1981:3:3,44.9890092050988,72.2944631276984,801,784.019599123301,965.280943258994
1981-04-01,BOSTON,1981,4,4,457,91,1104,BOSTON:1981:4:4,45.3256484560971,67.1535675807228,1255,1189.5839986514,1111.64758944879
1981-04-02,BOSTON,1981,5,4,458,92,1110,BOSTON:1981:4:5,45.6638747741279,62.9900173269023,995,1022.95845295747,1026.07487595652
1981-04-03,BOSTON,1981,6,4,459,93,1042,BOSTON:1981:4:6,46.0035885645663,21.8474093692963,1095,1029.98935317171,1020.45189913371
1981-04-04,BOSTON,1981,7,4,460,94,996,BOSTON:1981:4:7,46.344689787188,20.0766359896487,885,929.00685900819,939.511085664788
1981-04-05,BOSTON,1981,1,4,461,95,1018,BOSTON:1981:4:1,46.6870779857497,79.9178845795329,1124,1077.85012110419,1042.0320918023
1981-04-06,BOSTON,1981,2,4,462,96,995,BOSTON:1981:4:2,47.0306523176936,42.5597520438117,946,926.220349277559,991.970317766282
1981-04-07,BOSTON,1981,3,4,463,97,1036,BOSTON:1981:4:3,47.375311583968,44.8564754614962,1052,1046.74850953732,1072.87958554123
1981-04-08,BOSTON,1981,4,4,464,98,1057,BOSTON:1981:4:4,47.7209542589558,24.291819945473,942,973.578410052235,1057.43754937053
1981-04-09,BOSTON,1981,5,4,465,99,1093,BOSTON:1981:4:5,48.0674785205,54.0130375341349,969,932.989018105921,989.16999236038
1981-04-10,BOSTON,1981,6,4,466,100,1044,BOSTON:1981:4:6,48.4147822800194,32.369243641301,1125,1113.38441204685,1012.92521242879
1981-04-11,BOSTON,1981,7,4,467,101,996,BOSTON:1981:4:7,48.7627632127053,29.8695476402438,1039,1009.54728521698,938.768889773065
1981-04-12,BOSTON,1981,1,4,468,102,995,BOSTON:1981:4:1,49.1113187877879,62.4958669922732,1061,1117.89469050094,1010.96295471512
1981-04-13,BOSTON,1981,2,4,469,103,980,BOSTON:1981:4:2,49.4603462988673,34.2600142728699,940,932.906064333055,963.390678965084
1981-04-14,BOSTON,1981,3,4,470,104,1052,BOSTON:1981:4:3,49.8097428942972,71.5376075271459,1113,1121.57121531682,1080.40033783426
1981-04-15,BOSTON,1981,4,4,471,105,1046,BOSTON:1981:4:4,50.1594056076133,21.7335681038672,1232,1217.42116855297,1062.75312372814
1981-04-16,BOSTON,1981,5,4,472,106,1102,BOSTON:1981:4:5,50.5092313879971,73.0513363698367,1017,1032.79218677164,1013.72480597762
1981-04-17,BOSTON,1981,6,4,473,107,1048,BOSTON:1981:4:6,50.8591171307669,45.7790967798971,854,881.115247851446,1034.69015641822
1981-04-18,BOSTON,1981,7,4,474,108,1023,BOSTON:1981:4:7,51.2089597078861,69.1210678889306,979,962.934973430632,981.469214460873
1981-04-19,BOSTON,1981,1,4,475,109,988,BOSTON:1981:4:1,51.55865599848,62.9256414573607,961,931.922392221576,1034.28968949826
1981-04-20,BOSTON,1981,2,4,476,110,984,BOSTON:1981:4:2,51.9081029193523,48.0250207046094,954,956.853247490599,975.750950795535
1981-04-21,BOSTON,1981,3,4,477,111,1035,BOSTON:1981:4:3,52.2571974554919,61.1574303666018,1137,1171.86768356467,1069.83003013641
1981-04-22,BOSTON,1981,4,4,478,112,1035,BOSTON:1981:4:4,52.6058366905613,17.6384111248603,935,954.257367026453,1049.58549322968
1981-04-23,BOSTON,1981,5,4,479,113,1057,BOSTON:1981:4:5,52.9539178373578,33.1609638190182,993,1041.80794316871,974.117359564929
1981-04-24,BOSTON,1981,6,4,480,114,1060,BOSTON:1981:4:6,53.3013382682375,67.6423954649626,1027,986.871694504499,1032.93273201991
1981-04-25,BOSTON,1981,7,4,481,115,985,BOSTON:1981:4:7,53.6479955454942,33.7096497192632,914,938.106175867843,957.250810101367
1981-04-26,BOSTON,1981,1,4,482,116,992,BOSTON:1981:4:1,53.9937874516838,75.9691479411341,981,985.287688222781,1039.71526398412
1981-04-27,BOSTON,1981,2,4,483,117,971,BOSTON:1981:4:2,54.3386120198845,40.8820832207419,1071,1064.71926396716,979.888052472695
1981-04-28,BOSTON,1981,3,4,484,118,1033,BOSTON:1981:4:3,54.6823675638857,67.8243555605272,1003,1005.20008840731,1081.890046488
1981-04-29,BOSTON,1981,4,4,485,119,1088,BOSTON:1981:4:4,55.0249527082941,85.3126282398752,1045,1143.6684917159,1127.57624422283
1981-04-30,BOSTON,1981,5,4,486,120,1045,BOSTON:1981:4:5,55.3662664185508,28.4708429568677,1038,1100.9557478671,1008.91296613973
1981-05-01,BOSTON,1981,6,5,487,121,1018,BOSTON:1981:5:6,55.7062080308477,29.6456061831358,1073,1080.70993370542,921.602110744077
1981-05-02,BOSTON,1981,7,5,488,122,1007,BOSTON:1981:5:7,56.0446772819378,68.5203473015681,923,920.199466914726,878.988405896035
1981-05-03,BOSTON,1981,1,5,489,123,963,BOSTON:1981:5:1,56.3815743388262,51.4079760509197,1096,1089.3982017846,932.654567036627
1981-05-04,BOSTON,1981,2,5,490,124,996,BOSTON:1981:5:2,56.7167998283374,80.1248682840931,953,930.254636633191,970.463783829021
1981-05-05,BOSTON,1981,3,5,491,125,1045,BOSTON:1981:5:3,57.0502548665473,90.0509195426213,994,1024.06569107808,994.020754043829
1981-05-06,BOSTON,1981,4,5,492,126,1028,BOSTON:1981:5:4,57.3818410880719,27.3160695278873,1205,1167.81046140513,1095.68775082502
1981-05-07,BOSTON,1981,5,5,493,127,1061,BOSTON:1981:5:5,57.7114606752042,54.8964241995458,1147,1183.98540830181,1034.8806966885
1981-05-08,BOSTON,1981,6,5,494,128,1048,BOSTON:1981:5:6,58.0390163868913,72.149974676712,933,921.175616527922,956.745318818808
1981-05-09,BOSTON,1981,7,5,495,129,966,BOSTON:1981:5:7,58.3644115875412,29.4502233431611,873,858.948854142737,876.403806614763
1981-05-10,BOSTON,1981,1,5,496,130,991,BOSTON:1981:5:1,58.6875502756532,93.1936314041461,828,854.794912605378,979.666643175068
1981-05-11,BOSTON,1981,2,5,497,131,957,BOSTON:1981:5:2,59.0083371122617,41.7252666942093,977,953.172712748592,953.071527855531
1981-05-12,BOSTON,1981,3,5,498,132,983,BOSTON:1981:5:3,59.3266774491851,27.7943679444936,928,972.230935683818,929.645153339622
1981-05-13,BOSTON,1981,4,5,499,133,1060,BOSTON:1981:5:4,59.6424773570726,72.6852236341329,1045,1073.15939976456,1100.29254667723
1981-05-14,BOSTON,1981,5,5,500,134,1076,BOSTON:1981:5:5,59.9556436532391,80.0405583393974,1115,1118.31952275993,1074.13077788954
1981-05-15,BOSTON,1981,6,5,501,135,1021,BOSTON:1981:5:6,60.2660839292815,50.0185092478654,941,935.799370961998,958.496783409198
1981-05-16,BOSTON,1981,7,5,502,136,977,BOSTON:1981:5:7,60.5737065784664,51.2246077256308,811,852.053022932923,871.492938850729
1981-05-17,BOSTON,1981,1,5,503,137,945,BOSTON:1981:5:1,60.8784208228825,45.9754299713312,1061,1003.27591633633,913.617475691981
1981-05-18,BOSTON,1981,2,5,504,138,942,BOSTON:1981:5:2,61.1801367403497,31.7782406030712,904,964.700181240776,913.025356421734
1981-05-19,BOSTON,1981,3,5,505,139,997,BOSTON:1981:5:3,61.4787652910756,52.060564161192,861,808.39912973452,918.168832684177
1981-05-20,BOSTON,1981,4,5,506,140,1023,BOSTON:1981:5:4,61.7742183440524,39.2351853669781,960,950.032647989977,1048.83634929221
1981-05-21,BOSTON,1981,5,5,507,141,1054,BOSTON:1981:5:5,62.0664087031877,64.5901691472067,875,908.668462884392,1017.54084257924
1981-05-22,BOSTON,1981,6,5,508,142,1024,BOSTON:1981:5:6,62.3552501331577,62.6316599747659,808,788.737521220438,932.214549173277
1981-05-23,BOSTON,1981,7,5,509,143,1007,BOSTON:1981:5:7,62.6406573849794,93.7931146282766,963,1000.0849635212,917.138383082338
1981-05-24,BOSTON,1981,1,5,510,144,943,BOSTON:1981:5:1,62.9225462212919,51.81503609789,862,913.50435510834,948.116687119126
1981-05-25,BOSTON,1981,2,5,511,145,959,BOSTON:1981:5:2,63.2008334413389,60.7307976322467,951,927.265307368831,948.439331894243
1981-05-26,BOSTON,1981,3,5,512,146,975,BOSTON:1981:5:3,63.4754369056467,34.252619619729,986,965.167676376211,927.165259932267
1981-05-27,BOSTON,1981,4,5,513,147,1061,BOSTON:1981:5:4,63.7462755603895,88.9537547863268,1159,1140.84276391549,1124.18335320532
1981-05-28,BOSTON,1981,5,5,514,148,1040,BOSTON:1981:5:5,64.0132694614338,56.7095142595688,1049,1035.96117050036,1059.44768284236
1981-05-29,BOSTON,1981,6,5,515,149,1034,BOSTON:1981:5:6,64.2763397980566,80.7892943241718,985,955.30244884886,970.941237855561
1981-05-30,BOSTON,1981,7,5,516,150,956,BOSTON:1981:5:7,64.5354089163298,41.5574473351294,857,867.927442134264,882.976465556136
1981-05-31,BOSTON,1981,1,5,517,151,945,BOSTON:1981:5:1,64.790400342162,61.6237145346433,862,907.431202410635,934.944626977201
1981-06-01,BOSTON,1981,2,6,518,152,972,BOSTON:1981:6:2,65.0412388039942,83.9555719644952,997,985.460384848396,972.778184880459
1981-06-02,BOSTON,1981,3,6,519,153,969,BOSTON:1981:6:3,65.28785025514,34.6733501395144,876,847.769983479617,888.781074975966
1981-06-03,BOSTON,1981,4,6,520,154,1053,BOSTON:1981:6:4,65.5301618957642,87.585866552287,989,1022.00181070959,1055.75172880156
1981-06-04,BOSTON,1981,5,6,521,155,1030,BOSTON:1981:6:5,65.7681021944946,51.8480789068482,1093,1111.84835701394,1070.01700451156
1981-06-05,BOSTON,1981,6,6,522,156,1007,BOSTON:1981:6:6,66.0016009096588,56.5285728687021,991,970.853434864783,1036.71985126686
1981-06-06,BOSTON,1981,7,6,523,157,960,BOSTON:1981:6:7,66.2305891101407,53.0784845451982,897,864.10645313565,903.481570206026
1981-06-07,BOSTON,1981,1,6,524,158,918,BOSTON:1981:6:1,66.4549991958505,34.0708967372505,876,851.833806983447,915.998131369338
1981-06-08,BOSTON,1981,2,6,525,159,954,BOSTON:1981:6:2,66.6747649178021,67.9911095556915,984,1016.8981309254,932.434485985952
1981-06-09,BOSTON,1981,3,6,526,160,1002,BOSTON:1981:6:3,66.889821397791,79.4207604971698,1056,1018.5682531315,904.734042234565
1981-06-10,BOSTON,1981,4,6,527,161,1054,BOSTON:1981:6:4,67.1001051476683,95.3264543664168,1192,1185.60840301963,1080.78753891134
1981-06-11,BOSTON,1981,5,6,528,162,1009,BOSTON:1981:6:5,67.3055540882046,34.0924229794177,1014,1014.22956230055,1075.49644973893
1981-06-12,BOSTON,1981,6,6,529,163,1041,BOSTON:1981:6:6,67.5061075675369,100,1107,1111.17872021047,1109.17811263916
1981-06-13,BOSTON,1981,7,6,530,164,956,BOSTON:1981:6:7,67.7017063791954,53.9038401008674,949,916.051441557282,949.133635192094
1981-06-14,BOSTON,1981,1,6,531,165,965,BOSTON:1981:6:1,67.8922927797027,98.6319808217883,1078,1060.52976407798,1033.60044698351
1981-06-15,BOSTON,1981,2,6,532,166,960,BOSTON:1981:6:2,68.0778105057415,81.2103412266459,980,942.50599748805,1026.12828124438
1981-06-16,BOSTON,1981,3,6,533,167,984,BOSTON:1981:6:3,68.2582047908846,64.5507944306638,871,868.439910758282,938.739288621836
1981-06-17,BOSTON,1981,4,6,534,168,1045,BOSTON:1981:6:4,68.433422381884,90.5868920971515,1095,1087.12754183998,1101.32240918325
1981-06-18,BOSTON,1981,5,6,535,169,1007,BOSTON:1981:6:5,68.6034115545117,36.3683554042728,1193,1227.54432103493,1081.8659015718
1981-06-19,BOSTON,1981,6,6,536,170,1022,BOSTON:1981:6:6,68.7681221289497,85.5003401150864,1102,1117.57734767459,1092.24081958642
1981-06-20,BOSTON,1981,7,6,537,171,956,BOSTON:1981:6:7,68.927505484724,58.3378700450413,1020,1064.56399671356,932.208757351052
1981-06-21,BOSTON,1981,1,6,538,172,956,BOSTON:1981:6:1,69.0815145751772,92.1290722183262,941,997.435667407429,1002.51886378987
1981-06-22,BOSTON,1981,2,6,539,173,949,BOSTON:1981:6:2,69.2301039414768,71.7180013603818,907,896.514060500184,991.387912680027
1981-06-23,BOSTON,1981,3,6,540,174,971,BOSTON:1981:6:3,69.3732297261542,53.5914051792881,902,941.861622012432,907.001361293641
1981-06-24,BOSTON,1981,4,6,541,175,1041,BOSTON:1981:6:4,69.5108496861706,90.5772245207976,1036,1018.57723792765,1074.13832310401
1981-06-25,BOSTON,1981,5,6,542,176,1007,BOSTON:1981:6:5,69.6429232055055,41.0580518412138,1000,950.37169315595,1072.62064417768
1981-06-26,BOSTON,1981,6,6,543,177,1025,BOSTON:1981:6:6,69.769411307265,93.0169555023023,1136,1107.71579801237,1097.86121650791
1981-06-27,BOSTON,1981,7,6,544,178,949,BOSTON:1981:6:7,69.8902766653052,54.2701317383623,851,835.638055984737,932.176037251229
1981-06-28,BOSTON,1981,1,6,545,179,949,BOSTON:1981:6:1,70.0054836153681,87.7231905862386,1053,1041.20657591733,995.882557858474
1981-06-29,BOSTON,1981,2,6,546,180,971,BOSTON:1981:6:2,70.114998165726,100,1093,1093.63758308649,1038.27113520873
1981-06-30,BOSTON,1981,3,6,547,181,958,BOSTON:1981:6:3,70.218788007332,40.9214472086746,864,862.748575043786,929.744232873707
1981-07-01,BOSTON,1981,4,7,548,182,1042,BOSTON:1981:7:4,70.3168225234723,95.1223547772853,1179,1148.6781425608,1170.48787755523
1981-07-02,BOSTON,1981,5,7,549,183,1049,BOSTON:1981:7:5,70.4090727989193,91.5657479951721,1429,1394.89641368399,1128.42029558993
1981-07-03,BOSTON,1981,6,7,550,184,996,BOSTON:1981:7:6,70.4955116285805,62.4576639499378,987,969.01982213353,1063.72634739087
1981-07-04,BOSTON,1981,7,7,551,185,950,BOSTON:1981:7:7,70.576113525643,58.5079314563004,1063,1040.2522878992,923.014152596171
1981-07-05,BOSTON,1981,1,7,552,186,917,BOSTON:1981:7:1,70.6508547292089,49.9965639380736,853,834.038101754114,863.686189037699
1981-07-06,BOSTON,1981,2,7,553,187,947,BOSTON:1981:7:2,70.7197132114212,75.5764995970654,1061,1037.28434311015,982.69290142237
1981-07-07,BOSTON,1981,3,7,554,188,1004,BOSTON:1981:7:3,70.7826686840765,97.946532015156,987,1027.42485130161,1000.84907179391
1981-07-08,BOSTON,1981,4,7,555,189,1021,BOSTON:1981:7:4,70.8397026047241,72.919689006092,1220,1202.34276572847,1131.20287567439
1981-07-09,BOSTON,1981,5,7,556,190,1034,BOSTON:1981:7:5,70.890798182248,76.9779041572687,953,899.49019312262,1075.52998593375
1981-07-10,BOSTON,1981,6,7,557,191,1012,BOSTON:1981:7:6,70.9359403819315,82.5374003596142,968,1023.2183644548,1051.27018752757
1981-07-11,BOSTON,1981,7,7,558,192,961,BOSTON:1981:7:7,70.9751159300019,73.0675880306323,918,923.463483264885,937.566801009474
1981-07-12,BOSTON,1981,1,7,559,193,933,BOSTON:1981:7:1,71.0083133176549,71.6973162753156,906,917.684339122191,902.588281910582
1981-07-13,BOSTON,1981,2,7,560,194,915,BOSTON:1981:7:2,71.0355228045561,37.1667564683199,855,844.53822730418,957.614970359379
1981-07-14,BOSTON,1981,3,7,561,195,954,BOSTON:1981:7:3,71.0567364218204,39.3964353674581,866,850.24339114197,919.088608217984
1981-07-15,BOSTON,1981,4,7,562,196,1045,BOSTON:1981:7:4,71.0719479744662,100,1125,1100.30058843721,1136.00598719092
1981-07-16,BOSTON,1981,5,7,563,197,1044,BOSTON:1981:7:5,71.0811530433459,89.9311407523093,990,946.274673566937,1109.02413618354
1981-07-17,BOSTON,1981,6,7,564,198,983,BOSTON:1981:7:6,71.08434898655,50.1599921134028,1202,1143.07794733124,1030.76637885549
1981-07-18,BOSTON,1981,7,7,565,199,967,BOSTON:1981:7:7,71.0815349402862,81.5998399672123,859,868.359431362818,931.509399115575
1981-07-19,BOSTON,1981,1,7,566,200,941,BOSTON:1981:7:1,71.0727118192318,81.8363795852366,962,966.357446227559,915.746656103824
1981-07-20,BOSTON,1981,2,7,567,201,936,BOSTON:1981:7:2,71.0578823163597,63.7256456170654,1031,990.245506528376,1004.96998991772
1981-07-21,BOSTON,1981,3,7,568,202,998,BOSTON:1981:7:3,71.0370509022392,92.8983889006554,1094,1070.92886771833,1001.45082003543
1981-07-22,BOSTON,1981,4,7,569,203,1021,BOSTON:1981:7:4,71.010223823809,74.3018630600766,1030,999.236624859434,1135.07247913364
1981-07-23,BOSTON,1981,5,7,570,204,1052,BOSTON:1981:7:5,70.9774091026263,97.9366947106534,1063,1096.30589981712,1124.55224948707
1981-07-24,BOSTON,1981,6,7,571,205,1004,BOSTON:1981:7:6,70.9386165325893,74.6705956619596,1111,1137.1991014141,1067.29069009
1981-07-25,BOSTON,1981,7,7,572,206,982,BOSTON:1981:7:7,70.8938576771358,99.3172254903653,936,891.061278795802,983.909647278242
1981-07-26,BOSTON,1981,1,7,573,207,937,BOSTON:1981:7:1,70.8431458659173,76.9654415570834,904,905.321794958381,942.978872948385
1981-07-27,BOSTON,1981,2,7,574,208,938,BOSTON:1981:7:2,70.7864961909516,65.4289517594887,1011,993.200226650172,1012.72213830117
1981-07-28,BOSTON,1981,3,7,575,209,1007,BOSTON:1981:7:3,70.7239255022519,100,1007,1003.27220897919,1032.61149995261
1981-07-29,BOSTON,1981,4,7,576,210,1032,BOSTON:1981:7:4,70.6554524029369,85.2881056453797,1200,1229.9881563036,1181.23078044652
1981-07-30,BOSTON,1981,5,7,577,211,1023,BOSTON:1981:7:5,70.5810972438211,64.5124758100154,1096,1119.841239131,1093.47333280629
1981-07-31,BOSTON,1981,6,7,578,212,974,BOSTON:1981:7:6,70.5008821174874,36.7863679779134,948,980.722158855048,1002.94639613731
1981-08-01,BOSTON,1981,7,8,579,213,964,BOSTON:1981:8:7,70.4148308518452,75.0862166453263,792,823.936655391084,959.380376283528
1981-08-02,BOSTON,1981,1,8,580,214,933,BOSTON:1981:8:1,70.3229690031728,69.6274107196948,920,920.669883525144,913.215462882944
1981-08-03,BOSTON,1981,2,8,581,215,965,BOSTON:1981:8:2,70.2253238486494,96.7325053342986,941,935.818900221216,941.652858046971
1981-08-04,BOSTON,1981,3,8,582,216,1000,BOSTON:1981:8:3,70.121924378377,92.021612531439,1033,1010.45525644599,1016.30788609173
1981-08-05,BOSTON,1981,4,8,583,217,1042,BOSTON:1981:8:4,70.0128012868944,94.7997997139018,942,969.369715090063,969.628449729196
1981-08-06,BOSTON,1981,5,8,584,218,1022,BOSTON:1981:8:5,69.8979869641878,60.6507033080377,1102,1113.66795714189,969.968704057092
1981-08-07,BOSTON,1981,6,8,585,219,1027,BOSTON:1981:8:6,69.777515486197,95.9540093851624,961,972.480399384122,1060.51564551559
1981-08-08,BOSTON,1981,7,8,586,220,942,BOSTON:1981:8:7,69.6514226048245,45.2450946060933,948,943.417110325999,987.009808790716
1981-08-09,BOSTON,1981,1,8,587,221,923,BOSTON:1981:8:1,69.5197457374464,54.2465626165662,972,956.216225946937,903.233456108846
1981-08-10,BOSTON,1981,2,8,588,222,955,BOSTON:1981:8:2,69.3825239559307,81.0518850047744,851,876.157191573343,914.703147222848
1981-08-11,BOSTON,1981,3,8,589,223,1012,BOSTON:1981:8:3,69.2397979751649,100,1098,1086.88980363531,1013.21052628553
1981-08-12,BOSTON,1981,4,8,590,224,1028,BOSTON:1981:8:4,69.0916101410974,74.8833917067375,891,914.13227863458,941.661837144605
1981-08-13,BOSTON,1981,5,8,591,225,1034,BOSTON:1981:8:5,68.9380044182952,70.7993099857312,764,787.731046965162,949.391324591264
1981-08-14,BOSTON,1981,6,8,592,226,980,BOSTON:1981:8:6,68.7790263770216,38.0337821180069,936,1023.64280475895,973.629793849895
1981-08-15,BOSTON,1981,7,8,593,227,991,BOSTON:1981:8:7,68.6147231798385,100,1101,1099.07660520243,1006.3127212275
1981-08-16,BOSTON,1981,1,8,594,228,917,BOSTON:1981:8:1,68.4451435677371,41.8617425680756,886,889.795082835244,915.184243372076
1981-08-17,BOSTON,1981,2,8,595,229,925,BOSTON:1981:8:2,68.2703378457994,39.4557689164252,902,953.272351035351,877.152764492785
1981-08-18,BOSTON,1981,3,8,596,230,1009,BOSTON:1981:8:3,68.0903578683978,94.7438459116279,877,899.374666128759,984.219077729227
1981-08-19,BOSTON,1981,4,8,597,231,1026,BOSTON:1981:8:4,67.9052570239343,68.4912011060566,1023,1009.83889674519,916.528950075753
1981-08-20,BOSTON,1981,5,8,598,232,1026,BOSTON:1981:8:5,67.7150902191248,56.3397400306609,865,833.180932944216,934.789824313409
1981-08-21,BOSTON,1981,6,8,599,233,1034,BOSTON:1981:8:6,67.5199138628342,95.1233376445272,1166,1167.94385225256,1020.43269154236
1981-08-22,BOSTON,1981,7,8,600,234,940,BOSTON:1981:8:7,67.3197858494652,34.5577998150086,1174,1126.15765741194,952.263105240866
1981-08-23,BOSTON,1981,1,8,601,235,926,BOSTON:1981:8:1,67.114765541907,48.7208443603474,976,1011.9458526295,887.39882660082
1981-08-24,BOSTON,1981,2,8,602,236,962,BOSTON:1981:8:2,66.9049137540482,79.9592383311451,948,942.224556720288,900.219820840842
1981-08-25,BOSTON,1981,3,8,603,237,974,BOSTON:1981:8:3,66.6902927328601,47.4975823653631,946,943.095653513725,940.262509892997
1981-08-26,BOSTON,1981,4,8,604,238,1018,BOSTON:1981:8:4,66.4709661400537,53.7655873096209,847,842.08370722971,875.180763050087
1981-08-27,BOSTON,1981,5,8,605,239,1019,BOSTON:1981:8:5,66.2469990333183,43.4258662062338,1007,1048.78897858883,883.850147038613
1981-08-28,BOSTON,1981,6,8,606,240,1032,BOSTON:1981:8:6,66.0184578471453,87.1185287055195,976,980.253622756937,984.421869091864
1981-08-29,BOSTON,1981,7,8,607,241,950,BOSTON:1981:8:7,65.7854103732433,41.0251544315878,825,858.474962609765,935.033988456803
1981-08-30,BOSTON,1981,1,8,608,242,963,BOSTON:1981:8:1,65.5479257405514,88.1381431562604,778,822.443690118581,912.968011035282
1981-08-31,BOSTON,1981,2,8,609,243,945,BOSTON:1981:8:2,65.3060743948548,53.4759223987452,885,899.312476667619,893.271409397473
1981-09-01,BOSTON,1981,3,9,610,244,987,BOSTON:1981:9:3,65.0599280780101,56.2517852278346,839,884.420003324998,950.772182301833
1981-09-02,BOSTON,1981,4,9,611,245,1042,BOSTON:1981:9:4,64.8095598067854,73.8917394723509,971,978.433713977966,983.596603892741
1981-09-03,BOSTON,1981,5,9,612,246,1019,BOSTON:1981:9:5,64.555043851323,36.3194058633591,908,869.83199436839,965.317281801461
1981-09-04,BOSTON,1981,6,9,613,247,989,BOSTON:1981:9:6,64.2964557132287,30.8360157853527,1137,1120.20353873636,1064.48784447591
1981-09-05,BOSTON,1981,7,9,614,248,1004,BOSTON:1981:9:7,64.0338721032964,98.5470067267084,999,985.973333098051,908.711118671764
1981-09-06,BOSTON,1981,1,9,615,249,954,BOSTON:1981:9:1,63.7673709188735,69.6430901155023,1092,1050.633623034,935.218473557686
1981-09-07,BOSTON,1981,2,9,616,250,975,BOSTON:1981:9:2,63.4970312208739,83.2246457801071,744,754.819051334295,959.420001074822
1981-09-08,BOSTON,1981,3,9,617,251,1023,BOSTON:1981:9:3,63.2229332104448,90.6556617925066,1056,1000.55209352041,1022.91714143686
1981-09-09,BOSTON,1981,4,9,618,252,1055,BOSTON:1981:9:4,62.9451582052961,80.7857399557933,1079,1015.74546418318,1039.92115744769
1981-09-10,BOSTON,1981,5,9,619,253,1080,BOSTON:1981:9:5,62.6637886156968,96.208049724315,970,1000.55351632868,1087.86125012399
1981-09-11,BOSTON,1981,6,9,620,254,995,BOSTON:1981:9:6,62.3789079201474,30.469202675677,1162,1189.26900119348,1135.25216547452
1981-09-12,BOSTON,1981,7,9,621,255,1004,BOSTON:1981:9:7,62.0906006407353,90.3286625703225,902,900.039565777605,939.453679782521
1981-09-13,BOSTON,1981,1,9,622,256,975,BOSTON:1981:9:1,61.7989523181787,87.3840093015788,1068,1041.26351814707,981.091672486699
1981-09-14,BOSTON,1981,2,9,623,257,980,BOSTON:1981:9:2,61.504049486569,80.7825808823993,1036,1098.64749947959,983.075812060437
1981-09-15,BOSTON,1981,3,9,624,258,997,BOSTON:1981:9:3,61.2059796478175,52.583128827861,987,1025.02870168612,989.685799225323
1981-09-16,BOSTON,1981,4,9,625,259,1016,BOSTON:1981:9:4,60.9048312458137,28.8523946537563,920,921.802190775783,958.896209071422
1981-09-17,BOSTON,1981,5,9,626,260,1046,BOSTON:1981:9:5,60.6006936403042,51.1094693560204,1089,1118.63188295307,973.692979309835
1981-09-18,BOSTON,1981,6,9,627,261,1014,BOSTON:1981:9:6,60.293657080499,44.4562459660186,994,984.87586395988,1075.45656675537
1981-09-19,BOSTON,1981,7,9,628,262,1006,BOSTON:1981:9:7,59.9838126784127,84.516536328749,865,872.371874671241,892.288994256899
1981-09-20,BOSTON,1981,1,9,629,263,951,BOSTON:1981:9:1,59.6712523819495,50.0393722536589,769,794.115145859326,895.797356155258
1981-09-21,BOSTON,1981,2,9,630,264,958,BOSTON:1981:9:2,59.3560689477387,45.6695142899777,1063,1130.57086666923,888.442424269984
1981-09-22,BOSTON,1981,3,9,631,265,1025,BOSTON:1981:9:3,59.0383559137305,77.1778296723684,953,926.311262819401,954.225325926273
1981-09-23,BOSTON,1981,4,9,632,266,1072,BOSTON:1981:9:4,58.7182075715575,82.8566312742371,870,874.507434222389,999.1063820434
1981-09-24,BOSTON,1981,5,9,633,267,1058,BOSTON:1981:9:5,58.3957189386735,55.450228214732,1056,1090.27738526077,996.128488766589
1981-09-25,BOSTON,1981,6,9,634,268,1049,BOSTON:1981:9:6,58.0709857302742,74.1452022427717,1095,1059.77102089248,1112.80342329418
1981-09-26,BOSTON,1981,7,9,635,269,968,BOSTON:1981:9:7,57.7441043310113,30.0296088537447,838,823.317586959124,863.546207288052
1981-09-27,BOSTON,1981,1,9,636,270,948,BOSTON:1981:9:1,57.415171766506,37.8139942072718,761,752.794689061603,877.892497801074
1981-09-28,BOSTON,1981,2,9,637,271,1002,BOSTON:1981:9:2,57.0842856746721,88.8608730161186,921,969.209109381748,933.061762594915
1981-09-29,BOSTON,1981,3,9,638,272,1031,BOSTON:1981:9:3,56.7515442768554,74.3941721638176,1065,1134.66980421206,982.399551109338
1981-09-30,BOSTON,1981,4,9,639,273,1077,BOSTON:1981:9:4,56.4170463487997,78.7439231772467,1152,1140.20557781267,1010.47964754492
1981-10-01,BOSTON,1981,5,10,640,274,1062,BOSTON:1981:10:5,56.0808911914468,50.3252883133941,1017,996.40166191614,1035.32228282858
1981-10-02,BOSTON,1981,6,10,641,275,1046,BOSTON:1981:10:6,55.7431786015793,62.3118731190614,940,942.9175435325,1079.56860976008
1981-10-03,BOSTON,1981,7,10,642,276,1015,BOSTON:1981:10:7,55.4040088423155,76.321657887902,998,1023.18615284225,1086.7833815228
1981-10-04,BOSTON,1981,1,10,643,277,993,BOSTON:1981:10:1,55.0634826134644,82.2520881422549,988,994.552267130257,1055.4249951547
1981-10-05,BOSTON,1981,2,10,644,278,974,BOSTON:1981:10:2,54.7217010217499,46.6851125540923,1027,1012.51278473198,923.798027245547
1981-10-06,BOSTON,1981,3,10,645,279,997,BOSTON:1981:10:3,54.3787655509131,25.70131144906,894,928.500435307966,956.708721880985
1981-10-07,BOSTON,1981,4,10,646,280,1071,BOSTON:1981:10:4,54.0347780317012,62.8368326283004,1087,1132.34254918911,1047.87638983207
1981-10-08,BOSTON,1981,5,10,647,281,1090,BOSTON:1981:10:5,53.689840611752,70.8843758224806,947,969.673279408009,1034.50647229949
1981-10-09,BOSTON,1981,6,10,648,282,1021,BOSTON:1981:10:6,53.3440557253836,24.3205477382345,922,947.901899587016,1056.33554360012
1981-10-10,BOSTON,1981,7,10,649,283,991,BOSTON:1981:10:7,52.9975260632968,39.0337588476872,1037,1016.76484791671,1027.35431421103
1981-10-11,BOSTON,1981,1,10,650,284,983,BOSTON:1981:10:1,52.6503545422003,60.6697055538081,1065,1035.4968807359,999.197516801728
1981-10-12,BOSTON,1981,2,10,651,285,1002,BOSTON:1981:10:2,52.3026442743677,70.0078883307825,812,790.261992766766,920.089234081683
1981-10-13,BOSTON,1981,3,10,652,286,1055,BOSTON:1981:10:3,51.9544985371345,81.1484978504182,981,1036.14690948041,1010.58454660461
1981-10-14,BOSTON,1981,4,10,653,287,1068,BOSTON:1981:10:4,51.6060207423447,49.9085561407423,1081,1098.95424599979,1059.54544655845
1981-10-15,BOSTON,1981,5,10,654,288,1085,BOSTON:1981:10:5,51.2573144057563,55.9556770356169,936,905.000571353623,1011.36930882494
1981-10-16,BOSTON,1981,6,10,655,289,1069,BOSTON:1981:10:6,50.9084831164136,67.4719073423102,1123,1082.9003582203,1071.28243967562
1981-10-17,BOSTON,1981,7,10,656,290,1032,BOSTON:1981:10:7,50.5596305059969,75.5809502166464,978,922.422555091111,1077.09403893268
1981-10-18,BOSTON,1981,1,10,657,291,1007,BOSTON:1981:10:1,50.2108602181577,78.8511155315244,1060,1091.38132976807,1048.07523795877
1981-10-19,BOSTON,1981,2,10,658,292,968,BOSTON:1981:10:2,49.8622758778487,18.8090316530992,1040,995.819577923999,904.435762167409
1981-10-20,BOSTON,1981,3,10,659,293,1035,BOSTON:1981:10:3,49.513981060657,49.7175623477169,1054,1084.19305190152,965.903879118276
1981-10-21,BOSTON,1981,4,10,660,294,1067,BOSTON:1981:10:4,49.1660792621515,38.7042133751056,977,1038.96106426471,1036.96467941004
1981-10-22,BOSTON,1981,5,10,661,295,1110,BOSTON:1981:10:5,48.8186738672512,73.0076024737055,1193,1166.40605875062,1030.89244328436
1981-10-23,BOSTON,1981,6,10,662,296,1080,BOSTON:1981:10:6,48.4718681196253,69.922329587819,1258,1195.85901419093,1090.68748749918
1981-10-24,BOSTON,1981,7,10,663,297,993,BOSTON:1981:10:7,48.1257650911327,21.3389510012683,1133,1163.16120040068,1036.36920757662
1981-10-25,BOSTON,1981,1,10,664,298,1002,BOSTON:1981:10:1,47.7804676513116,62.668526500922,993,959.987685286784,1003.30225008478
1981-10-26,BOSTON,1981,2,10,665,299,984,BOSTON:1981:10:2,47.4360784369265,28.9048984989268,763,753.116260208036,893.676976505252
1981-10-27,BOSTON,1981,3,10,666,300,1015,BOSTON:1981:10:3,47.0926998215826,17.3396724052825,953,974.874610823953,948.802852395996
1981-10-28,BOSTON,1981,4,10,667,301,1112,BOSTON:1981:10:4,46.750433885417,77.2456641918226,1067,1096.21447867974,1067.61348419939
1981-10-29,BOSTON,1981,5,10,668,302,1072,BOSTON:1981:10:5,46.4093823848744,22.4111301453305,1029,1018.48757845455,1009.90949276249
1981-10-30,BOSTON,1981,6,10,669,303,1077,BOSTON:1981:10:6,46.0696467225771,56.3636612244282,1122,1096.29795282766,1067.12591946518
1981-10-31,BOSTON,1981,7,10,670,304,1003,BOSTON:1981:10:7,45.7313279172982,22.8775701479631,1116,1066.39884411226,1034.39905775702
1981-11-01,BOSTON,1981,1,11,671,305,967,BOSTON:1981:11:1,45.3945265740469,11.7997072178252,895,883.614495914297,912.253226775556
1981-11-02,BOSTON,1981,2,11,672,306,1008,BOSTON:1981:11:2,45.0593428542739,46.5513120983629,888,933.709734709046,928.09100623337
1981-11-03,BOSTON,1981,3,11,673,307,1023,BOSTON:1981:11:3,44.7258764462078,15.7653289757202,955,1015.82516686058,916.829837392914
1981-11-04,BOSTON,1981,4,11,674,308,1076,BOSTON:1981:11:4,44.3942265353283,29.204390759219,961,969.171978270471,1015.41233361923
1981-11-05,BOSTON,1981,5,11,675,309,1096,BOSTON:1981:11:5,44.0644917749873,38.4949348467476,1061,1051.65514905361,1150.76689944381
1981-11-06,BOSTON,1981,6,11,676,310,1079,BOSTON:1981:11:6,43.7367702571868,49.8462389496348,831,840.623955846344,910.750625443597
1981-11-07,BOSTON,1981,7,11,677,311,1048,BOSTON:1981:11:7,43.4111594835195,64.8797695555623,1002,888.244444591507,987.395520274449
1981-11-08,BOSTON,1981,1,11,678,312,984,BOSTON:1981:11:1,43.0877563362838,22.2274209564448,790,819.466528772367,917.276823578752
1981-11-09,BOSTON,1981,2,11,679,313,1010,BOSTON:1981:11:2,42.7666570497801,39.9263840699693,835,877.404639772088,913.809762829253
1981-11-10,BOSTON,1981,3,11,680,314,1051,BOSTON:1981:11:3,42.4479571817976,38.8179751527097,913,925.208476461846,911.822988748746
1981-11-11,BOSTON,1981,4,11,681,315,1112,BOSTON:1981:11:4,42.1317515852989,58.4940946595872,1098,1091.24662486682,1023.68690920031
1981-11-12,BOSTON,1981,5,11,682,316,1122,BOSTON:1981:11:5,41.818134380313,56.8509711192869,1118,1170.19555097057,1162.04124446562
1981-11-13,BOSTON,1981,6,11,683,317,1102,BOSTON:1981:11:6,41.5071989260423,64.6927374475445,958,972.876099223672,919.275427513872
1981-11-14,BOSTON,1981,7,11,684,318,1060,BOSTON:1981:11:7,41.1990377931938,68.2586662560783,959,915.101583355316,989.986356627623
1981-11-15,BOSTON,1981,1,11,685,319,1035,BOSTON:1981:11:1,40.8937427365424,72.5788629158603,883,898.202133458123,951.317994139724
1981-11-16,BOSTON,1981,2,11,686,320,1022,BOSTON:1981:11:2,40.591404667734,44.1345751976173,944,941.103901372063,933.948409839311
1981-11-17,BOSTON,1981,3,11,687,321,1062,BOSTON:1981:11:3,40.2921136283359,41.8556172564669,941,990.398361749914,919.143084727336
1981-11-18,BOSTON,1981,4,11,688,322,1082,BOSTON:1981:11:4,39.9959587631446,16.9448366341811,1072,1083.92343547613,1001.1010586692
1981-11-19,BOSTON,1981,5,11,689,323,1113,BOSTON:1981:11:5,39.7030282937562,38.2520374920791,1060,1022.16499602622,1136.98595091117
1981-11-20,BOSTON,1981,6,11,690,324,1070,BOSTON:1981:11:6,39.413409492409,22.1808652472107,831,822.583427528667,894.242206048226
1981-11-21,BOSTON,1981,7,11,691,325,1013,BOSTON:1981:11:7,39.1271886561064,6.91183324726281,959,955.351422849452,953.012802387658
1981-11-22,BOSTON,1981,1,11,692,326,1021,BOSTON:1981:11:1,38.8444510810256,48.2804867658012,1067,1094.58780525926,925.980724179844
1981-11-23,BOSTON,1981,2,11,693,327,1027,BOSTON:1981:11:2,38.565281037222,41.3345450199948,1127,1101.02459989883,932.318721880217
1981-11-24,BOSTON,1981,3,11,694,328,1044,BOSTON:1981:11:3,38.2897617436357,13.0970102386892,856,919.709922986128,917.204089130679
1981-11-25,BOSTON,1981,4,11,695,329,1095,BOSTON:1981:11:4,38.0179753434077,22.8777997219168,919,895.964748579777,1009.79969851092
1981-11-26,BOSTON,1981,5,11,696,330,1126,BOSTON:1981:11:5,37.7500028795128,43.5621445443047,1360,1369.6651075616,1149.20590517952
1981-11-27,BOSTON,1981,6,11,697,331,1070,BOSTON:1981:11:6,37.4859242707172,14.037736724844,1002,1000.01931860508,897.731740994509
1981-11-28,BOSTON,1981,7,11,698,332,1022,BOSTON:1981:11:7,37.2258182878672,8.96689603646011,970,969.138155900697,959.605320710459
1981-11-29,BOSTON,1981,1,11,699,333,1014,BOSTON:1981:11:1,36.9697625305161,31.972678925249,993,1012.9619296885,921.171231326193
1981-11-30,BOSTON,1981,2,11,700,334,1021,BOSTON:1981:11:2,36.7178334038972,26.6211430052562,839,828.999674629045,924.832099218317
1981-12-01,BOSTON,1981,3,12,701,335,1095,BOSTON:1981:12:3,36.4701060962481,60.615453886575,955,971.852229303634,997.205043950266
1981-12-02,BOSTON,1981,4,12,702,336,1099,BOSTON:1981:12:4,36.2266545564942,19.4359277127385,868,902.460120569078,1075.7891002884
1981-12-03,BOSTON,1981,5,12,703,337,1094,BOSTON:1981:12:5,35.9875514722982,2.60766592496949,981,982.654666663125,1090.00599037194
1981-12-04,BOSTON,1981,6,12,704,338,1122,BOSTON:1981:12:6,35.752868248481,61.1208360259008,1118,1089.79392902406,1092.68259104436
1981-12-05,BOSTON,1981,7,12,705,339,1041,BOSTON:1981:12:7,35.522674985821,23.9438322699951,862,872.020421742852,991.052993735037
1981-12-06,BOSTON,1981,1,12,706,340,1031,BOSTON:1981:12:1,35.297040460239,44.5222614804086,1083,1045.66607979002,1025.28263030076
1981-12-07,BOSTON,1981,2,12,707,341,1037,BOSTON:1981:12:2,35.0760321023732,38.325870214761,1028,1018.05926567019,998.854508152564
1981-12-08,BOSTON,1981,3,12,708,342,1069,BOSTON:1981:12:3,34.8597159775511,26.2108305006825,922,928.075302310044,965.193926427749
1981-12-09,BOSTON,1981,4,12,709,343,1099,BOSTON:1981:12:4,34.6481567661654,12.6592678221318,1088,1065.06048100852,1049.87300772109
1981-12-10,BOSTON,1981,5,12,710,344,1126,BOSTON:1981:12:5,34.4414177444573,29.4672591263238,1127,1150.07409518116,1089.33609979663
1981-12-11,BOSTON,1981,6,12,711,345,1111,BOSTON:1981:12:6,34.2395607657153,43.3937126649897,1117,1167.54100137932,1076.56337118327
1981-12-12,BOSTON,1981,7,12,712,346,1058,BOSTON:1981:12:7,34.0426462418935,35.5016108295484,994,979.194265061111,982.210343768632
1981-12-13,BOSTON,1981,1,12,713,347,1037,BOSTON:1981:12:1,33.8507331256558,45.0242267293659,955,970.733791545567,1012.94942871264
1981-12-14,BOSTON,1981,2,12,714,348,1053,BOSTON:1981:12:2,33.6638788928504,49.7191440852585,973,984.465402783563,993.708169032892
1981-12-15,BOSTON,1981,3,12,715,349,1081,BOSTON:1981:12:3,33.4821395254212,32.5597406601983,1128,1171.96786738871,961.134553727491
1981-12-16,BOSTON,1981,4,12,716,350,1117,BOSTON:1981:12:4,33.3055694947597,25.2175325911139,1129,1174.24444943193,1047.89779723512
1981-12-17,BOSTON,1981,5,12,717,351,1102,BOSTON:1981:12:5,33.1342217455031,0,1138,1138.91588013569,1074.79638368373
1981-12-18,BOSTON,1981,6,12,718,352,1074,BOSTON:1981:12:6,32.9681476797834,0,970,1003.31471603532,1058.29523749633
1981-12-19,BOSTON,1981,7,12,719,353,1092,BOSTON:1981:12:7,32.8073971419324,67.452947951733,1070,1098.00355338375,1016.50530033662
1981-12-20,BOSTON,1981,1,12,720,354,1007,BOSTON:1981:12:1,32.6520184036464,5.20410001558517,969,1024.94456551816,1038.04361359339
1981-12-21,BOSTON,1981,2,12,721,355,1037,BOSTON:1981:12:2,32.5020581496155,26.8088992348148,945,912.558437744792,1015.29103718983
1981-12-22,BOSTON,1981,3,12,722,356,1100,BOSTON:1981:12:3,32.3575614636223,47.6094797264244,920,898.875982178437,997.9665868279
1981-12-23,BOSTON,1981,4,12,723,357,1145,BOSTON:1981:12:4,32.2185718151128,49.1963110723852,1052,1171.69237621534,1090.41948054801
1981-12-24,BOSTON,1981,5,12,724,358,1165,BOSTON:1981:12:5,32.0851310462449,58.1250487061907,962,950.800576228246,1124.18679456595
1981-12-25,BOSTON,1981,6,12,725,359,1117,BOSTON:1981:12:6,31.9572793594175,39.5080366329835,1098,1059.19268878029,1075.45880027619
1981-12-26,BOSTON,1981,7,12,726,360,1080,BOSTON:1981:12:7,31.8350553052843,49.7692898969509,1038,1041.92781648551,974.231362159202
1981-12-27,BOSTON,1981,1,12,727,361,1056,BOSTON:1981:12:1,31.7184957712554,56.0253866356462,1079,1050.40555884473,1009.72432739321
1981-12-28,BOSTON,1981,2,12,728,362,1053,BOSTON:1981:12:2,31.6076359704908,39.5022113987084,1046,1008.03181295446,984.146285624901
1981-12-29,BOSTON,1981,3,12,729,363,1108,BOSTON:1981:12:3,31.5025094313889,52.0282011757946,965,967.310316650378,968.499889065996
1981-12-30,BOSTON,1981,4,12,730,364,1099,BOSTON:1981:12:4,31.4031479875724,0,1172,1151.91511819868,1045.02061420709
1981-12-31,BOSTON,1981,5,12,731,365,1137,BOSTON:1981:12:5,31.3095817683758,25.4936002443106,1255,1286.408634638,1084.67473158213
1982-01-01,BOSTON,1982,6,1,732,1,1139,BOSTON:1982:1:6,31.2218391898363,57.4636063122465,1196,1184.85297754293,1088.59138916826
1982-01-02,BOSTON,1982,7,1,733,2,1076,BOSTON:1982:1:7,31.1399469461914,41.4542380354989,844,842.792172793722,1108.18964320917
1982-01-03,BOSTON,1982,1,1,734,3,1064,BOSTON:1982:1:1,31.0639300018855,60.7774590755188,1097,1167.11708711977,1053.79804938988
1982-01-04,BOSTON,1982,2,1,735,4,1028,BOSTON:1982:1:2,30.9938115840883,8.04956830619956,1069,981.838322522218,1123.99284985685
1982-01-05,BOSTON,1982,3,1,736,5,1079,BOSTON:1982:1:3,30.929613175726,18.036508415284,1071,1086.10899792572,1140.46988136105
1982-01-06,BOSTON,1982,4,1,737,6,1155,BOSTON:1982:1:4,30.8713545090292,52.1692940568324,1157,1170.55517650242,1172.43786136374
1982-01-07,BOSTON,1982,5,1,738,7,1179,BOSTON:1982:1:5,30.8190535595983,65.0464923428714,1181,1116.9681430088,1104.24537939234
1982-01-08,BOSTON,1982,6,1,739,8,1104,BOSTON:1982:1:6,30.7727265409882,18.3397151721398,1100,1050.89505235703,1084.34031978201
1982-01-09,BOSTON,1982,7,1,740,9,1037,BOSTON:1982:1:7,30.7323878998139,0,1122,1111.95849010158,1081.93050983804
1982-01-10,BOSTON,1982,1,1,741,10,1070,BOSTON:1982:1:1,30.6980503113796,65.1499936632668,1134,1110.17548649641,1051.82917426716
1982-01-11,BOSTON,1982,2,1,742,11,1028,BOSTON:1982:1:2,30.6697246758309,6.05439210078163,1130,1100.03379786439,1142.91292706042
1982-01-12,BOSTON,1982,3,1,743,12,1063,BOSTON:1982:1:3,30.6474201148322,0,1360,1319.50254799438,1167.85782795212
1982-01-13,BOSTON,1982,4,1,744,13,1142,BOSTON:1982:1:4,30.6311439687707,37.4458877520956,1166,1189.18606651759,1187.41203189777
1982-01-14,BOSTON,1982,5,1,745,14,1134,BOSTON:1982:1:5,30.620901794487,18.1138928377417,1128,1125.24118631068,1087.21186985491
1982-01-15,BOSTON,1982,6,1,746,15,1119,BOSTON:1982:1:6,30.6166973635335,32.5717273861881,803,861.91876439977,1089.90154176417
1982-01-16,BOSTON,1982,7,1,747,16,1089,BOSTON:1982:1:7,30.6185326609606,51.2980740867401,1380,1366.30233006373,1114.55507439375
1982-01-17,BOSTON,1982,1,1,748,17,1014,BOSTON:1982:1:1,30.6264078846325,0.451689662517342,906,929.250966411392,1025.46983771039
1982-01-18,BOSTON,1982,2,1,749,18,1063,BOSTON:1982:1:2,30.6403214450707,44.2917702569407,1344,1284.16101239097,1132.72371544828
1982-01-19,BOSTON,1982,3,1,750,19,1123,BOSTON:1982:1:3,30.6602699658268,62.0644754799449,1166,1114.92143242152,1185.9999529646
1982-01-20,BOSTON,1982,4,1,751,20,1121,BOSTON:1982:1:4,30.686248284385,15.1301005013216,1347,1251.31381185661,1169.66680340374
1982-01-21,BOSTON,1982,5,1,752,21,1130,BOSTON:1982:1:5,30.7182494535915,13.1767104201823,1106,1073.89065797161,1065.02566204737
1982-01-22,BOSTON,1982,6,1,753,22,1095,BOSTON:1982:1:6,30.7562647436137,6.91674835303304,1208,1115.39198371482,1065.1816994056
1982-01-23,BOSTON,1982,7,1,754,23,1043,BOSTON:1982:1:7,30.8002836444261,0.814387565556423,1030,1032.34094738845,1088.67960007059
1982-01-24,BOSTON,1982,1,1,755,24,1044,BOSTON:1982:1:1,30.8502938688234,34.8709246862181,998,991.354217921839,1049.86129968193
1982-01-25,BOSTON,1982,2,1,756,25,1050,BOSTON:1982:1:2,30.9062813559598,30.1948749681054,1012,1002.41597578958,1155.37050763496
1982-01-26,BOSTON,1982,3,1,757,26,1093,BOSTON:1982:1:3,30.9682302754131,30.5686956080367,1073,1162.51456276511,1175.67233772162
1982-01-27,BOSTON,1982,4,1,758,27,1163,BOSTON:1982:1:4,31.0361230317731,58.2221339936596,1050,1091.31462611112,1190.48330333386
1982-01-28,BOSTON,1982,5,1,759,28,1116,BOSTON:1982:1:5,31.1099402697518,0,907,875.007659356714,1065.51708870552
1982-01-29,BOSTON,1982,6,1,760,29,1098,BOSTON:1982:1:6,31.1896608798159,10.4517278289748,1083,1033.48027472854,1061.98504987965
1982-01-30,BOSTON,1982,7,1,761,30,1071,BOSTON:1982:1:7,31.2752620043371,32.2399417456378,1113,1084.4854528129,1095.64517248815
1982-01-31,BOSTON,1982,1,1,762,31,1024,BOSTON:1982:1:1,31.3667190442617,12.9105112743388,1081,1048.82485475319,1035.04163895049
1982-02-01,BOSTON,1982,2,2,763,32,1055,BOSTON:1982:2:2,31.4640056662947,36.7445025564857,1063,1077.08629049643,1010.36368994308
1982-02-02,BOSTON,1982,3,2,764,33,1092,BOSTON:1982:2:3,31.5670938105979,30.325147613483,861,884.26114975352,951.027660393756
1982-02-03,BOSTON,1982,4,2,765,34,1141,BOSTON:1982:2:4,31.6759536989997,36.5306419103439,1179,1124.38985950462,1088.74273377815
1982-02-04,BOSTON,1982,5,2,766,35,1122,BOSTON:1982:2:5,31.7905538437131,6.88121590075894,1106,1177.10871526639,1105.87983150005
1982-02-05,BOSTON,1982,6,2,767,36,1093,BOSTON:1982:2:6,31.9108610565608,7.11047443680671,1219,1191.68558223141,1017.01926374946
1982-02-06,BOSTON,1982,7,2,768,37,1063,BOSTON:1982:2:7,32.0368404587037,25.8966583682462,1062,994.190054500106,997.689123728713
1982-02-07,BOSTON,1982,1,2,769,38,1051,BOSTON:1982:2:1,32.1684554908698,44.9791752631118,938,972.697061322867,1017.2532452339
1982-02-08,BOSTON,1982,2,2,770,39,1059,BOSTON:1982:2:2,32.3056679240821,43.0456153534746,1125,1171.77994765932,1014.04875867767
1982-02-09,BOSTON,1982,3,2,771,40,1120,BOSTON:1982:2:3,32.4484378708798,61.5674811838467,978,906.360701043415,965.827002256961
1982-02-10,BOSTON,1982,4,2,772,41,1156,BOSTON:1982:2:4,32.596723797032,54.5146430714515,1071,1051.47046892995,1101.31914366941
1982-02-11,BOSTON,1982,5,2,773,42,1157,BOSTON:1982:2:5,32.7504825337386,45.0627826202257,1160,1142.22944958931,1116.01225321049
1982-02-12,BOSTON,1982,6,2,774,43,1136,BOSTON:1982:2:6,32.9096692903162,54.4346069414363,898,909.932965178762,1027.46458387578
1982-02-13,BOSTON,1982,7,2,775,44,1044,BOSTON:1982:2:7,33.074237667364,7.03874703996345,994,1018.77338691679,978.693726519393
1982-02-14,BOSTON,1982,1,2,776,45,1022,BOSTON:1982:2:1,33.2441396704074,15.7986370492857,1138,1174.39908356419,981.644963788144
1982-02-15,BOSTON,1982,2,2,777,46,1037,BOSTON:1982:2:2,33.4193257240132,21.6276151358634,936,988.484705428878,986.679879690096
1982-02-16,BOSTON,1982,3,2,778,47,1084,BOSTON:1982:2:3,33.599744686374,27.1085949828676,1027,1006.0630379824,943.823154959457
1982-02-17,BOSTON,1982,4,2,779,48,1141,BOSTON:1982:2:4,33.7853438643575,43.2610742518515,1157,1140.41086110155,1101.1836823252
1982-02-18,BOSTON,1982,5,2,780,49,1164,BOSTON:1982:2:5,33.9760690290147,55.5789121720606,1045,1079.93639789615,1141.76809512088
1982-02-19,BOSTON,1982,6,2,781,50,1097,BOSTON:1982:2:6,34.1718644315437,17.2879485266344,1112,1132.31241780468,1025.75713544672
1982-02-20,BOSTON,1982,7,2,782,51,1086,BOSTON:1982:2:7,34.372672819705,56.7353726124253,1120,1128.39431484924,1004.21717154664
1982-02-21,BOSTON,1982,1,2,783,52,1005,BOSTON:1982:2:1,34.5784354546808,0.661872281856148,995,961.91689739018,989.013847020092
1982-02-22,BOSTON,1982,2,2,784,53,1055,BOSTON:1982:2:2,34.7890921283773,45.5971457899808,886,894.849124679191,998.9076716902
1982-02-23,BOSTON,1982,3,2,785,54,1108,BOSTON:1982:2:3,35.0045811811612,56.8249520806745,957,927.552996069802,962.322182390106
1982-02-24,BOSTON,1982,4,2,786,55,1127,BOSTON:1982:2:4,35.2248395200267,32.5206643960818,980,1013.41269138833,1095.75444022772
1982-02-25,BOSTON,1982,5,2,787,56,1119,BOSTON:1982:2:5,35.4498026371891,14.6889997521373,1162,1156.03844456627,1109.33982016948
1982-02-26,BOSTON,1982,6,2,788,57,1078,BOSTON:1982:2:6,35.6794046290966,1.99317983182167,854,853.342859338044,1012.75901692826
1982-02-27,BOSTON,1982,7,2,789,58,1048,BOSTON:1982:2:7,35.9135782158564,20.7328670214492,796,830.477822580495,991.399978205934
1982-02-28,BOSTON,1982,1,2,790,59,1058,BOSTON:1982:2:1,36.15225476107,65.2213385550901,952,953.608224734474,1035.08794395808
1982-03-01,BOSTON,1982,2,3,791,60,1070,BOSTON:1982:3:2,36.3953642920704,66.7541207281054,1015,1077.62311999143,992.600582330148
1982-03-02,BOSTON,1982,3,3,792,61,1087,BOSTON:1982:3:3,36.6428355205553,39.6200484813871,966,957.927781236593,1017.63649050147
1982-03-03,BOSTON,1982,4,3,793,62,1107,BOSTON:1982:3:4,36.8945958636122,17.2541740823889,1206,1165.02944662271,1085.17753092331
1982-03-04,BOSTON,1982,5,3,794,63,1135,BOSTON:1982:3:5,37.1505714651263,36.4105177462167,1087,1117.54135813524,1149.63028421696
1982-03-05,BOSTON,1982,6,3,795,64,1126,BOSTON:1982:3:6,37.4106872175672,58.4910987481326,1060,1050.18571387295,1070.1208584633
1982-03-06,BOSTON,1982,7,3,796,65,1053,BOSTON:1982:3:7,37.6748667841465,31.2090128285499,1080,1081.26385485517,1017.61701137173
1982-03-07,BOSTON,1982,1,3,797,66,1004,BOSTON:1982:3:1,37.9430326213416,10.2028423034873,952,992.864311165768,974.008773013138
1982-03-08,BOSTON,1982,2,3,798,67,1025,BOSTON:1982:3:2,38.2151060017759,22.854668235127,986,934.609569591962,930.810710940233
1982-03-09,BOSTON,1982,3,3,799,68,1071,BOSTON:1982:3:3,38.4910070374521,28.793642478055,1094,1041.22136552359,985.177338726614
1982-03-10,BOSTON,1982,4,3,800,69,1106,BOSTON:1982:3:4,38.7706547033301,21.9177935773766,1185,1122.90844179934,1088.20693627008
1982-03-11,BOSTON,1982,5,3,801,70,1129,BOSTON:1982:3:5,39.0539668612419,37.0016952110691,1133,1112.45089150093,1166.10468683862
1982-03-12,BOSTON,1982,6,3,802,71,1093,BOSTON:1982:3:6,39.3408602841376,29.9500434116638,1028,972.558962077061,1059.29785753515
1982-03-13,BOSTON,1982,7,3,803,72,1031,BOSTON:1982:3:7,39.6312506806554,13.1202944794187,1031,1067.5092753606,1005.41951910403
1982-03-14,BOSTON,1982,1,3,804,73,997,BOSTON:1982:3:1,39.9250527200069,8.21461035718804,1089,1069.50296404873,975.492253026376
1982-03-15,BOSTON,1982,2,3,805,74,1020,BOSTON:1982:3:2,40.2221800571725,23.6179213503794,973,1003.46423486961,940.423708858026
1982-03-16,BOSTON,1982,3,3,806,75,1106,BOSTON:1982:3:3,40.5225453583976,73.3274271164542,1098,1083.13976143592,1034.2083944188
1982-03-17,BOSTON,1982,4,3,807,76,1116,BOSTON:1982:3:4,40.8260603269824,40.0207440925093,1092,1067.93256098213,1125.40754790288
1982-03-18,BOSTON,1982,5,3,808,77,1125,BOSTON:1982:3:5,41.1326357293593,39.5801778104807,1334,1342.15158587781,1178.62079053746
1982-03-19,BOSTON,1982,6,3,809,78,1113,BOSTON:1982:3:6,41.442181421448,58.8576831016732,1024,1094.55494296547,1074.50381317904
1982-03-20,BOSTON,1982,7,3,810,79,1060,BOSTON:1982:3:7,41.7546063752816,53.4894225674652,965,989.964190265626,1024.80145686394
1982-03-21,BOSTON,1982,1,3,811,80,993,BOSTON:1982:3:1,42.0698187058957,10.5289104791524,761,734.252360223537,975.518382141919
1982-03-22,BOSTON,1982,2,3,812,81,1042,BOSTON:1982:3:2,42.3877256984735,56.0450928068632,911,845.140001561649,943.091733747378
1982-03-23,BOSTON,1982,3,3,813,82,1062,BOSTON:1982:3:3,42.7082338357362,33.1365435068513,982,998.860180600548,988.237560122416
1982-03-24,BOSTON,1982,4,3,814,83,1138,BOSTON:1982:3:4,43.0312488255737,69.9206013423106,1129,1109.38615943373,1118.19916238199
1982-03-25,BOSTON,1982,5,3,815,84,1140,BOSTON:1982:3:5,43.3566756289064,62.6274817039802,1137,1122.51728533153,1196.6442384067
1982-03-26,BOSTON,1982,6,3,816,85,1068,BOSTON:1982:3:6,43.6844184877677,18.4286733809253,1152,1113.63254037448,1060.07747082234
1982-03-27,BOSTON,1982,7,3,817,86,1032,BOSTON:1982:3:7,44.0143809536027,29.6650299405234,978,965.116343859214,1006.16201266002
1982-03-28,BOSTON,1982,1,3,818,87,993,BOSTON:1982:3:1,44.3464659157722,18.1722608957022,1098,1070.64774816398,974.980591817648
1982-03-29,BOSTON,1982,2,3,819,88,1030,BOSTON:1982:3:2,44.6805756302538,50.9736892949777,872,893.4184210902,950.073264124487
1982-03-30,BOSTON,1982,3,3,820,89,1070,BOSTON:1982:3:3,45.0166117485318,49.333904368494,889,898.532497539944,1003.74021623105
1982-03-31,BOSTON,1982,4,3,821,90,1119,BOSTON:1982:3:4,45.3544753466691,58.5649537553969,913,939.232384785775,1108.00882252213
1982-04-01,BOSTON,1982,5,4,822,91,1103,BOSTON:1982:4:5,45.6940669545489,32.4830235869209,1160,1123.4369289825,1024.00195912761
1982-04-02,BOSTON,1982,6,4,823,92,1093,BOSTON:1982:4:6,46.0352865852811,53.4263654881553,1052,1024.06617908753,966.542148520343
1982-04-03,BOSTON,1982,7,4,824,93,1070,BOSTON:1982:4:7,46.3780337647625,80.7504360895694,1137,1108.77223302021,1040.26036136089
1982-04-04,BOSTON,1982,1,4,825,94,1025,BOSTON:1982:4:1,46.7222075613832,63.7465516252128,970,959.835344531291,950.530083946885
1982-04-05,BOSTON,1982,2,4,826,95,994,BOSTON:1982:4:2,47.0677066158698,17.3777057400168,907,903.623730598619,933.196868292129
1982-04-06,BOSTON,1982,3,4,827,96,1057,BOSTON:1982:4:3,47.4144291712566,43.9962526199071,1015,978.448866201669,1048.62150976736
1982-04-07,BOSTON,1982,4,4,828,97,1072,BOSTON:1982:4:4,47.7622731029768,16.5098585211452,886,854.112259594108,1078.74996097539
1982-04-08,BOSTON,1982,5,4,829,98,1099,BOSTON:1982:4:5,48.1111359490631,36.8800219322173,954,931.587045494748,1029.48949102435
1982-04-09,BOSTON,1982,6,4,830,99,1096,BOSTON:1982:4:6,48.4609149404507,64.8375653576742,932,903.308429480186,989.864472413237
1982-04-10,BOSTON,1982,7,4,831,100,1004,BOSTON:1982:4:7,48.8115070313725,14.0989928641866,1080,1066.68294720662,1006.26417238834
1982-04-11,BOSTON,1982,1,4,832,101,1021,BOSTON:1982:4:1,49.1628089298376,68.1964726916396,875,922.697427351359,940.970980693951
1982-04-12,BOSTON,1982,2,4,833,102,1012,BOSTON:1982:4:2,49.5147171281846,46.9229819127927,1038,1049.58233757251,946.428190725174
1982-04-13,BOSTON,1982,3,4,834,103,1068,BOSTON:1982:4:3,49.8671279337008,65.3259524355393,1214,1191.03547067281,1076.05037896936
1982-04-14,BOSTON,1982,4,4,835,104,1106,BOSTON:1982:4:4,50.2199374992965,61.8753377037687,978,1040.56969899118,1116.07156042911
1982-04-15,BOSTON,1982,5,4,836,105,1109,BOSTON:1982:4:5,50.5730418542281,55.6182022982158,1034,1091.65948009708,1043.15721875609
1982-04-16,BOSTON,1982,6,4,837,106,1088,BOSTON:1982:4:6,50.926336934859,65.1932434389127,892,871.639290454896,986.378013547961
1982-04-17,BOSTON,1982,7,4,838,107,1038,BOSTON:1982:4:7,51.2797186154493,62.2851928489834,864,912.770159795647,1022.29033157464
1982-04-18,BOSTON,1982,1,4,839,108,986,BOSTON:1982:4:1,51.6330827389654,36.8877328921851,941,943.160049535441,917.445442602162
1982-04-19,BOSTON,1982,2,4,840,109,984,BOSTON:1982:4:2,51.9863251479022,23.7930870450712,925,962.359116078494,914.87494099912
1982-04-20,BOSTON,1982,3,4,841,110,1078,BOSTON:1982:4:3,52.3393417151044,84.7088341905134,1008,966.190537323355,1089.40200605135
1982-04-21,BOSTON,1982,4,4,842,111,1104,BOSTON:1982:4:4,52.6920283745828,69.2354104129451,1393,1404.40202829976,1143.64860944173
1982-04-22,BOSTON,1982,5,4,843,112,1105,BOSTON:1982:4:5,53.0442811523136,60.9349239522163,1042,1026.29033966302,1071.40151820149
1982-04-23,BOSTON,1982,6,4,844,113,1044,BOSTON:1982:4:6,53.395996197011,26.7910178549361,969,1018.35650743861,977.827522440744
1982-04-24,BOSTON,1982,7,4,845,114,1025,BOSTON:1982:4:7,53.7470698108668,57.2652030651229,1006,1055.09644574511,1018.18513467564
1982-04-25,BOSTON,1982,1,4,846,115,979,BOSTON:1982:4:1,54.0973984802455,37.4903379267395,946,931.144434730261,923.053492757182
1982-04-26,BOSTON,1982,2,4,847,116,1027,BOSTON:1982:4:2,54.4468789063262,82.3321370901408,893,927.878460868574,968.499999983165
1982-04-27,BOSTON,1982,3,4,848,117,1012,BOSTON:1982:4:3,54.7954080356833,20.4380042418454,1038,1082.15980765321,1060.92610521258
1982-04-28,BOSTON,1982,4,4,849,118,1065,BOSTON:1982:4:4,55.142883090796,36.6793286060263,1170,1202.51900035671,1088.52986915364
1982-04-29,BOSTON,1982,5,4,850,119,1068,BOSTON:1982:4:5,55.4892016004775,29.5923232741658,1002,1018.18791888661,1023.94981289092
1982-04-30,BOSTON,1982,6,4,851,120,1052,BOSTON:1982:4:6,55.8342614302158,43.6705817000687,1047,1058.6733730687,971.387843077752
1982-05-01,BOSTON,1982,7,5,852,121,1030,BOSTON:1982:5:7,56.177960812416,72.0258829917983,987,975.423634483423,1006.02917605203
1982-05-02,BOSTON,1982,1,5,853,122,1017,BOSTON:1982:5:1,56.5201983765357,90.9423648544246,1115,1102.32711091323,1058.49445021786
1982-05-03,BOSTON,1982,2,5,854,123,1010,BOSTON:1982:5:2,56.8608731791053,71.9202201222677,913,886.924181362459,1017.44106826229
1982-05-04,BOSTON,1982,3,5,855,124,1037,BOSTON:1982:5:3,57.1998847336225,57.5106715028822,1320,1287.67303328115,1143.03390912173
1982-05-05,BOSTON,1982,4,5,856,125,1072,BOSTON:1982:5:4,57.5371330403135,53.0604700683028,989,985.596534618512,1020.36636026831
1982-05-06,BOSTON,1982,5,5,857,126,1115,BOSTON:1982:5:5,57.8725186157525,89.2902861586326,905,956.221027638761,1037.4106558099
1982-05-07,BOSTON,1982,6,5,858,127,1033,BOSTON:1982:5:6,58.2059425223294,31.618646657155,919,976.537555725463,1020.8621701802
1982-05-08,BOSTON,1982,7,5,859,128,986,BOSTON:1982:5:7,58.5373063975571,28.7974687603859,910,967.942068588082,975.296015054407
1982-05-09,BOSTON,1982,1,5,860,129,1005,BOSTON:1982:5:1,58.8665124832112,86.0980169789326,1221,1161.38316224423,1037.70721828653
1982-05-10,BOSTON,1982,2,5,861,130,987,BOSTON:1982:5:2,59.1934636542924,53.9051103084699,1075,1055.95194803651,996.242530572398
1982-05-11,BOSTON,1982,3,5,862,131,1003,BOSTON:1982:5:3,59.5180634478018,27.4833109624595,991,986.745098254833,1118.66727089706
1982-05-12,BOSTON,1982,4,5,863,132,1080,BOSTON:1982:5:4,59.8402160913236,70.1611661463528,843,910.103580021051,1023.62626965863
1982-05-13,BOSTON,1982,5,5,864,133,1078,BOSTON:1982:5:5,60.1598265314039,57.9631679028768,971,953.256882968616,995.575223687732
1982-05-14,BOSTON,1982,6,5,865,134,1058,BOSTON:1982:5:6,60.4768004617186,68.7316290940622,990,1003.08734412311,1024.90906410082
1982-05-15,BOSTON,1982,7,5,866,135,992,BOSTON:1982:5:7,60.7910443510216,44.7481246286359,1251,1223.14079301257,982.74521007352
1982-05-16,BOSTON,1982,1,5,867,136,957,BOSTON:1982:5:1,61.1024654708656,37.1131355367455,788,756.557888621224,979.615867770517
1982-05-17,BOSTON,1982,2,5,868,137,964,BOSTON:1982:5:2,61.4109719230864,34.4087708381075,1016,1021.49786746468,941.267857409703
1982-05-18,BOSTON,1982,3,5,869,138,1026,BOSTON:1982:5:3,61.7164726670426,62.2542730880496,949,920.347936529546,1102.14502551532
1982-05-19,BOSTON,1982,4,5,870,139,1068,BOSTON:1982:5:4,62.0188775466047,65.3811376721821,1226,1197.34853587833,1016.94489003479
1982-05-20,BOSTON,1982,5,5,871,140,1051,BOSTON:1982:5:5,62.3180973168816,37.1633305784668,887,887.828745522133,970.817686952908
1982-05-21,BOSTON,1982,6,5,872,141,1025,BOSTON:1982:5:6,62.6140436706806,39.4978771768252,979,983.527929915065,978.624460430671
1982-05-22,BOSTON,1982,7,5,873,142,1016,BOSTON:1982:5:7,62.9066292646912,81.2456018858229,868,875.399364375973,1004.63952381743
1982-05-23,BOSTON,1982,1,5,874,143,974,BOSTON:1982:5:1,63.1957677453838,65.113413588152,1050,1028.09145167229,1022.51148734641
1982-05-24,BOSTON,1982,2,5,875,144,1003,BOSTON:1982:5:2,63.4813737746184,88.750628805053,1133,1147.94107543689,1024.19307464238
1982-05-25,BOSTON,1982,3,5,876,145,1031,BOSTON:1982:5:3,63.7633630549541,75.912212206517,1280,1247.70743942036,1176.15379446554
1982-05-26,BOSTON,1982,4,5,877,146,1029,BOSTON:1982:5:4,64.0416523546503,29.9545244325475,1029,1102.76238541391,1026.06248003802
1982-05-27,BOSTON,1982,5,5,878,147,1081,BOSTON:1982:5:5,64.3161595323564,77.8400826281377,1264,1291.39864945563,1023.19643354917
1982-05-28,BOSTON,1982,6,5,879,148,1065,BOSTON:1982:5:6,64.586803561478,92.0067648123308,1218,1216.5349993871,1081.60430528869
1982-05-29,BOSTON,1982,7,5,880,149,1003,BOSTON:1982:5:7,64.8535045542165,74.0830168270848,1016,997.586302072695,1063.29007500362
1982-05-30,BOSTON,1982,1,5,881,150,945,BOSTON:1982:5:1,65.1161837852706,37.6268096310233,950,983.66020688267,1025.67097637918
1982-05-31,BOSTON,1982,2,5,882,151,1002,BOSTON:1982:5:2,65.3747637151977,94.8493279843828,878,920.985819739749,1035.85546911243
1982-06-01,BOSTON,1982,3,6,883,152,1026,BOSTON:1982:6:3,65.6291680134239,77.9045346941205,984,1021.2858530501,1135.68809244834
1982-06-02,BOSTON,1982,4,6,884,153,1033,BOSTON:1982:6:4,65.8793215808979,41.2808814627639,1155,1162.5744795091,1027.97826110364
1982-06-03,BOSTON,1982,5,6,885,154,1080,BOSTON:1982:6:5,66.125150572382,83.2990795330742,1075,1139.39352225606,1056.0385711991
1982-06-04,BOSTON,1982,6,6,886,155,1064,BOSTON:1982:6:6,66.3665824183733,97.3485027496242,1132,1138.52109595087,1109.04485159943
1982-06-05,BOSTON,1982,7,6,887,156,987,BOSTON:1982:6:7,66.6035458466478,61.0583821402372,905,900.00942773689,999.489359936223
1982-06-06,BOSTON,1982,1,6,888,157,952,BOSTON:1982:6:1,66.8359709034232,52.6765863752482,915,890.697486968472,936.164080261769
1982-06-07,BOSTON,1982,2,6,889,158,959,BOSTON:1982:6:2,67.063788974131,50.2236558845588,924,870.033924283738,921.360574930181
1982-06-08,BOSTON,1982,3,6,890,159,995,BOSTON:1982:6:3,67.286932803795,47.8886249872039,1016,998.829908955835,1054.64764682703
1982-06-09,BOSTON,1982,4,6,891,160,1055,BOSTON:1982:6:4,67.5053365170071,72.10114055919,901,916.368162205934,1008.47098364092
1982-06-10,BOSTON,1982,5,6,892,161,1076,BOSTON:1982:6:5,67.7189356374976,85.6844449352895,1065,1104.77438640388,1043.64272752016
1982-06-11,BOSTON,1982,6,6,893,162,1042,BOSTON:1982:6:6,67.9276671072908,79.7999153214947,979,918.369551675712,1063.31167349839
1982-06-12,BOSTON,1982,7,6,894,163,990,BOSTON:1982:6:7,68.1314693054433,71.3880649058397,1151,1179.34301901895,975.316516357159
1982-06-13,BOSTON,1982,1,6,895,164,978,BOSTON:1982:6:1,68.3302820663571,90.1327381100178,1085,1037.64202460641,977.53546688786
1982-06-14,BOSTON,1982,2,6,896,165,984,BOSTON:1982:6:2,68.524046697664,86.6657228409414,893,941.574346231742,998.805603106007
1982-06-15,BOSTON,1982,3,6,897,166,979,BOSTON:1982:6:3,68.7127059976737,35.1174986315127,1021,1012.25990086671,1096.82706966079
1982-06-16,BOSTON,1982,4,6,898,167,1039,BOSTON:1982:6:4,68.8962042723834,60.5594632817484,995,996.64780127974,1016.60487348149
1982-06-17,BOSTON,1982,5,6,899,168,1028,BOSTON:1982:6:5,69.0744873520403,37.6360953052013,1011,1040.98153776309,1006.85658467078
1982-06-18,BOSTON,1982,6,6,900,169,1047,BOSTON:1982:6:6,69.2475026072557,90.1007082168567,1102,1059.20188255373,1067.76510217919
1982-06-19,BOSTON,1982,7,6,901,170,1009,BOSTON:1982:6:7,69.415198964663,99.0741438880936,946,921.463407863816,1027.85761870825
1982-06-20,BOSTON,1982,1,6,902,171,959,BOSTON:1982:6:1,69.577526922116,72.5594128545019,883,897.232135991323,978.030290098125
1982-06-21,BOSTON,1982,2,6,903,172,986,BOSTON:1982:6:2,69.7344385634243,94.3999605753526,1085,1054.3673231168,1009.58737305845
1982-06-22,BOSTON,1982,3,6,904,173,1010,BOSTON:1982:6:3,69.8858875726189,75.735288003071,1237,1234.39007483153,1148.13331534038
1982-06-23,BOSTON,1982,4,6,905,174,1054,BOSTON:1982:6:4,70.0318292477455,81.8144842931356,1186,1217.1347388621,1086.9957611947
1982-06-24,BOSTON,1982,5,6,906,175,1054,BOSTON:1982:6:5,70.172220514181,70.9642422702414,1034,1008.76143787903,1078.46211660987
1982-06-25,BOSTON,1982,6,6,907,176,1042,BOSTON:1982:6:6,70.307019937469,88.699561187683,1122,1155.67807606366,1094.87837272254
1982-06-26,BOSTON,1982,7,6,908,177,1005,BOSTON:1982:6:7,70.4361877356709,98.671547889156,1048,1040.6092672749,1047.33650499877
1982-06-27,BOSTON,1982,1,6,909,178,973,BOSTON:1982:6:1,70.5596857912285,92.9929016435896,1033,1054.85703398028,1024.27016275186
1982-06-28,BOSTON,1982,2,6,910,179,939,BOSTON:1982:6:2,70.6774776623341,40.6777071355599,1001,995.341254487592,973.246448905761
1982-06-29,BOSTON,1982,3,6,911,180,973,BOSTON:1982:6:3,70.7895285938069,36.0622726077347,1255,1271.49644841476,1077.70387572352
1982-06-30,BOSTON,1982,4,6,912,181,1014,BOSTON:1982:6:4,70.8958055274689,39.5497086374217,905,888.072212909558,1001.95012058006
1982-07-01,BOSTON,1982,5,7,913,182,1074,BOSTON:1982:7:5,70.9962771120209,96.6554896938342,1062,1081.23559191278,1136.98361771318
1982-07-02,BOSTON,1982,6,7,914,183,1028,BOSTON:1982:7:6,71.0909137124127,76.4280755369855,864,853.970693581346,981.198888112832
1982-07-03,BOSTON,1982,7,7,915,184,969,BOSTON:1982:7:7,71.1796874187068,58.1486674614363,1003,1012.44033603726,980.631941646764
1982-07-04,BOSTON,1982,1,7,916,185,979,BOSTON:1982:7:1,71.2625720544314,100,1126,1112.2376443565,1017.75512509514
1982-07-05,BOSTON,1982,2,7,917,186,967,BOSTON:1982:7:2,71.3395431844214,77.723106175817,1182,1142.50806302633,1040.04088086541
1982-07-06,BOSTON,1982,3,7,918,187,1002,BOSTON:1982:7:3,71.4105781221443,73.6092316273281,846,841.696166718905,949.9259444853
1982-07-07,BOSTON,1982,4,7,919,188,1032,BOSTON:1982:7:4,71.4756559365089,63.3512229443188,1139,1077.62100241007,1114.88908235557
1982-07-08,BOSTON,1982,5,7,920,189,1038,BOSTON:1982:7:5,71.5347574581551,58.9034835226062,1189,1202.37245063555,1084.40945038756
1982-07-09,BOSTON,1982,6,7,921,190,1041,BOSTON:1982:7:6,71.5878652852228,93.1749031554176,936,1000.98677125719,985.112150280292
1982-07-10,BOSTON,1982,7,7,922,191,952,BOSTON:1982:7:7,71.6349637885979,39.5693286816059,920,916.666293948067,970.49617613441
1982-07-11,BOSTON,1982,1,7,923,192,943,BOSTON:1982:7:1,71.6760391166336,62.1380277473382,962,917.842480104778,950.813216349887
1982-07-12,BOSTON,1982,2,7,924,193,981,BOSTON:1982:7:2,71.711079199347,96.6728668874272,1038,1019.01224616062,1026.09166879428
1982-07-13,BOSTON,1982,3,7,925,194,1011,BOSTON:1982:7:3,71.7400737520874,85.5963342468821,1028,1096.71016018603,959.95575738336
1982-07-14,BOSTON,1982,4,7,926,195,1050,BOSTON:1982:7:4,71.7630142786779,84.677067387221,1155,1228.37878683353,1173.02959867391
1982-07-15,BOSTON,1982,5,7,927,196,1039,BOSTON:1982:7:5,71.7798940740262,61.1409477652719,1059,1042.05516392215,1113.47566151162
1982-07-16,BOSTON,1982,6,7,928,197,1024,BOSTON:1982:7:6,71.7907082262074,75.6184362848846,1073,1056.32452274178,968.69732768445
1982-07-17,BOSTON,1982,7,7,929,198,957,BOSTON:1982:7:7,71.7954536180147,46.4025068471343,1214,1216.74826845986,978.20853061392
1982-07-18,BOSTON,1982,1,7,930,199,967,BOSTON:1982:7:1,71.7941289279798,91.7393378704974,995,1008.43316982668,996.449218777403
1982-07-19,BOSTON,1982,2,7,931,200,983,BOSTON:1982:7:2,71.7867346308621,98.8671146417464,1031,1023.14148726001,1060.57747810789
1982-07-20,BOSTON,1982,3,7,932,201,982,BOSTON:1982:7:3,71.7732729976062,51.059984828252,900,866.609442058013,929.997900260836
1982-07-21,BOSTON,1982,4,7,933,202,1055,BOSTON:1982:7:4,71.7537480947674,90.6973553966843,1103,1083.43611208379,1158.22190513448
1982-07-22,BOSTON,1982,5,7,934,203,1054,BOSTON:1982:7:5,71.7281657834064,78.4735730364445,1096,1057.41524374871,1143.3649797156
1982-07-23,BOSTON,1982,6,7,935,204,1050,BOSTON:1982:7:6,71.696533717453,100,1048,1098.07305547911,1034.86476469166
1982-07-24,BOSTON,1982,7,7,936,205,958,BOSTON:1982:7:7,71.6588613415384,47.767049174408,955,924.038898694479,1014.06632566558
1982-07-25,BOSTON,1982,1,7,937,206,952,BOSTON:1982:7:1,71.6151598882983,73.4333590786094,867,898.865604724714,984.982439777567
1982-07-26,BOSTON,1982,2,7,938,207,982,BOSTON:1982:7:2,71.5654423751462,97.6860381022621,935,941.722413382393,1059.28997223224
1982-07-27,BOSTON,1982,3,7,939,208,1022,BOSTON:1982:7:3,71.5097236005186,97.3891485203585,1062,1045.47076575399,996.120397870987
1982-07-28,BOSTON,1982,4,7,940,209,1010,BOSTON:1982:7:4,71.4480201395927,38.1062251663534,1189,1186.52376152777,1139.8594138371
1982-07-29,BOSTON,1982,5,7,941,210,1079,BOSTON:1982:7:5,71.3803503394786,100,1236,1250.04411000319,1163.7662906728
1982-07-30,BOSTON,1982,6,7,942,211,1021,BOSTON:1982:7:6,71.3067343138863,70.6224281882641,1047,1019.4748794579,998.126869230857
1982-07-31,BOSTON,1982,7,7,943,212,972,BOSTON:1982:7:7,71.22719393727,63.469116549572,865,833.942678483443,1013.59702593977
1982-08-01,BOSTON,1982,1,8,944,213,947,BOSTON:1982:8:1,71.1417528384507,65.3706000305854,898,866.140642325787,913.10236579282
1982-08-02,BOSTON,1982,2,8,945,214,939,BOSTON:1982:8:2,71.0504363937198,42.5552438286959,852,874.146369609039,837.991367509263
1982-08-03,BOSTON,1982,3,8,946,215,981,BOSTON:1982:8:3,70.9532717194248,47.2799164334152,986,952.126214003171,928.40988279357
1982-08-04,BOSTON,1982,4,8,947,216,1035,BOSTON:1982:8:4,70.8502876640397,64.22944232571,946,921.512603248483,971.424845544049
1982-08-05,BOSTON,1982,5,8,948,217,1041,BOSTON:1982:8:5,70.7415147997223,59.6685258914501,1239,1207.64166250662,1138.03668986676
1982-08-06,BOSTON,1982,6,8,949,218,1018,BOSTON:1982:8:6,70.6269854133616,64.6950071387592,955,942.62738785192,921.429305996642
1982-08-07,BOSTON,1982,7,8,950,219,969,BOSTON:1982:8:7,70.5067334971164,56.7904063332599,812,816.120524538235,935.609936284416
1982-08-08,BOSTON,1982,1,8,951,220,957,BOSTON:1982:8:1,70.3807947384491,74.6004323610402,876,906.838078450719,885.840434552605
1982-08-09,BOSTON,1982,2,8,952,221,944,BOSTON:1982:8:2,70.2492065096578,46.1603970497219,822,817.65960593611,830.653944334739
1982-08-10,BOSTON,1982,3,8,953,222,1031,BOSTON:1982:8:3,70.1120078569083,100,1026,1038.02049469993,986.24718763865
1982-08-11,BOSTON,1982,4,8,954,223,1015,BOSTON:1982:8:4,69.9692394887708,38.046903263373,1099,1024.42689574831,1000.03770721062
1982-08-12,BOSTON,1982,5,8,955,224,1045,BOSTON:1982:8:5,69.820943764264,60.8719857557139,1080,1063.66458864543,1162.53458056343
1982-08-13,BOSTON,1982,6,8,956,225,1055,BOSTON:1982:8:6,69.6671646804097,100,939,907.362545347409,995.952942784009
1982-08-14,BOSTON,1982,7,8,957,226,991,BOSTON:1982:8:7,69.5079478593025,79.6878739604209,1026,1028.97440906561,1020.52279358615
1982-08-15,BOSTON,1982,1,8,958,227,931,BOSTON:1982:8:1,69.3433405346978,38.6317235375564,991,962.076949019695,911.838418724201
1982-08-16,BOSTON,1982,2,8,959,228,961,BOSTON:1982:8:2,69.1733915381217,62.8696065325373,814,823.823987799393,850.057945981436
1982-08-17,BOSTON,1982,3,8,960,229,1001,BOSTON:1982:8:3,68.9981512845079,63.8115106689329,1038,1079.6978093111,950.75335248761
1982-08-18,BOSTON,1982,4,8,961,230,1046,BOSTON:1982:8:4,68.8176717573651,69.3887376866177,1101,1101.30169581744,1008.7251045733
1982-08-19,BOSTON,1982,5,8,962,231,1053,BOSTON:1982:8:5,68.632006493479,65.1040002466998,1242,1277.19061946731,1160.60616721371
1982-08-20,BOSTON,1982,6,8,963,232,1037,BOSTON:1982:8:6,68.4412105671542,77.0695074122811,1023,1022.95174372352,943.245921556323
1982-08-21,BOSTON,1982,7,8,964,233,965,BOSTON:1982:8:7,68.2453405740005,43.0437957471502,1026,936.845245088958,942.069379640476
1982-08-22,BOSTON,1982,1,8,965,234,983,BOSTON:1982:8:1,68.0444546142674,96.6007026709697,1004,987.147869986907,925.945624301752
1982-08-23,BOSTON,1982,2,8,966,235,973,BOSTON:1982:8:2,67.8386122757329,72.6996415085851,981,978.043655894582,881.43652005473
1982-08-24,BOSTON,1982,3,8,967,236,1012,BOSTON:1982:8:3,67.6278746161514,71.0075147902498,864,839.869641935721,975.337246305077
1982-08-25,BOSTON,1982,4,8,968,237,1026,BOSTON:1982:8:4,67.4123041452651,40.5902377217819,826,856.180414662514,991.812342673536
1982-08-26,BOSTON,1982,5,8,969,238,1076,BOSTON:1982:8:5,67.1919648063848,85.5339480697656,1096,1061.89736827499,1195.82256235635
1982-08-27,BOSTON,1982,6,8,970,239,1032,BOSTON:1982:8:6,66.966921957546,65.4527832268375,905,961.289250752244,961.371829661905
1982-08-28,BOSTON,1982,7,8,971,240,1007,BOSTON:1982:8:7,66.7372423522448,86.4750663792057,1031,1007.68013593913,996.797890489945
1982-08-29,BOSTON,1982,1,8,972,241,937,BOSTON:1982:8:1,66.50299411976,34.7248525220085,758,747.699618286053,890.273156628354
1982-08-30,BOSTON,1982,2,8,973,242,992,BOSTON:1982:8:2,66.2642467450669,88.6533734910509,811,855.154936149529,879.860222120713
1982-08-31,BOSTON,1982,3,8,974,243,1000,BOSTON:1982:8:3,66.0210710483491,49.8796623688079,888,886.929159717535,961.252330774882
1982-09-01,BOSTON,1982,4,9,975,244,1040,BOSTON:1982:9:4,65.7735391641133,50.5730681801312,1119,1119.87286221417,982.696449929153
1982-09-02,BOSTON,1982,5,9,976,245,1073,BOSTON:1982:9:5,65.5217245199154,75.5472336827214,894,939.271445742412,1076.419746865
1982-09-03,BOSTON,1982,6,9,977,246,1066,BOSTON:1982:9:6,65.2657018147013,96.6340204595192,1044,983.383218020085,998.305704284669
1982-09-04,BOSTON,1982,7,9,978,247,965,BOSTON:1982:9:7,65.005546996771,30.4954388085106,999,964.032042729865,1026.88214604406
1982-09-05,BOSTON,1982,1,9,979,248,959,BOSTON:1982:9:1,64.7413372413721,54.3545742824208,925,910.555276328048,916.94856873872
1982-09-06,BOSTON,1982,2,9,980,249,973,BOSTON:1982:9:2,64.4731509279285,58.8063516713504,954,962.631885137414,929.462813201175
1982-09-07,BOSTON,1982,3,9,981,250,1016,BOSTON:1982:9:3,64.2010676169112,61.2524434116013,1218,1237.74566045128,1066.50212156155
1982-09-08,BOSTON,1982,4,9,982,251,1072,BOSTON:1982:9:4,63.9251680263594,78.7436485789992,868,929.197925199114,1008.92388292196
1982-09-09,BOSTON,1982,5,9,983,252,1097,BOSTON:1982:9:5,63.6455340080566,93.0348980452537,1113,1053.67961146053,1110.1976023601
1982-09-10,BOSTON,1982,6,9,984,253,1050,BOSTON:1982:9:6,63.3622485233709,72.2599975645781,970,993.909063211877,979.579349689954
1982-09-11,BOSTON,1982,7,9,985,254,1023,BOSTON:1982:9:7,63.0753956187649,91.228120102281,1277,1213.63064954525,1077.54600811194
1982-09-12,BOSTON,1982,1,9,986,255,987,BOSTON:1982:9:1,62.7850604009835,80.7981015438234,916,938.705286956329,984.945785531946
1982-09-13,BOSTON,1982,2,9,987,256,961,BOSTON:1982:9:2,62.4913290119263,37.141414608294,960,963.099056887039,955.679878492471
1982-09-14,BOSTON,1982,3,9,988,257,1002,BOSTON:1982:9:3,62.1942886032128,37.9221300638245,1105,1071.95437552296,1061.34544828769
1982-09-15,BOSTON,1982,4,9,989,258,1045,BOSTON:1982:9:4,61.8940273104472,40.2858803924409,876,909.869845745824,964.580624647756
1982-09-16,BOSTON,1982,5,9,990,259,1071,BOSTON:1982:9:5,61.5906342271899,56.9135940693503,1180,1207.53933038307,1045.99921645667
1982-09-17,BOSTON,1982,6,9,991,260,1022,BOSTON:1982:9:6,61.2841993786457,32.3895505077268,989,1032.19911471992,911.230479712939
1982-09-18,BOSTON,1982,7,9,992,261,988,BOSTON:1982:9:7,60.974813695073,41.6394137684329,843,833.247547868704,968.282940956277
1982-09-19,BOSTON,1982,1,9,993,262,982,BOSTON:1982:9:1,60.662568984925,65.7129765515208,973,970.795143764421,902.132418960698
1982-09-20,BOSTON,1982,2,9,994,263,982,BOSTON:1982:9:2,60.3475579077294,53.3594003941779,967,908.515834636475,912.574770499195
1982-09-21,BOSTON,1982,3,9,995,264,1033,BOSTON:1982:9:3,60.0298739467141,64.6124505936493,1031,1012.27647214182,1050.10968724486
1982-09-22,BOSTON,1982,4,9,996,265,1091,BOSTON:1982:9:4,59.7096113811884,82.7832828902345,1009,1046.74940131037,1001.25702573874
1982-09-23,BOSTON,1982,5,9,997,266,1090,BOSTON:1982:9:5,59.3868652586868,69.3348326226739,1166,1181.13514721184,1073.80220172078
1982-09-24,BOSTON,1982,6,9,998,267,1047,BOSTON:1982:9:6,59.0617313668836,51.4666439862694,823,887.340718009014,936.884466311519
1982-09-25,BOSTON,1982,7,9,999,268,1023,BOSTON:1982:9:7,58.7343062052879,73.4048960369456,969,946.21877574506,1015.28890489007
1982-09-26,BOSTON,1982,1,9,1000,269,960,BOSTON:1982:9:1,58.4046869567252,31.0223720740183,894,906.187330647212,903.973226767783
1982-09-27,BOSTON,1982,2,9,1001,270,980,BOSTON:1982:9:2,58.0729714586163,42.226562855369,825,849.770493738554,908.282537807838
1982-09-28,BOSTON,1982,3,9,1002,271,1041,BOSTON:1982:9:3,57.7392581740602,64.3099434610664,871,894.692244629866,1047.04274290651
1982-09-29,BOSTON,1982,4,9,1003,272,1055,BOSTON:1982:9:4,57.4036461627307,33.6165831028679,1041,999.205718045425,955.542016762707
1982-09-30,BOSTON,1982,5,9,1004,273,1111,BOSTON:1982:9:5,57.0662350515944,81.80635176656,1023,1057.37336493724,1069.58123260003
1982-10-01,BOSTON,1982,6,10,1005,274,1083,BOSTON:1982:10:6,56.7271250054601,81.0688660467405,861,821.328047130277,1104.09169135022
1982-10-02,BOSTON,1982,7,10,1006,275,1015,BOSTON:1982:10:7,56.3864166973662,54.8384935743679,1127,1099.91076914427,1074.99235003186
1982-10-03,BOSTON,1982,1,10,1007,276,1005,BOSTON:1982:10:1,56.0442112788172,75.2026598487595,1016,1014.21276082999,1037.86106093955
1982-10-04,BOSTON,1982,2,10,1008,277,988,BOSTON:1982:10:2,55.7006103498764,41.3786159851491,1237,1226.88059545319,1047.57447097899
1982-10-05,BOSTON,1982,3,10,1009,278,1015,BOSTON:1982:10:3,55.3557159291243,24.9496837570926,1041,1050.34942446159,1061.72486042157
1982-10-06,BOSTON,1982,4,10,1010,279,1079,BOSTON:1982:10:4,55.0096304234919,50.8469491624143,989,984.77335139442,1047.87443261948
1982-10-07,BOSTON,1982,5,10,1011,280,1092,BOSTON:1982:10:5,54.6624565979765,52.0093766477258,1388,1367.66995184153,1052.74492606148
1982-10-08,BOSTON,1982,6,10,1012,281,1057,BOSTON:1982:10:6,54.3142975452512,43.1797034577622,1318,1323.26060436666,1040.68787555749
1982-10-09,BOSTON,1982,7,10,1013,282,1003,BOSTON:1982:10:7,53.9652566551745,31.9250789643779,833,834.697887693866,1018.89170166394
1982-10-10,BOSTON,1982,1,10,1014,283,996,BOSTON:1982:10:1,53.6154375842114,54.1052784642477,950,982.297685389037,982.265852527666
1982-10-11,BOSTON,1982,2,10,1015,284,978,BOSTON:1982:10:2,53.2649442247728,19.6083163699748,933,901.993491057396,1007.47333321852
1982-10-12,BOSTON,1982,3,10,1016,285,1065,BOSTON:1982:10:3,52.9138806744846,72.0719034390891,1026,1033.11613359511,1079.33287338308
1982-10-13,BOSTON,1982,4,10,1017,286,1094,BOSTON:1982:10:4,52.5623512053935,56.7389067513941,1103,1067.84955712561,1067.42154211518
1982-10-14,BOSTON,1982,5,10,1018,287,1111,BOSTON:1982:10:5,52.2104602331199,62.1128449776113,924,937.812262213083,1073.85600286686
1982-10-15,BOSTON,1982,6,10,1019,288,1072,BOSTON:1982:10:6,51.8583122859663,49.6485605915031,1105,1052.98656665876,1051.3864699461
1982-10-16,BOSTON,1982,7,10,1020,289,1016,BOSTON:1982:10:7,51.5060119739914,36.0516787193896,1124,1151.47272318886,1026.64254421646
1982-10-17,BOSTON,1982,1,10,1021,290,999,BOSTON:1982:10:1,51.1536639580575,48.438823882125,908,927.789983081053,981.289771582903
1982-10-18,BOSTON,1982,2,10,1022,291,1031,BOSTON:1982:10:2,50.8013729188614,71.2930568397068,985,962.689909823742,1042.11323522338
1982-10-19,BOSTON,1982,3,10,1023,292,1060,BOSTON:1982:10:3,50.4492435259584,56.4388338690463,1184,1157.45219181403,1075.73202623057
1982-10-20,BOSTON,1982,4,10,1024,293,1090,BOSTON:1982:10:4,50.0973804067867,42.7305094158324,1166,1129.67772924459,1044.28745464432
1982-10-21,BOSTON,1982,5,10,1025,294,1129,BOSTON:1982:10:5,49.7458881157036,71.5325025905441,902,915.141190344449,1068.36477923351
1982-10-22,BOSTON,1982,6,10,1026,295,1069,BOSTON:1982:10:6,49.3948711030415,36.6942876758283,1057,1041.81198562643,1041.69965025115
1982-10-23,BOSTON,1982,7,10,1027,296,1041,BOSTON:1982:10:7,49.044433684192,54.7457473595732,1187,1167.46785288622,1038.93296426812
1982-10-24,BOSTON,1982,1,10,1028,297,1005,BOSTON:1982:10:1,48.6946800087299,45.5789070638548,1069,1094.76122942633,985.108214590459
1982-10-25,BOSTON,1982,2,10,1029,298,1005,BOSTON:1982:10:2,48.3457140295834,32.1619555165127,954,989.025233193974,1011.83896057879
1982-10-26,BOSTON,1982,3,10,1030,299,1065,BOSTON:1982:10:3,47.9976394722606,51.8600438066195,1021,1077.95058940429,1055.2102399654
1982-10-27,BOSTON,1982,4,10,1031,300,1086,BOSTON:1982:10:4,47.6505598041431,28.8367217068762,930,905.568996250576,1028.41657062024
1982-10-28,BOSTON,1982,5,10,1032,301,1118,BOSTON:1982:10:5,47.3045782038525,50.3308810635053,1023,1082.29856324618,1042.03429183851
1982-10-29,BOSTON,1982,6,10,1033,302,1084,BOSTON:1982:10:6,46.959797530702,43.2897074127445,930,925.232929945266,1033.13431289498
1982-10-30,BOSTON,1982,7,10,1034,303,1019,BOSTON:1982:10:7,46.6163202942402,20.7364898765512,904,917.386254711665,1015.54043981959
1982-10-31,BOSTON,1982,1,10,1035,304,1022,BOSTON:1982:10:1,46.2742486238969,54.7950674166461,1029,1057.8659331073,985.475100358912
1982-11-01,BOSTON,1982,2,11,1036,305,1029,BOSTON:1982:11:2,45.9336842387399,49.2932840669943,865,866.023537803554,979.461064797423
1982-11-02,BOSTON,1982,3,11,1037,306,1046,BOSTON:1982:11:3,45.5947284173511,21.0418233770236,980,1014.47452748939,979.031911357946
1982-11-03,BOSTON,1982,4,11,1038,307,1115,BOSTON:1982:11:4,45.257481967832,49.4256928146696,1146,1099.14817641509,1078.84668713453
1982-11-04,BOSTON,1982,5,11,1039,308,1117,BOSTON:1982:11:5,44.922045197946,39.8040355496602,1058,1059.95531921572,1049.84405835106
1982-11-05,BOSTON,1982,6,11,1040,309,1091,BOSTON:1982:11:6,44.588517885408,40.9296247723835,1235,1229.89901182181,1058.7394935507
1982-11-06,BOSTON,1982,7,11,1041,310,1070,BOSTON:1982:11:7,44.2569992483285,67.5876332611469,954,914.161960358586,1010.15452588519
1982-11-07,BOSTON,1982,1,11,1042,311,1034,BOSTON:1982:11:1,43.9275879158221,59.2986977078535,1066,1043.0574910904,1114.3731879712
1982-11-08,BOSTON,1982,2,11,1043,312,1029,BOSTON:1982:11:2,43.6003818987884,40.582454786265,944,964.325717299425,976.450796840286
1982-11-09,BOSTON,1982,3,11,1044,313,1076,BOSTON:1982:11:3,43.2754785608748,44.7639769682909,955,990.002335853834,982.954729918847
1982-11-10,BOSTON,1982,4,11,1045,314,1101,BOSTON:1982:11:4,42.9529745896284,24.9249700220239,1046,1089.16458537202,1062.96012090398
1982-11-11,BOSTON,1982,5,11,1046,315,1101,BOSTON:1982:11:5,42.6329659678471,12.943224395482,862,942.273694015015,1033.21348184493
1982-11-12,BOSTON,1982,6,11,1047,316,1094,BOSTON:1982:11:6,42.3155479451379,34.7062043325713,893,906.742041329234,1054.73732510359
1982-11-13,BOSTON,1982,7,11,1048,317,1025,BOSTON:1982:11:7,42.0008150096893,7.91839012921822,905,929.30405309604,984.730178567397
1982-11-14,BOSTON,1982,1,11,1049,318,1050,BOSTON:1982:11:1,41.6888608602691,67.4138236633386,1231,1200.56366155369,1128.12360447003
1982-11-15,BOSTON,1982,2,11,1050,319,1069,BOSTON:1982:11:2,41.3797783784534,75.8628755368258,1048,1045.99819563464,1035.57685141092
1982-11-16,BOSTON,1982,3,11,1051,320,1095,BOSTON:1982:11:3,41.0736596010957,55.6935367765237,1091,1099.59611249523,1032.84283617621
1982-11-17,BOSTON,1982,4,11,1052,321,1147,BOSTON:1982:11:4,40.7705956930456,63.6406800151033,1015,1090.58075295207,1118.86791557966
1982-11-18,BOSTON,1982,5,11,1053,322,1163,BOSTON:1982:11:5,40.4706769201225,67.9034157863138,1200,1184.27402042947,1090.31713470151
1982-11-19,BOSTON,1982,6,11,1054,323,1110,BOSTON:1982:11:6,40.1739926223551,42.9327439104115,891,967.669341853894,1077.06521951694
1982-11-20,BOSTON,1982,7,11,1055,324,1065,BOSTON:1982:11:7,39.8806311874929,43.7525826166663,1148,1137.45291247887,994.386655538085
1982-11-21,BOSTON,1982,1,11,1056,325,1019,BOSTON:1982:11:1,39.5906800247983,23.9414718870328,1047,1023.08585429846,1077.71683374051
1982-11-22,BOSTON,1982,2,11,1057,326,1054,BOSTON:1982:11:2,39.3042255391265,50.4480803467231,943,918.093111977855,972.153712810832
1982-11-23,BOSTON,1982,3,11,1058,327,1071,BOSTON:1982:11:3,39.0213531053011,21.0618200765308,970,1016.84307605253,978.068407341331
1982-11-24,BOSTON,1982,4,11,1059,328,1116,BOSTON:1982:11:4,38.742147042794,23.9207813762183,1120,1132.55098234665,1066.32527638243
1982-11-25,BOSTON,1982,5,11,1060,329,1157,BOSTON:1982:11:5,38.4666905907155,53.5713576880456,1113,1157.15733933196,1059.62532510277
1982-11-26,BOSTON,1982,6,11,1061,330,1129,BOSTON:1982:11:6,38.1950658831222,54.1224202016777,1251,1240.15394168,1079.45796182847
1982-11-27,BOSTON,1982,7,11,1062,331,1046,BOSTON:1982:11:7,37.9273539246523,15.0403666333758,971,934.175602027008,988.728640009759
1982-11-28,BOSTON,1982,1,11,1063,332,1026,BOSTON:1982:11:1,37.6636345664918,24.1054226834274,1059,1091.77533089932,1082.78637381863
1982-11-29,BOSTON,1982,2,11,1064,333,1041,BOSTON:1982:11:2,37.4039864826821,28.2974958520256,1130,1096.08021094487,966.357574140307
1982-11-30,BOSTON,1982,3,11,1065,334,1065,BOSTON:1982:11:3,37.1484871467742,7.58899594919561,956,999.510795828454,979.102115205195
1982-12-01,BOSTON,1982,4,12,1066,335,1151,BOSTON:1982:12:4,36.897212808837,51.8177260243118,1059,995.937963115203,1053.78002080145
1982-12-02,BOSTON,1982,5,12,1067,336,1151,BOSTON:1982:12:5,36.6502384728257,40.2148295080726,987,984.109727974238,1146.1287741107
1982-12-03,BOSTON,1982,6,12,1068,337,1095,BOSTON:1982:12:6,36.4076378743191,10.9182156191235,1175,1095.09124149575,1077.39296268986
1982-12-04,BOSTON,1982,7,12,1069,338,1103,BOSTON:1982:12:7,36.1694834586299,69.3609420438363,1013,1052.21329556052,991.990730081391
1982-12-05,BOSTON,1982,1,12,1070,339,1047,BOSTON:1982:12:1,35.9358463592957,40.2732674817684,1211,1198.23608889598,1080.3736701709
1982-12-06,BOSTON,1982,2,12,1071,340,1073,BOSTON:1982:12:2,35.7067963769577,55.8954530917025,1120,1077.79811285947,1019.27706841987
1982-12-07,BOSTON,1982,3,12,1072,341,1121,BOSTON:1982:12:3,35.4824019586322,59.9063878566613,1066,1030.40580495572,1061.37471499955
1982-12-08,BOSTON,1982,4,12,1073,342,1168,BOSTON:1982:12:4,35.2627301773816,61.725654408691,1015,1007.40404863191,1059.47708868104
1982-12-09,BOSTON,1982,5,12,1074,343,1174,BOSTON:1982:12:5,35.0478467123906,56.0811928834158,1117,1051.18053516219,1143.73169879521
1982-12-10,BOSTON,1982,6,12,1075,344,1133,BOSTON:1982:12:6,34.8378158294548,44.6482098828022,1073,1108.35136539245,1077.88671210081
1982-12-11,BOSTON,1982,7,12,1076,345,1085,BOSTON:1982:12:7,34.6327003618847,43.6576436149101,999,977.767427983259,957.790227191503
1982-12-12,BOSTON,1982,1,12,1077,346,1033,BOSTON:1982:12:1,34.4325616918349,18.4311920204045,996,1026.93482673657,1041.52798759336
1982-12-13,BOSTON,1982,2,12,1078,347,1029,BOSTON:1982:12:2,34.2374597320596,1.33324751102195,996,947.957013281239,978.81078331865
1982-12-14,BOSTON,1982,3,12,1079,348,1097,BOSTON:1982:12:3,34.0474529081029,28.4379479550761,1060,1033.64879417011,1032.79223223749
1982-12-15,BOSTON,1982,4,12,1080,349,1136,BOSTON:1982:12:4,33.8625981409285,23.743025114033,994,1007.68896425898,1041.90792800194
1982-12-16,BOSTON,1982,5,12,1081,350,1150,BOSTON:1982:12:5,33.6829508299933,26.1461386078962,1344,1329.82973662131,1138.57973445424
1982-12-17,BOSTON,1982,6,12,1082,351,1106,BOSTON:1982:12:6,33.5085648367697,10.5441431025559,1074,1100.19538048675,1082.66043122252
1982-12-18,BOSTON,1982,7,12,1083,352,1069,BOSTON:1982:12:7,33.3394924687238,20.7144408226961,1035,1051.37644063406,966.484230972298
1982-12-19,BOSTON,1982,1,12,1084,353,1046,BOSTON:1982:12:1,33.1757844637509,27.1246389604534,860,842.853786042244,1065.23999611284
1982-12-20,BOSTON,1982,2,12,1085,354,1079,BOSTON:1982:12:2,33.0174899750752,51.1709887438817,1112,1098.59953585762,1019.72025783195
1982-12-21,BOSTON,1982,3,12,1086,355,1091,BOSTON:1982:12:3,32.8646565566185,16.8969709135006,919,940.466714876821,1044.47593058997
1982-12-22,BOSTON,1982,4,12,1087,356,1124,BOSTON:1982:12:4,32.7173301488398,5.80810214199634,977,988.322472703506,1031.17495824933
1982-12-23,BOSTON,1982,5,12,1088,357,1129,BOSTON:1982:12:5,32.5755550650529,0,1195,1196.2097006174,1120.12103042077
1982-12-24,BOSTON,1982,6,12,1089,358,1153,BOSTON:1982:12:6,32.439373978224,53.9192448298413,1036,1062.45197278969,1105.9412359817
1982-12-25,BOSTON,1982,7,12,1090,359,1083,BOSTON:1982:12:7,32.3088279082544,30.9176784679397,859,874.73879096016,989.734811755022
1982-12-26,BOSTON,1982,1,12,1091,360,1074,BOSTON:1982:12:1,32.1839562097515,53.6213120298411,1214,1233.22256806367,1093.85834612249
1982-12-27,BOSTON,1982,2,12,1092,361,1039,BOSTON:1982:12:2,32.0647965602921,2.59519427766743,793,791.632099010081,1003.19189042975
1982-12-28,BOSTON,1982,3,12,1093,362,1084,BOSTON:1982:12:3,31.9513849491812,5.02500361731271,1124,1110.1563992696,1030.35712217296
1982-12-29,BOSTON,1982,4,12,1094,363,1128,BOSTON:1982:12:4,31.8437556667095,5.90289593216307,1176,1206.74780666351,1034.66000426597
1982-12-30,BOSTON,1982,5,12,1095,364,1182,BOSTON:1982:12:5,31.7419412939139,48.4543392362334,1064,1071.54367956022,1158.43876221865
1982-12-31,BOSTON,1982,6,12,1096,365,1153,BOSTON:1982:12:6,31.6459726928425,49.6428700340603,1106,1160.85240855353,1120.11865800436
1983-01-01,BOSTON,1983,7,1,1097,1,1120,BOSTON:1983:1:7,31.555878997328,66.0277505964174,1087,1132.47425505539,1022.87201538229
1983-01-02,BOSTON,1983,1,1,1098,2,1066,BOSTON:1983:1:1,31.4716876042722,40.1903967140889,1120,1133.09183456454,1184.0874270878
1983-01-03,BOSTON,1983,2,1,1099,3,1055,BOSTON:1983:1:2,31.3934241654437,16.6017317655582,1097,1056.3779229072,1048.06568627988
1983-01-04,BOSTON,1983,3,1,1100,4,1093,BOSTON:1983:1:3,31.3211125797919,10.3149367856188,999,1016.04027282127,960.023002251821
1983-01-05,BOSTON,1983,4,1,1101,5,1177,BOSTON:1983:1:4,31.2547749862789,52.3190243961072,1246,1228.07454357758,1154.53808335331
1983-01-06,BOSTON,1983,5,1,1102,6,1183,BOSTON:1983:1:5,31.1944317572325,47.1378214784472,1245,1218.07587906639,1184.57437902618
1983-01-07,BOSTON,1983,6,1,1103,7,1118,BOSTON:1983:1:6,31.1401014922206,11.3334597212282,977,972.237915213653,1061.26202781173
1983-01-08,BOSTON,1983,7,1,1104,8,1106,BOSTON:1983:1:7,31.0918010124511,48.1884963885455,910,917.472921768869,984.377306637367
1983-01-09,BOSTON,1983,1,1,1105,9,1083,BOSTON:1983:1:1,31.0495453556966,56.7153049349751,1062,1046.87025218782,1182.16539564343
1983-01-10,BOSTON,1983,2,1,1106,10,1072,BOSTON:1983:1:2,31.0133477717475,33.0717507188976,1006,985.796245004711,1062.26629906393
1983-01-11,BOSTON,1983,3,1,1107,11,1121,BOSTON:1983:1:3,30.9832197183931,37.8879180004077,958,959.338914415527,975.567592970316
1983-01-12,BOSTON,1983,4,1,1108,12,1189,BOSTON:1983:1:4,30.9591708579339,61.5934341205522,1169,1136.48249590098,1157.57680063129
1983-01-13,BOSTON,1983,5,1,1109,13,1201,BOSTON:1983:1:5,30.9412090542238,62.4918959398265,1006,995.767142426602,1183.77822527355
1983-01-14,BOSTON,1983,6,1,1110,14,1150,BOSTON:1983:1:6,30.9293403702451,42.1666014606727,1066,1104.79156261148,1065.65836201656
1983-01-15,BOSTON,1983,7,1,1111,15,1063,BOSTON:1983:1:7,30.9235690662164,0.983629730762122,942,953.824189943118,960.362216042712
1983-01-16,BOSTON,1983,1,1,1112,16,1082,BOSTON:1983:1:1,30.9238975982332,53.7671081044861,1126,1135.84321321376,1167.30109167716
1983-01-17,BOSTON,1983,2,1,1113,17,1070,BOSTON:1983:1:2,30.9303266174429,29.4984120774352,1257,1298.62365744188,1064.17211472069
1983-01-18,BOSTON,1983,3,1,1114,18,1108,BOSTON:1983:1:3,30.9428549697538,23.3288698084568,948,962.723224324444,979.451269446895
1983-01-19,BOSTON,1983,4,1,1115,19,1145,BOSTON:1983:1:4,30.9614796960779,16.9000739931182,1220,1215.32015999952,1140.92963176722
1983-01-20,BOSTON,1983,5,1,1116,20,1152,BOSTON:1983:1:5,30.9861960331086,13.0877735022563,1134,1200.86262514001,1156.46833935419
1983-01-21,BOSTON,1983,6,1,1117,21,1134,BOSTON:1983:1:6,31.0169974146313,25.5437066373317,1124,1073.06920835269,1060.40264630175
1983-01-22,BOSTON,1983,7,1,1118,22,1120,BOSTON:1983:1:7,31.0538754733687,61.6977878571895,1031,1024.30034941465,1005.86709209989
1983-01-23,BOSTON,1983,1,1,1119,23,1046,BOSTON:1983:1:1,31.0968200433586,14.6107782041241,1209,1176.34713979563,1178.64723330538
1983-01-24,BOSTON,1983,2,1,1120,24,1076,BOSTON:1983:1:2,31.145819162864,35.9456319435572,917,842.949664646989,1067.50788491086
1983-01-25,BOSTON,1983,3,1,1121,25,1096,BOSTON:1983:1:3,31.2008590778152,10.3537788163686,984,985.883533420268,973.958135331366
1983-01-26,BOSTON,1983,4,1,1122,26,1138,BOSTON:1983:1:4,31.2619242457819,9.75831812845137,957,946.635926740727,1138.95548424958
1983-01-27,BOSTON,1983,5,1,1123,27,1185,BOSTON:1983:1:5,31.3289973404755,46.6318195019414,1321,1303.4505886196,1181.17905634708
1983-01-28,BOSTON,1983,6,1,1124,28,1127,BOSTON:1983:1:6,31.4020592567788,18.3483119436817,1091,1060.83459595253,1070.67696386993
1983-01-29,BOSTON,1983,7,1,1125,29,1068,BOSTON:1983:1:7,31.481089116303,6.16839802986548,982,975.823765917695,978.521369838412
1983-01-30,BOSTON,1983,1,1,1126,30,1033,BOSTON:1983:1:1,31.5660642734691,0.628213115964016,1360,1381.47319731954,1164.79885228864
1983-01-31,BOSTON,1983,2,1,1127,31,1100,BOSTON:1983:1:2,31.656960322113,61.8339352016907,1062,1061.83032070391,1096.98801502466
1983-02-01,BOSTON,1983,3,2,1128,32,1120,BOSTON:1983:2:3,31.7537511026122,36.5374119489089,994,1031.97100342938,1011.33559197451
1983-02-02,BOSTON,1983,4,2,1129,33,1132,BOSTON:1983:2:4,31.8564087095312,5.100333948025,1152,1132.95722412399,1102.04681128332
1983-02-03,BOSTON,1983,5,2,1130,34,1174,BOSTON:1983:2:5,31.9649034997842,36.5005172047226,1001,968.784864012843,1076.8746765005
1983-02-04,BOSTON,1983,6,2,1131,35,1142,BOSTON:1983:2:6,32.0792041013127,34.8971369040308,1114,1147.13078579122,1105.90327809742
1983-02-05,BOSTON,1983,7,2,1132,36,1112,BOSTON:1983:2:7,32.1992774222748,54.5770537162901,1069,1043.93979876386,1060.32528280521
1983-02-06,BOSTON,1983,1,2,1133,37,1073,BOSTON:1983:2:1,32.3250886607442,46.5336539336007,1015,1064.32126905618,1002.4789778877
1983-02-07,BOSTON,1983,2,2,1134,38,1075,BOSTON:1983:2:2,32.4566013149158,37.198987467418,927,921.29110781225,1034.85193990096
1983-02-08,BOSTON,1983,3,2,1135,39,1129,BOSTON:1983:2:3,32.5937771938148,48.0854258338327,976,956.3405298634,974.163260899804
1983-02-09,BOSTON,1983,4,2,1136,40,1175,BOSTON:1983:2:4,32.7365764285058,50.4076713727408,1012,1028.42545068563,1085.35540280363
1983-02-10,BOSTON,1983,5,2,1137,41,1160,BOSTON:1983:2:5,32.8849574838004,24.5845392563551,1007,1008.96915050599,1051.21403294409
1983-02-11,BOSTON,1983,6,2,1138,42,1123,BOSTON:1983:2:6,33.0388771704569,18.1995968599044,1161,1206.19344962678,1077.76488156199
1983-02-12,BOSTON,1983,7,2,1139,43,1091,BOSTON:1983:2:7,33.1982906578711,35.4161235593862,1104,1205.42582810814,1032.63543878333
1983-02-13,BOSTON,1983,1,2,1140,44,1043,BOSTON:1983:2:1,33.3631514872536,16.5383764820285,971,972.91859331535,981.938136452093
1983-02-14,BOSTON,1983,2,2,1141,45,1090,BOSTON:1983:2:2,33.5334115852886,56.7587338299775,959,998.642895835573,1052.89240163712
1983-02-15,BOSTON,1983,3,2,1142,46,1106,BOSTON:1983:2:3,33.709021278273,27.0844932110865,988,1018.218390541,985.931505793518
1983-02-16,BOSTON,1983,4,2,1143,47,1126,BOSTON:1983:2:4,33.8899293067279,3.9741640971387,1060,1086.66403213431,1079.88025619895
1983-02-17,BOSTON,1983,5,2,1144,48,1198,BOSTON:1983:2:5,34.0760828404815,65.8391865635418,1170,1161.80279675802,1092.11404964295
1983-02-18,BOSTON,1983,6,2,1145,49,1116,BOSTON:1983:2:6,34.2674274942172,14.4702923008506,1120,1108.08359453842,1112.35130787191
1983-02-19,BOSTON,1983,7,2,1146,50,1080,BOSTON:1983:2:7,34.4639073434828,27.8576760139859,938,962.463854748594,1052.26719247677
1983-02-20,BOSTON,1983,1,2,1147,51,1064,BOSTON:1983:2:1,34.6654649411561,43.4622470226371,973,936.638675815348,1003.91390418423
1983-02-21,BOSTON,1983,2,2,1148,52,1075,BOSTON:1983:2:2,34.8720413343614,43.8603776008455,1157,1155.53996947876,1048.97528030113
1983-02-22,BOSTON,1983,3,2,1149,53,1098,BOSTON:1983:2:3,35.0835760818337,23.0602825754796,990,984.121034651874,976.569641332951
1983-02-23,BOSTON,1983,4,2,1150,54,1128,BOSTON:1983:2:4,35.3000072717233,10.023671707747,1116,1107.1022370127,1072.71752971628
1983-02-24,BOSTON,1983,5,2,1151,55,1192,BOSTON:1983:2:5,35.5212715398367,64.5472734691423,1126,1129.61396523824,1083.79724091393
1983-02-25,BOSTON,1983,6,2,1152,56,1139,BOSTON:1983:2:6,35.7473040883091,42.6854217982512,1019,984.244528879092,1117.98053246994
1983-02-26,BOSTON,1983,7,2,1153,57,1100,BOSTON:1983:2:7,35.9780387047005,53.4505354219374,1098,1110.63780569993,1063.77208593348
1983-02-27,BOSTON,1983,1,2,1154,58,1080,BOSTON:1983:2:1,36.2134077815135,65.5402399432641,1047,1051.29763477743,1017.66898147536
1983-02-28,BOSTON,1983,2,2,1155,59,1065,BOSTON:1983:2:2,36.4533423361234,38.4669200548767,1136,1166.17949198462,1042.28037816005
1983-03-01,BOSTON,1983,3,3,1156,60,1098,BOSTON:1983:3:3,36.697772031117,27.7362842531202,1056,1050.32263594655,1038.5127318485
1983-03-02,BOSTON,1983,4,3,1157,61,1119,BOSTON:1983:3:4,36.9466251950334,6.55320767318781,984,1029.74672625546,1036.74393521049
1983-03-03,BOSTON,1983,5,3,1158,62,1184,BOSTON:1983:3:5,37.1998288435007,62.0057235028671,1170,1161.25925019541,1124.54912140422
1983-03-04,BOSTON,1983,6,3,1159,63,1129,BOSTON:1983:3:6,37.457308700762,38.1860997984068,1008,954.731805508596,963.152748941344
1983-03-05,BOSTON,1983,7,3,1160,64,1061,BOSTON:1983:3:7,37.7189892215855,17.4188533250444,940,931.552510027043,1029.60041771743
1983-03-06,BOSTON,1983,1,3,1161,65,1042,BOSTON:1983:3:1,37.9847936135505,29.2938341818538,1039,1046.52498208393,974.547721973137
1983-03-07,BOSTON,1983,2,3,1162,66,1041,BOSTON:1983:3:2,38.2546438597045,17.7702288463614,1016,961.97744258427,971.628350740442
1983-03-08,BOSTON,1983,3,3,1163,67,1100,BOSTON:1983:3:3,38.5284607415837,35.6753179478277,1049,1035.28659966151,1050.92543717226
1983-03-09,BOSTON,1983,4,3,1164,68,1127,BOSTON:1983:3:4,38.8061638625895,20.7113213681241,1052,1058.16856241822,1057.24004290631
1983-03-10,BOSTON,1983,5,3,1165,69,1129,BOSTON:1983:3:5,39.0876716717169,12.3959942387439,992,1011.08805816308,1104.08206958481
1983-03-11,BOSTON,1983,6,3,1166,70,1096,BOSTON:1983:3:6,39.3729014876231,9.44574196775695,846,859.133663392444,944.163364649743
1983-03-12,BOSTON,1983,7,3,1167,71,1088,BOSTON:1983:3:7,39.6617695230342,53.0310590129629,1086,1080.04207872131,1049.46223631143
1983-03-13,BOSTON,1983,1,3,1168,72,1032,BOSTON:1983:3:1,39.9541909094798,25.0412242567065,1043,1065.36499321632,990.775450001235
1983-03-14,BOSTON,1983,2,3,1169,73,1034,BOSTON:1983:3:2,40.2500797223479,15.7089544108317,884,873.050210105327,982.620945962067
1983-03-15,BOSTON,1983,3,3,1170,74,1129,BOSTON:1983:3:3,40.5493490062552,73.619589648665,1269,1267.28485324041,1092.49706817652
1983-03-16,BOSTON,1983,4,3,1171,75,1134,BOSTON:1983:3:4,40.8519108007232,34.5879181237461,1071,1133.43405458267,1082.24893160262
1983-03-17,BOSTON,1983,5,3,1172,76,1143,BOSTON:1983:3:5,41.1576761661525,34.2846459622923,1315,1247.82351836807,1118.31661360337
1983-03-18,BOSTON,1983,6,3,1173,77,1130,BOSTON:1983:3:6,41.4665552100896,51.8654996145315,957,979.168911006407,958.370656216332
1983-03-19,BOSTON,1983,7,3,1174,78,1098,BOSTON:1983:3:7,41.7784571137759,70.9198588903542,1130,1069.63082057049,1059.83036082233
1983-03-20,BOSTON,1983,1,3,1175,79,1023,BOSTON:1983:3:1,42.0932901589727,22.2596398843048,1013,965.770690200834,982.372331476028
1983-03-21,BOSTON,1983,2,3,1176,80,1054,BOSTON:1983:3:2,42.4109617550541,45.7708827871513,1057,1080.92724559164,978.660918038555
1983-03-22,BOSTON,1983,3,3,1177,81,1107,BOSTON:1983:3:3,42.7313784663592,58.1349105169092,992,992.861760416429,1062.39995538611
1983-03-23,BOSTON,1983,4,3,1178,82,1128,BOSTON:1983:3:4,43.0544460397961,35.8616664070452,1078,1067.03170768585,1060.85564381428
1983-03-24,BOSTON,1983,5,3,1179,83,1117,BOSTON:1983:3:5,43.3800694326888,14.9601669147628,912,887.866505284609,1097.45052734841
1983-03-25,BOSTON,1983,6,3,1180,84,1123,BOSTON:1983:3:6,43.70815284086,53.1509011937452,1004,984.455707390255,949.313230192567
1983-03-26,BOSTON,1983,7,3,1181,85,1035,BOSTON:1983:3:7,44.0385997269403,9.21211644514532,1003,997.118040087983,1020.10698514795
1983-03-27,BOSTON,1983,1,3,1182,86,1018,BOSTON:1983:3:1,44.3713128488959,24.1079396350757,826,904.12368052391,973.304496551155
1983-03-28,BOSTON,1983,2,3,1183,87,1057,BOSTON:1983:3:2,44.706194288767,57.2377909531063,973,1004.58158443482,997.089785259563
1983-03-29,BOSTON,1983,3,3,1184,88,1112,BOSTON:1983:3:3,45.0431454816066,70.6763846060425,975,1021.42422456728,1096.66480741805
1983-03-30,BOSTON,1983,4,3,1185,89,1150,BOSTON:1983:3:4,45.3820672446134,66.3608653332311,1159,1177.27298763409,1106.91144646631
1983-03-31,BOSTON,1983,5,3,1186,90,1114,BOSTON:1983:3:5,45.7228598064492,20.1726076910953,1175,1208.9603130504,1119.60166805706
1983-04-01,BOSTON,1983,6,4,1187,91,1101,BOSTON:1983:4:6,46.0654228367308,38.1903008744517,989,970.149131138499,1046.33756758526
1983-04-02,BOSTON,1983,7,4,1188,92,1079,BOSTON:1983:4:7,46.4096554756902,66.6026905078248,1003,1001.37889946331,995.523779845415
1983-04-03,BOSTON,1983,1,4,1189,93,1043,BOSTON:1983:4:1,46.755456363993,60.2594130260183,1158,1151.57396181022,1069.89439778062
1983-04-04,BOSTON,1983,2,4,1190,94,1046,BOSTON:1983:4:2,47.1027236727051,53.7018316697314,763,799.594367940597,921.916449403171
1983-04-05,BOSTON,1983,3,4,1191,95,1058,BOSTON:1983:4:3,47.4513551334015,21.1213907294071,1040,976.20377739302,1046.43322207786
1983-04-06,BOSTON,1983,4,4,1192,96,1127,BOSTON:1983:4:4,47.801248068406,51.6567152603033,1309,1313.3306986585,1118.21659219879
1983-04-07,BOSTON,1983,5,4,1193,97,1130,BOSTON:1983:4:5,48.1522994211534,44.6110965663226,1314,1329.17759095149,1060.13104186818
1983-04-08,BOSTON,1983,6,4,1194,98,1121,BOSTON:1983:4:6,48.504405786666,67.1360627947477,1053,1079.77779100062,1071.27070895914
1983-04-09,BOSTON,1983,7,4,1195,99,1026,BOSTON:1983:4:7,48.8574634421354,15.6843039578495,910,895.809300564592,972.785670864128
1983-04-10,BOSTON,1983,1,4,1196,100,1007,BOSTON:1983:4:1,49.211368377598,27.8733686085772,1020,975.203600890646,1030.00345615259
1983-04-11,BOSTON,1983,2,4,1197,101,1059,BOSTON:1983:4:2,49.5660163266996,76.2524358639905,947,953.96565506805,934.789123853737
1983-04-12,BOSTON,1983,3,4,1198,102,1051,BOSTON:1983:4:3,49.921302797536,22.6074143403979,1150,1170.04682254117,1072.23226323951
1983-04-13,BOSTON,1983,4,4,1199,103,1149,BOSTON:1983:4:4,50.2771231035626,83.0756880591547,1025,1038.97838667882,1189.89386444602
1983-04-14,BOSTON,1983,5,4,1200,104,1119,BOSTON:1983:4:5,50.6333723945626,42.5972738980399,1115,1133.07846886034,1097.72526413826
1983-04-15,BOSTON,1983,6,4,1201,105,1121,BOSTON:1983:4:6,50.989945687667,76.0913441989911,1164,1169.3555734306,1106.04584702923
1983-04-16,BOSTON,1983,7,4,1202,106,1074,BOSTON:1983:4:7,51.3467378984133,78.4636707208046,995,983.373736991288,1044.26179118007
1983-04-17,BOSTON,1983,1,4,1203,107,1019,BOSTON:1983:4:1,51.7036438718373,50.940048769948,1051,1085.91686905969,1081.22247650573
1983-04-18,BOSTON,1983,2,4,1204,108,1043,BOSTON:1983:4:2,52.0605584135879,67.3269850406464,981,943.26158218248,941.61007777672
1983-04-19,BOSTON,1983,3,4,1205,109,1069,BOSTON:1983:4:3,52.4173763210538,51.4867664014574,1128,1097.63193545666,1075.13293626524
1983-04-20,BOSTON,1983,4,4,1206,110,1144,BOSTON:1983:4:4,52.7739924144956,86.9836126802514,1262,1251.55434033599,1190.57963127632
1983-04-21,BOSTON,1983,5,4,1207,111,1092,BOSTON:1983:4:5,53.130301568172,22.6628806399917,950,963.025481593668,1083.76832916264
1983-04-22,BOSTON,1983,6,4,1208,112,1069,BOSTON:1983:4:6,53.4861987414523,29.5225931964568,1149,1154.3072479459,1052.39697565624
1983-04-23,BOSTON,1983,7,4,1209,113,1062,BOSTON:1983:4:7,53.8415790099052,73.8159822981206,1009,983.520117098768,1012.48666928493
1983-04-24,BOSTON,1983,1,4,1210,114,1017,BOSTON:1983:4:1,54.1963375963548,57.1495178829225,1032,1012.76767434794,1079.87966956203
1983-04-25,BOSTON,1983,2,4,1211,115,1018,BOSTON:1983:4:2,54.5503699018948,48.7086840680197,1037,997.402046685838,929.68434896595
1983-04-26,BOSTON,1983,3,4,1212,116,1097,BOSTON:1983:4:3,54.9035715368514,89.8253569669028,996,1028.73724000426,1120.20157841731
1983-04-27,BOSTON,1983,4,4,1213,117,1089,BOSTON:1983:4:4,55.2558383516871,38.1529565419905,1056,1087.8147820294,1153.30991207893
1983-04-28,BOSTON,1983,5,4,1214,118,1115,BOSTON:1983:4:5,55.6070664678329,56.1583634479531,947,953.850834763877,1084.37536483235
1983-04-29,BOSTON,1983,6,4,1215,119,1058,BOSTON:1983:4:6,55.9571523084445,26.4851347385114,972,1002.82575515803,1050.94890077167
1983-04-30,BOSTON,1983,7,4,1216,120,1057,BOSTON:1983:4:7,56.3059926290689,78.2627781388974,1123,1113.02050742762,1014.94208882453
1983-05-01,BOSTON,1983,1,5,1217,121,1001,BOSTON:1983:5:1,56.653484548216,48.406025757787,757,775.066133956135,872.017581431771
1983-05-02,BOSTON,1983,2,5,1218,122,1036,BOSTON:1983:5:2,56.9995255778225,78.1523151333125,927,865.230537484757,1032.75387930511
1983-05-03,BOSTON,1983,3,5,1219,123,1039,BOSTON:1983:5:3,57.344013653603,36.1986682269727,910,893.419162565348,1014.30852016649
1983-05-04,BOSTON,1983,4,5,1220,124,1129,BOSTON:1983:5:4,57.6868471652761,88.9348310800761,912,950.886612688764,932.178439107289
1983-05-05,BOSTON,1983,5,5,1221,125,1098,BOSTON:1983:5:5,58.0279249866583,47.2249981836506,1086,1120.26360820844,1094.74974174152
1983-05-06,BOSTON,1983,6,5,1222,126,1080,BOSTON:1983:5:6,58.3671465056158,59.9106638162538,970,950.617538152645,1031.80452080101
1983-05-07,BOSTON,1983,7,5,1223,127,1008,BOSTON:1983:5:7,58.7044116538668,31.5225721044185,807,783.297481625147,906.434557279976
1983-05-08,BOSTON,1983,1,5,1224,128,1026,BOSTON:1983:5:1,59.0396209366234,86.0578605209092,911,940.899450095812,889.449129111037
1983-05-09,BOSTON,1983,2,5,1225,129,1040,BOSTON:1983:5:2,59.3726754620656,91.170523587054,1026,998.184090535271,1085.75385819235
1983-05-10,BOSTON,1983,3,5,1226,130,1024,BOSTON:1983:5:3,59.7034769706396,27.5301303892365,1092,1104.27096847713,1037.26218877207
1983-05-11,BOSTON,1983,4,5,1227,131,1092,BOSTON:1983:5:4,60.0319278641689,59.5850610692139,955,965.221045886511,908.715107463742
1983-05-12,BOSTON,1983,5,5,1228,132,1084,BOSTON:1983:5:5,60.3579312347723,41.182390571936,1132,1188.52071572365,1073.95536955472
1983-05-13,BOSTON,1983,6,5,1229,133,1096,BOSTON:1983:5:6,60.6813908935794,85.7974146431581,1129,1123.44994835404,1070.68742576753
1983-05-14,BOSTON,1983,7,5,1230,134,1028,BOSTON:1983:5:7,61.0022113992338,63.1677127660689,1026,1039.47537764238,947.537497337775
1983-05-15,BOSTON,1983,1,5,1231,135,968,BOSTON:1983:5:1,61.3202980861779,26.6449686421793,848,859.669813450446,853.589875387053
1983-05-16,BOSTON,1983,2,5,1232,136,993,BOSTON:1983:5:2,61.6355570927091,46.0647627045229,1166,1159.505060746,992.286409478231
1983-05-17,BOSTON,1983,3,5,1233,137,1036,BOSTON:1983:5:3,61.947895388799,49.7121154030135,988,972.492519096511,1002.49099715054
1983-05-18,BOSTON,1983,4,5,1234,138,1093,BOSTON:1983:5:4,62.2572208036693,68.4666601665343,874,869.667008531432,902.10903280628
1983-05-19,BOSTON,1983,5,5,1235,139,1080,BOSTON:1983:5:5,62.5634420531143,45.0413711050797,1013,1002.35965667527,1060.50450545859
1983-05-20,BOSTON,1983,6,5,1236,140,1038,BOSTON:1983:5:6,62.8664687665618,30.884678423728,805,809.472764370517,991.214123267866
1983-05-21,BOSTON,1983,7,5,1237,141,998,BOSTON:1983:5:7,63.1662115138667,35.9137266441891,946,912.279584371761,884.650011811535
1983-05-22,BOSTON,1983,1,5,1238,142,1004,BOSTON:1983:5:1,63.4625818318263,77.7253486722284,940,920.153020536515,869.270348802839
1983-05-23,BOSTON,1983,2,5,1239,143,1028,BOSTON:1983:5:2,63.7554922504118,94.4869789681165,1049,1085.37614929449,1074.91588496863
1983-05-24,BOSTON,1983,3,5,1240,144,1030,BOSTON:1983:5:3,64.0448563187065,50.8266875813397,1165,1120.79231940779,1049.49688616771
1983-05-25,BOSTON,1983,4,5,1241,145,1054,BOSTON:1983:5:4,64.3305886305454,34.8250937416734,896,960.544100319115,893.997420623395
1983-05-26,BOSTON,1983,5,5,1242,146,1079,BOSTON:1983:5:5,64.6126048498446,52.134691243864,1066,1135.75264965127,1067.79038324685
1983-05-27,BOSTON,1983,6,5,1243,147,1070,BOSTON:1983:5:6,64.8908217356178,73.6342093173984,1234,1197.56271521192,1044.29393016396
1983-05-28,BOSTON,1983,7,5,1244,148,1013,BOSTON:1983:5:7,65.165157166669,60.9820866327601,892,900.313717066026,932.37793357077
1983-05-29,BOSTON,1983,1,5,1245,149,1005,BOSTON:1983:5:1,65.4355301659547,86.5297012099057,924,918.107617026052,895.673065267698
1983-05-30,BOSTON,1983,2,5,1246,150,984,BOSTON:1983:5:2,65.7018609246098,50.2517272782371,1039,1022.23982589519,1021.28996805458
1983-05-31,BOSTON,1983,3,5,1247,151,1041,BOSTON:1983:5:3,65.9640708256289,70.9139943628348,984,1036.20869051776,1035.44140774146
1983-06-01,BOSTON,1983,4,6,1248,152,1047,BOSTON:1983:6:4,66.2220824671957,34.1710433106917,1081,1072.657184454,1084.81292428191
1983-06-02,BOSTON,1983,5,6,1249,153,1066,BOSTON:1983:6:5,66.4758196856542,44.8260415682285,1199,1176.51194697784,1026.89112867649
1983-06-03,BOSTON,1983,6,6,1250,154,1072,BOSTON:1983:6:6,66.7252075781157,82.6212605267806,1061,1080.60239332219,1029.37505878327
1983-06-04,BOSTON,1983,7,6,1251,155,1032,BOSTON:1983:6:7,66.9701725246924,89.8384760462287,1158,1132.70760184959,1081.65629845117
1983-06-05,BOSTON,1983,1,6,1252,156,984,BOSTON:1983:6:1,67.2106422103535,67.9611174847524,1009,1039.05253394194,1039.949363615
1983-06-06,BOSTON,1983,2,6,1253,157,997,BOSTON:1983:6:2,67.4465456463965,72.1873772492269,1072,1036.50074711947,986.275143908541
1983-06-07,BOSTON,1983,3,6,1254,158,1002,BOSTON:1983:6:3,67.6778131915264,32.7587205735974,1016,1026.57078649578,1032.98369254473
1983-06-08,BOSTON,1983,4,6,1255,159,1049,BOSTON:1983:6:4,67.9043765725382,42.9688437945023,1197,1160.3113466606,1086.26223173784
1983-06-09,BOSTON,1983,5,6,1256,160,1105,BOSTON:1983:6:5,68.1261689045948,93.743864716265,984,986.978032193832,1098.38622275642
1983-06-10,BOSTON,1983,6,6,1257,161,1027,BOSTON:1983:6:6,68.3431247110958,39.122398949835,849,896.653653342621,1017.42735451181
1983-06-11,BOSTON,1983,7,6,1258,162,992,BOSTON:1983:6:7,68.5551799431305,50.6751276871983,1032,1019.80932549601,1022.92375009863
1983-06-12,BOSTON,1983,1,6,1259,163,1008,BOSTON:1983:6:1,68.7622719985095,100,1046,995.834547930228,1056.82769223176
1983-06-13,BOSTON,1983,2,6,1260,164,993,BOSTON:1983:6:2,68.9643397403686,74.3950293015493,968,1004.3028342027,1010.94358805457
1983-06-14,BOSTON,1983,3,6,1261,165,1013,BOSTON:1983:6:3,69.1613235153412,51.5721690273998,1095,1083.88464154123,1066.18745010652
1983-06-15,BOSTON,1983,4,6,1262,166,1075,BOSTON:1983:6:4,69.353165171292,77.3999419353868,1141,1151.00684149348,1129.8298878877
1983-06-16,BOSTON,1983,5,6,1263,167,1048,BOSTON:1983:6:5,69.5398080746073,36.7628205266211,934,1001.7654449082,1051.40163241828
1983-06-17,BOSTON,1983,6,6,1264,168,1027,BOSTON:1983:6:6,69.721197127037,44.9708452258709,1011,962.469681543118,1001.68743645159
1983-06-18,BOSTON,1983,7,6,1265,169,1017,BOSTON:1983:6:7,69.8972787820839,84.1123869615712,985,995.935782611436,1047.88389696079
1983-06-19,BOSTON,1983,1,6,1266,170,951,BOSTON:1983:6:1,70.0680010609332,39.6572506573986,1044,1020.26225591059,993.780344831308
1983-06-20,BOSTON,1983,2,6,1267,171,993,BOSTON:1983:6:2,70.2333135679206,78.7598079289151,997,1011.05861254417,976.020371253094
1983-06-21,BOSTON,1983,3,6,1268,172,1052,BOSTON:1983:6:3,70.3931675055311,100,1210,1222.75630491793,1111.77076017574
1983-06-22,BOSTON,1983,4,6,1269,173,1039,BOSTON:1983:6:4,70.5475156889274,41.7001387239411,1048,1038.45820687313,1133.46446866675
1983-06-23,BOSTON,1983,5,6,1270,174,1105,BOSTON:1983:6:5,70.6963125600006,100,1259,1273.12154069671,1141.51043646022
1983-06-24,BOSTON,1983,6,6,1271,175,1017,BOSTON:1983:6:6,70.8395142009404,37.6602639368657,1170,1125.16130132164,1042.51015025489
1983-06-25,BOSTON,1983,7,6,1272,176,1015,BOSTON:1983:6:7,70.9770783473214,86.7430349875649,1074,1102.15991258768,1096.53605448915
1983-06-26,BOSTON,1983,1,6,1273,177,971,BOSTON:1983:6:1,71.1089644007002,67.8684118141969,1046,1019.53580110377,1054.442599323
1983-06-27,BOSTON,1983,2,6,1274,178,987,BOSTON:1983:6:2,71.23513344072,75.8679017899764,934,959.940583615681,997.760896784075
1983-06-28,BOSTON,1983,3,6,1275,179,1046,BOSTON:1983:6:3,71.3555482367203,97.4467214767039,1021,1057.29871343334,1131.05809717309
1983-06-29,BOSTON,1983,4,6,1276,180,1066,BOSTON:1983:6:4,71.4701732588456,75.2895958316967,1137,1109.2792133218,1169.63048742617
1983-06-30,BOSTON,1983,5,6,1277,181,1087,BOSTON:1983:6:5,71.578974688653,88.2146291967892,1080,1125.3353664925,1137.81057968689
1983-07-01,BOSTON,1983,6,7,1278,182,1052,BOSTON:1983:7:6,71.6819204292131,80.3009617696388,1181,1190.06484610196,1086.17189956726
1983-07-02,BOSTON,1983,7,7,1279,183,988,BOSTON:1983:7:7,71.7789801147021,58.5509685200825,973,990.734885904534,1007.81319043616
1983-07-03,BOSTON,1983,1,7,1280,184,965,BOSTON:1983:7:1,71.8701251194818,64.3238790420821,1015,955.534162829841,963.221917434202
1983-07-04,BOSTON,1983,2,7,1281,185,964,BOSTON:1983:7:2,71.9553285666662,51.1014504467058,897,896.103489434626,903.200891867185
1983-07-05,BOSTON,1983,3,7,1282,186,1043,BOSTON:1983:7:3,72.0345653361701,96.7291926081352,1051,1023.65974959411,976.767446522519
1983-07-06,BOSTON,1983,4,7,1283,187,1067,BOSTON:1983:7:4,72.1078120722382,79.5859226296602,1138,1058.18024689521,1128.48938825824
1983-07-07,BOSTON,1983,5,7,1284,188,1087,BOSTON:1983:7:5,72.1750471904535,90.1019081590358,906,877.275477820757,1072.15847434384
1983-07-08,BOSTON,1983,6,7,1285,189,1046,BOSTON:1983:7:6,72.2362508842207,76.6124274962067,904,933.226618917541,1078.99894142195
1983-07-09,BOSTON,1983,7,7,1286,190,985,BOSTON:1983:7:7,72.2914051307247,56.6043360271373,1020,987.665814871914,999.938658599933
1983-07-10,BOSTON,1983,1,7,1287,191,984,BOSTON:1983:7:1,72.3404936963612,88.8295819522733,906,975.501515611155,999.084070615628
1983-07-11,BOSTON,1983,2,7,1288,192,983,BOSTON:1983:7:2,72.383502141638,75.8330877121261,907,879.207388132587,953.736611001402
1983-07-12,BOSTON,1983,3,7,1289,193,1010,BOSTON:1983:7:3,72.4204178255462,61.6493109016159,837,823.346638823455,955.349696887881
1983-07-13,BOSTON,1983,4,7,1290,194,1060,BOSTON:1983:7:4,72.4512299093987,73.4988243449117,1052,1012.45212859279,1097.24595836396
1983-07-14,BOSTON,1983,5,7,1291,195,1090,BOSTON:1983:7:5,72.475929360136,94.5796856910434,1194,1174.29251445279,1064.79846193521
1983-07-15,BOSTON,1983,6,7,1292,196,1043,BOSTON:1983:7:6,72.494508953098,74.3335888053139,1193,1257.19612765612,1074.795315762
1983-07-16,BOSTON,1983,7,7,1293,197,980,BOSTON:1983:7:7,72.5069632742601,51.7197667656513,970,970.593498389273,985.127593218161
1983-07-17,BOSTON,1983,1,7,1294,198,990,BOSTON:1983:7:1,72.5132887219346,96.8808263531221,1177,1168.020013655,995.781536845974
1983-07-18,BOSTON,1983,2,7,1295,199,972,BOSTON:1983:7:2,72.5134835079348,63.4480785614847,936,987.056104114414,945.957845917038
1983-07-19,BOSTON,1983,3,7,1296,200,1007,BOSTON:1983:7:3,72.5075476582036,58.7403096200772,1036,1010.9091153687,949.827146802258
1983-07-20,BOSTON,1983,4,7,1297,201,1076,BOSTON:1983:7:4,72.4954830129043,91.4372762986802,1177,1115.26575121074,1125.99860574603
1983-07-21,BOSTON,1983,5,7,1298,202,1084,BOSTON:1983:7:5,72.4772932259752,88.8186920755929,1027,1010.26403885067,1074.45703972051
1983-07-22,BOSTON,1983,6,7,1299,203,1063,BOSTON:1983:7:6,72.4529837641471,96.1764036432445,1039,1098.74787396428,1123.79620764614
1983-07-23,BOSTON,1983,7,7,1300,204,1001,BOSTON:1983:7:7,72.4225619054243,77.2559808744893,1203,1135.40782718916,1042.8695436339
1983-07-24,BOSTON,1983,1,7,1301,205,943,BOSTON:1983:7:1,72.3860367370302,39.2256954178678,858,891.960009726286,964.024597434856
1983-07-25,BOSTON,1983,2,7,1302,206,979,BOSTON:1983:7:2,72.3434191528158,71.3723251298452,1001,955.933028627729,938.104651213543
1983-07-26,BOSTON,1983,3,7,1303,207,1022,BOSTON:1983:7:3,72.2947218501355,75.2823941455569,922,907.460741924545,964.055709786271
1983-07-27,BOSTON,1983,4,7,1304,208,1081,BOSTON:1983:7:4,72.2399593261872,95.8061675099526,1140,1130.72043815673,1155.26604763281
1983-07-28,BOSTON,1983,5,7,1305,209,1084,BOSTON:1983:7:5,72.1791478738206,88.1856655425409,1166,1153.58566318035,1081.58602399999
1983-07-29,BOSTON,1983,6,7,1306,210,1046,BOSTON:1983:7:6,72.1123055768139,75.9702720566593,1125,1141.92772234526,1078.23763560352
1983-07-30,BOSTON,1983,7,7,1307,211,973,BOSTON:1983:7:7,72.0394523046198,42.1784601244362,859,869.478317481277,989.251014111772
1983-07-31,BOSTON,1983,1,7,1308,212,950,BOSTON:1983:7:1,71.9606097065826,46.5157706523297,904,950.558977345231,937.887877671305
1983-08-01,BOSTON,1983,2,8,1309,213,992,BOSTON:1983:8:2,71.8758012056296,84.7984099439291,890,894.473642142497,999.153860640532
1983-08-02,BOSTON,1983,3,8,1310,214,997,BOSTON:1983:8:3,71.7850519914356,43.7585875263613,912,968.512837146115,984.288929195607
1983-08-03,BOSTON,1983,4,8,1311,215,1042,BOSTON:1983:8:4,71.688389013065,50.9534023734834,1149,1144.3591892882,1031.0500546323
1983-08-04,BOSTON,1983,5,8,1312,216,1063,BOSTON:1983:8:5,71.5858409710934,62.2044506523532,982,967.779558686617,1056.15662694226
1983-08-05,BOSTON,1983,6,8,1313,217,1066,BOSTON:1983:8:6,71.4774383092093,95.7111413427422,1177,1128.94255014253,1125.19400619651
1983-08-06,BOSTON,1983,7,8,1314,218,984,BOSTON:1983:8:7,71.3632132053005,52.9442948904449,912,895.181196476732,939.958379835239
1983-08-07,BOSTON,1983,1,8,1315,219,984,BOSTON:1983:8:1,71.2431995620261,85.5846491039972,932,932.754280209831,854.760576805148
1983-08-08,BOSTON,1983,2,8,1316,220,960,BOSTON:1983:8:2,71.1174329968782,43.6500511521155,1009,990.293805432373,968.637768268159
1983-08-09,BOSTON,1983,3,8,1317,221,1040,BOSTON:1983:8:3,70.9859508317351,90.5207716342449,942,976.563432540354,1029.20792735993
1983-08-10,BOSTON,1983,4,8,1318,222,1048,BOSTON:1983:8:4,70.8487920819096,53.7061899162144,856,876.516828379932,1076.53097377067
1983-08-11,BOSTON,1983,5,8,1319,223,1077,BOSTON:1983:8:5,70.7059974446964,74.0690302653309,1196,1206.76991463483,1096.06574069415
1983-08-12,BOSTON,1983,6,8,1320,224,1017,BOSTON:1983:8:6,70.5576092874195,37.9307157414529,1027,1029.52445890384,1074.22809444054
1983-08-13,BOSTON,1983,7,8,1321,225,1021,BOSTON:1983:8:7,70.4036716349865,91.8313349645095,913,955.624709024745,956.110375382391
1983-08-14,BOSTON,1983,1,8,1322,226,965,BOSTON:1983:8:1,70.2442301569506,58.8869266600348,805,778.943511194051,845.826452522074
1983-08-15,BOSTON,1983,2,8,1323,227,1010,BOSTON:1983:8:2,70.0793321540856,99.2193422157595,1237,1234.87774837711,1028.45258680174
1983-08-16,BOSTON,1983,3,8,1324,228,1017,BOSTON:1983:8:3,69.9090265444772,59.9064757963003,1369,1435.94827862986,1021.70971743929
1983-08-17,BOSTON,1983,4,8,1325,229,1097,BOSTON:1983:8:4,69.7333638491352,100,1213,1156.35465741364,1136.83825625231
1983-08-18,BOSTON,1983,5,8,1326,230,1069,BOSTON:1983:8:5,69.5523961771307,61.4588927615461,1192,1187.7801130695,1134.16018433984
1983-08-19,BOSTON,1983,6,8,1327,231,1049,BOSTON:1983:8:6,69.3661772102618,68.5733246725553,1264,1194.62190707312,1116.42842686358
1983-08-20,BOSTON,1983,7,8,1328,232,1005,BOSTON:1983:8:7,69.1747621872542,68.5290983768259,966,934.307713584723,952.029034048032
1983-08-21,BOSTON,1983,1,8,1329,233,950,BOSTON:1983:8:1,68.9782078874989,34.8360315788298,848,895.176567718296,815.922300005011
1983-08-22,BOSTON,1983,2,8,1330,234,997,BOSTON:1983:8:2,68.7765726143346,78.6796966589839,831,820.477184307015,982.379370779693
1983-08-23,BOSTON,1983,3,8,1331,235,1030,BOSTON:1983:8:3,68.5699161778764,69.4501641936229,912,930.304468280011,991.953554183149
1983-08-24,BOSTON,1983,4,8,1332,236,1058,BOSTON:1983:8:4,68.3582998773996,55.7829481534641,1077,1090.15776086131,1046.46087412521
1983-08-25,BOSTON,1983,5,8,1333,237,1086,BOSTON:1983:8:5,68.1417864832801,73.8421075201367,999,1026.20877333608,1082.617448025
1983-08-26,BOSTON,1983,6,8,1334,238,1060,BOSTON:1983:8:6,67.9204402184999,76.1345487992233,947,1016.08240918825,1099.14947250001
1983-08-27,BOSTON,1983,7,8,1335,239,1005,BOSTON:1983:8:7,67.694326739721,63.3735443772376,989,970.18566900934,931.902210734339
1983-08-28,BOSTON,1983,1,8,1336,240,962,BOSTON:1983:8:1,67.4635131179338,44.3893417610769,743,771.286680394125,811.490670668686
1983-08-29,BOSTON,1983,2,8,1337,241,1005,BOSTON:1983:8:2,67.2280678186865,82.2837025822439,988,1067.8571880829,976.376413508684
1983-08-30,BOSTON,1983,3,8,1338,242,1049,BOSTON:1983:8:3,66.9880606819005,84.3331190900006,915,900.10792624528,1022.83987182373
1983-08-31,BOSTON,1983,4,8,1339,243,1097,BOSTON:1983:8:4,66.7435629012779,90.8175924698607,1116,1085.61870345568,1120.11984122198
1983-09-01,BOSTON,1983,5,9,1340,244,1087,BOSTON:1983:9:5,66.4946470033074,68.927780291594,1052,1049.67631175283,1154.96348373676
1983-09-02,BOSTON,1983,6,9,1341,245,1045,BOSTON:1983:9:6,66.2413868258745,52.3978551334739,997,1021.04727295237,1055.55196795557
1983-09-03,BOSTON,1983,7,9,1342,246,1011,BOSTON:1983:9:7,65.9838574964823,62.940130241056,1145,1156.26735465039,1127.64835702361
1983-09-04,BOSTON,1983,1,9,1343,247,979,BOSTON:1983:9:1,65.7221354100903,57.6261128228208,905,897.361041458692,999.932221299016
1983-09-05,BOSTON,1983,2,9,1344,248,982,BOSTON:1983:9:2,65.4562982065759,47.889578033813,857,867.870314152729,857.672880677915
1983-09-06,BOSTON,1983,3,9,1345,249,1047,BOSTON:1983:9:3,65.1864247478267,76.0102968837788,860,861.867877644007,910.183392114215
1983-09-07,BOSTON,1983,4,9,1346,250,1109,BOSTON:1983:9:4,64.9125950944701,96.7852542151788,1034,1011.49767075744,1149.71876072922
1983-09-08,BOSTON,1983,5,9,1347,251,1076,BOSTON:1983:9:5,64.6348904822467,50.0106974928154,958,944.143958749538,1124.54345928292
1983-09-09,BOSTON,1983,6,9,1348,252,1072,BOSTON:1983:9:6,64.3533932980346,74.8666293573762,1066,1108.26169619885,1064.09623962532
1983-09-10,BOSTON,1983,7,9,1349,253,1020,BOSTON:1983:9:7,64.0681870555321,66.613382216897,968,926.28086933056,1135.26734186364
1983-09-11,BOSTON,1983,1,9,1350,254,997,BOSTON:1983:9:1,63.7793563706049,70.600987032912,1055,1014.31675730388,1023.61552120057
1983-09-12,BOSTON,1983,2,9,1351,255,973,BOSTON:1983:9:2,63.4869869363065,30.2298657975662,943,931.784703731139,864.902027681302
1983-09-13,BOSTON,1983,3,9,1352,256,1012,BOSTON:1983:9:3,63.1911654975785,28.5300872657037,869,840.984035797237,878.498106679845
1983-09-14,BOSTON,1983,4,9,1353,257,1061,BOSTON:1983:9:4,62.8919798256376,37.0884576327646,933,934.203588720312,1056.1842880059
1983-09-15,BOSTON,1983,5,9,1354,258,1065,BOSTON:1983:9:5,62.5895186920578,29.3267159547584,1089,1101.55328062557,1061.00006187353
1983-09-16,BOSTON,1983,6,9,1355,259,1042,BOSTON:1983:9:6,62.2838718425556,33.7329334770402,1078,1075.48184626883,1000.55524499252
1983-09-17,BOSTON,1983,7,9,1356,260,1022,BOSTON:1983:9:7,61.9751299704848,60.2642056598751,1182,1179.29678528403,1089.79590651177
1983-09-18,BOSTON,1983,1,9,1357,261,978,BOSTON:1983:9:1,61.66338469005,40.4293579758219,980,921.915348265957,970.379973686746
1983-09-19,BOSTON,1983,2,9,1358,262,1026,BOSTON:1983:9:2,61.3487285092455,83.3759049089608,831,849.490033839198,882.069884918029
1983-09-20,BOSTON,1983,3,9,1359,263,1033,BOSTON:1983:9:3,61.0312548025293,43.1154007699122,880,918.839764223727,903.516487661101
1983-09-21,BOSTON,1983,4,9,1360,264,1090,BOSTON:1983:9:4,60.7110577832376,59.9275924392444,1180,1090.6346902782,1081.26010043868
1983-09-22,BOSTON,1983,5,9,1361,265,1112,BOSTON:1983:9:5,60.3882324757512,70.8100060505319,1271,1297.86236981115,1104.85572422747
1983-09-23,BOSTON,1983,6,9,1362,266,1052,BOSTON:1983:9:6,60.0628746874195,36.1730275876384,969,1020.66733651653,1017.51998298051
1983-09-24,BOSTON,1983,7,9,1363,267,1050,BOSTON:1983:9:7,59.7350809802511,83.3235347466753,1192,1145.41027647558,1134.28839460106
1983-09-25,BOSTON,1983,1,9,1364,268,998,BOSTON:1983:9:1,59.4049486423801,54.9667057277593,1052,1041.95387045614,998.072283812946
1983-09-26,BOSTON,1983,2,9,1365,269,997,BOSTON:1983:9:2,59.0725756593158,40.4172624152263,829,853.737866858364,855.355206722556
1983-09-27,BOSTON,1983,3,9,1366,270,1042,BOSTON:1983:9:3,58.738060684984,44.6579801273694,971,979.066973626929,887.802013545342
1983-09-28,BOSTON,1983,4,9,1367,271,1075,BOSTON:1983:9:4,58.4015030125697,34.5609965911675,1193,1161.95746091098,1052.83685082577
1983-09-29,BOSTON,1983,5,9,1368,272,1114,BOSTON:1983:9:5,58.0630025451685,64.0526998366843,1160,1152.40290539137,1084.63727087938
1983-09-30,BOSTON,1983,6,9,1369,273,1058,BOSTON:1983:9:6,57.7226597662558,33.1371181631004,1030,1044.13798979552,1002.2765644455
1983-10-01,BOSTON,1983,7,10,1370,274,1016,BOSTON:1983:10:7,57.3805757099832,34.9147448898363,999,1003.94016690781,980.640577283604
1983-10-02,BOSTON,1983,1,10,1371,275,998,BOSTON:1983:10:1,57.0368519313101,45.7823572800893,861,894.34514885786,929.284277344121
1983-10-03,BOSTON,1983,2,10,1372,276,1000,BOSTON:1983:10:2,56.6915904759787,34.5647261949614,825,824.458302652864,893.029995977599
1983-10-04,BOSTON,1983,3,10,1373,277,1055,BOSTON:1983:10:3,56.344893850344,49.7328004040334,1146,1127.95225769294,1092.52123341743
1983-10-05,BOSTON,1983,4,10,1374,278,1111,BOSTON:1983:10:4,55.9968649910639,63.9460382762241,894,909.310794398026,1079.27779140437
1983-10-06,BOSTON,1983,5,10,1375,279,1128,BOSTON:1983:10:5,55.6476072346612,68.6446006418026,1003,976.146765199431,1077.36382811475
1983-10-07,BOSTON,1983,6,10,1376,280,1109,BOSTON:1983:10:6,55.2972242869661,77.944016296439,1201,1139.29838180929,1083.79797859453
1983-10-08,BOSTON,1983,7,10,1377,281,1034,BOSTON:1983:10:7,54.9458201924468,46.1245681574697,866,878.012659874721,1011.67750431327
1983-10-09,BOSTON,1983,1,10,1378,282,1042,BOSTON:1983:10:1,54.5934993034386,86.2923696247086,1006,968.74580955083,988.630177374051
1983-10-10,BOSTON,1983,2,10,1379,283,996,BOSTON:1983:10:2,54.2403662492801,20.5586173789855,894,867.448996921745,921.624238066481
1983-10-11,BOSTON,1983,3,10,1380,284,1075,BOSTON:1983:10:3,53.8865259053664,61.7527739677125,1105,1116.33460054542,1127.28310632179
1983-10-12,BOSTON,1983,4,10,1381,285,1108,BOSTON:1983:10:4,53.5320833621269,50.9822468313111,1117,1119.69503192799,1093.08836227542
1983-10-13,BOSTON,1983,5,10,1382,286,1112,BOSTON:1983:10:5,53.177143893938,43.0082173294271,1117,1109.05714644828,1062.18844474932
1983-10-14,BOSTON,1983,6,10,1383,287,1120,BOSTON:1983:10:6,52.8218129279803,79.5914249450679,1115,1130.8862639309,1084.90271762669
1983-10-15,BOSTON,1983,7,10,1384,288,1022,BOSTON:1983:10:7,52.4661960130479,22.7723961047749,1008,1038.55048273944,998.248721699028
1983-10-16,BOSTON,1983,1,10,1385,289,1044,BOSTON:1983:10:1,52.1103987883207,78.9407822041203,1061,1081.26101983767,973.739725827602
1983-10-17,BOSTON,1983,2,10,1386,290,1013,BOSTON:1983:10:2,51.7545269521085,29.9300554555973,830,805.862511965848,918.634075669628
1983-10-18,BOSTON,1983,3,10,1387,291,1057,BOSTON:1983:10:3,51.3986862305748,31.453358507176,982,1004.62620249775,1102.26259080815
1983-10-19,BOSTON,1983,4,10,1388,292,1143,BOSTON:1983:10:4,51.0429823464514,76.9102427545735,1170,1123.87494322472,1114.61760560275
1983-10-20,BOSTON,1983,5,10,1389,293,1100,BOSTON:1983:10:5,50.6875209877527,19.9461849261335,1167,1144.30420664926,1066.35422052709
1983-10-21,BOSTON,1983,6,10,1390,294,1084,BOSTON:1983:10:6,50.3324077764979,31.7753798279433,894,924.544035447061,1043.31671614482
1983-10-22,BOSTON,1983,7,10,1391,295,1087,BOSTON:1983:10:7,49.9777482374507,84.4888341351348,1053,1008.5594756291,1043.04958715761
1983-10-23,BOSTON,1983,1,10,1392,296,1038,BOSTON:1983:10:1,49.6236477668874,62.0974887108907,932,909.095598900409,983.304059331841
1983-10-24,BOSTON,1983,2,10,1393,297,1035,BOSTON:1983:10:2,49.2702116014,44.754287636609,1111,1114.26541732653,928.965075261611
1983-10-25,BOSTON,1983,3,10,1394,298,1074,BOSTON:1983:10:3,48.9175447867453,40.3292407211117,1190,1172.53006750117,1100.93306945306
1983-10-26,BOSTON,1983,4,10,1395,299,1122,BOSTON:1983:10:4,48.5657521467493,45.8486338509084,1172,1155.24430379204,1066.01624071502
1983-10-27,BOSTON,1983,5,10,1396,300,1157,BOSTON:1983:10:5,48.2149382522749,69.3445692682127,995,975.035260904367,1076.09350661126
1983-10-28,BOSTON,1983,6,10,1397,301,1119,BOSTON:1983:10:6,47.8652073902626,59.272895657326,1057,1110.23303196819,1054.98258763358
1983-10-29,BOSTON,1983,7,10,1398,302,1060,BOSTON:1983:10:7,47.5166635328545,45.1369200178063,1102,1125.79825670561,994.383609545937
1983-10-30,BOSTON,1983,1,10,1399,303,1006,BOSTON:1983:10:1,47.169410306609,15.8975708620834,935,972.289421761509,920.041760122359
1983-10-31,BOSTON,1983,2,10,1400,304,1029,BOSTON:1983:10:2,46.8235509618159,28.4274052464377,890,922.934585509783,887.746615025084
1983-11-01,BOSTON,1983,3,11,1401,305,1071,BOSTON:1983:11:3,46.4791883419223,27.8059699719727,928,910.595524617192,1080.36601602442
1983-11-02,BOSTON,1983,4,11,1402,306,1114,BOSTON:1983:11:4,46.1364248530757,27.2821769067836,989,986.004890027607,1036.86259226581
1983-11-03,BOSTON,1983,5,11,1403,307,1114,BOSTON:1983:11:5,45.7953624337962,15.1162016116133,1206,1137.35121168943,1145.83555675273
1983-11-04,BOSTON,1983,6,11,1404,308,1115,BOSTON:1983:11:6,45.4561025247846,45.2544051729079,1048,1015.0688875796,1056.92634109013
1983-11-05,BOSTON,1983,7,11,1405,309,1053,BOSTON:1983:11:7,45.1187460388764,27.2075022462531,1041,1021.15302827056,1112.77634475484
1983-11-06,BOSTON,1983,1,11,1406,310,1056,BOSTON:1983:11:1,44.7833933311505,62.8563810561774,1145,1143.1020856639,1024.30523450742
1983-11-07,BOSTON,1983,2,11,1407,311,1055,BOSTON:1983:11:2,44.4501441692012,47.7613315962264,1060,1061.03300297374,1075.0956288113
1983-11-08,BOSTON,1983,3,11,1408,312,1125,BOSTON:1983:11:3,44.1190977035824,75.4837804441143,1254,1237.73157939026,1128.83684797714
1983-11-09,BOSTON,1983,4,11,1409,313,1111,BOSTON:1983:11:4,43.790352438433,14.8224059034567,881,899.521653311272,1046.39107140722
1983-11-10,BOSTON,1983,5,11,1410,314,1182,BOSTON:1983:11:5,43.4640062022916,74.8157871519177,1068,1115.6708089605,1193.49971410984
1983-11-11,BOSTON,1983,6,11,1411,315,1137,BOSTON:1983:11:6,43.14015611911,58.7080768835525,1117,1107.96927402424,1088.58080591872
1983-11-12,BOSTON,1983,7,11,1412,316,1103,BOSTON:1983:11:7,42.8188985794729,72.3592209093219,1131,1137.86902478127,1167.37272420161
1983-11-13,BOSTON,1983,1,11,1413,317,1054,BOSTON:1983:11:1,42.5003292120343,50.469195268797,928,908.054470053938,1035.630119391
1983-11-14,BOSTON,1983,2,11,1414,318,1037,BOSTON:1983:11:2,42.1845428551767,18.4521979488652,1106,1084.18775898575,1057.38027865381
1983-11-15,BOSTON,1983,3,11,1415,319,1081,BOSTON:1983:11:3,41.8716335289024,19.677481981165,1052,1067.65977556157,1077.01861137114
1983-11-16,BOSTON,1983,4,11,1416,320,1162,BOSTON:1983:11:4,41.5616944069671,57.6745437491382,1168,1137.26896014148,1053.03172831614
1983-11-17,BOSTON,1983,5,11,1417,321,1164,BOSTON:1983:11:5,41.2548177892605,47.5216133234354,1179,1163.0078318854,1172.56109167294
1983-11-18,BOSTON,1983,6,11,1418,322,1116,BOSTON:1983:11:6,40.9510950744452,27.8248604573609,1084,1045.17381203311,1050.82177565152
1983-11-19,BOSTON,1983,7,11,1419,323,1099,BOSTON:1983:11:7,40.6506167328601,59.7462246589979,1169,1145.59699619835,1124.19494803561
1983-11-20,BOSTON,1983,1,11,1420,324,1042,BOSTON:1983:11:1,40.353472279698,28.894346431211,1011,1052.74687022863,998.766573925926
1983-11-21,BOSTON,1983,2,11,1421,325,1087,BOSTON:1983:11:2,40.0597502484627,64.9571186218121,1061,1015.29384594125,1075.08872071373
1983-11-22,BOSTON,1983,3,11,1422,326,1113,BOSTON:1983:11:3,39.7695381647174,45.4065327100654,1192,1169.60399183787,1098.0420138758
1983-11-23,BOSTON,1983,4,11,1423,327,1146,BOSTON:1983:11:4,39.4829225201279,33.5835081186265,1114,1117.02907331852,1037.32707550107
1983-11-24,BOSTON,1983,5,11,1424,328,1194,BOSTON:1983:11:5,39.1999887468114,69.4800837177604,1234,1214.78816927953,1175.10363746459
1983-11-25,BOSTON,1983,6,11,1425,329,1132,BOSTON:1983:11:6,38.9208211919974,36.3097400947224,1002,1013.01182856441,1054.67107734008
1983-11-26,BOSTON,1983,7,11,1426,330,1061,BOSTON:1983:11:7,38.6455030930081,10.5997461876684,1162,1184.35302514166,1098.65598300845
1983-11-27,BOSTON,1983,1,11,1427,331,1056,BOSTON:1983:11:1,38.3741165525655,35.9555719783905,971,1003.24767490272,996.298072175065
1983-11-28,BOSTON,1983,2,11,1428,332,1101,BOSTON:1983:11:2,38.1067425144339,71.9926125478433,1074,1149.44572619588,1093.43537182097
1983-11-29,BOSTON,1983,3,11,1429,333,1143,BOSTON:1983:11:3,37.8434607394029,67.6125613537606,1099,1090.0663564926,1140.73651075152
1983-11-30,BOSTON,1983,4,11,1430,334,1154,BOSTON:1983:11:4,37.5843497816201,33.0622632274131,1082,1077.87087495911,1060.38753251064
1983-12-01,BOSTON,1983,5,12,1431,335,1196,BOSTON:1983:12:5,37.3294869652787,63.2099370710389,1191,1245.23219559469,1214.95794295062
1983-12-02,BOSTON,1983,6,12,1432,336,1127,BOSTON:1983:12:6,37.0789483616689,23.103740386069,916,919.612703799694,1048.21094416173
1983-12-03,BOSTON,1983,7,12,1433,337,1112,BOSTON:1983:12:7,36.8328087665977,57.6908929488527,1081,1112.1788719241,1021.98951007965
1983-12-04,BOSTON,1983,1,12,1434,338,1083,BOSTON:1983:12:1,36.5911416781856,57.6268915159418,1102,1070.54055727549,977.264208201843
1983-12-05,BOSTON,1983,2,12,1435,339,1067,BOSTON:1983:12:2,36.354019275046,28.4388180064215,775,772.910135358305,1029.526350142
1983-12-06,BOSTON,1983,3,12,1436,340,1111,BOSTON:1983:12:3,36.1215123948536,27.8327910527482,1092,1091.72541967991,1067.86551506788
1983-12-07,BOSTON,1983,4,12,1437,341,1174,BOSTON:1983:12:4,35.8936905133087,46.0797835065533,911,892.921426483767,1211.76277467018
1983-12-08,BOSTON,1983,5,12,1438,342,1201,BOSTON:1983:12:5,35.6706217235037,60.9873435204932,1229,1211.75480693614,1205.60767194096
1983-12-09,BOSTON,1983,6,12,1439,343,1156,BOSTON:1983:12:6,35.4523727156968,46.4166596786865,1052,1042.20425331028,1059.22760048969
1983-12-10,BOSTON,1983,7,12,1440,344,1099,BOSTON:1983:12:7,35.2390087575004,36.3818339065001,917,966.736825033847,1004.59557943964
1983-12-11,BOSTON,1983,1,12,1441,345,1046,BOSTON:1983:12:1,35.0305936744891,10.4453045133025,979,990.658127612511,941.220981175566
1983-12-12,BOSTON,1983,2,12,1442,346,1087,BOSTON:1983:12:2,34.827189831234,42.7208030332657,1174,1178.09520207194,1023.01266006419
1983-12-13,BOSTON,1983,3,12,1443,347,1093,BOSTON:1983:12:3,34.6288581127669,2.56653544077606,1016,978.54355732381,1068.13735236331
1983-12-14,BOSTON,1983,4,12,1444,348,1168,BOSTON:1983:12:4,34.4356579064832,34.3207873903655,1211,1177.24803543333,1220.48472025669
1983-12-15,BOSTON,1983,5,12,1445,349,1197,BOSTON:1983:12:5,34.2476470844853,51.0132225981947,1193,1181.16908354299,1212.785134988
1983-12-16,BOSTON,1983,6,12,1446,350,1168,BOSTON:1983:12:6,34.0648819863746,51.8378665446254,989,989.475623858893,1073.28877845307
1983-12-17,BOSTON,1983,7,12,1447,351,1073,BOSTON:1983:12:7,33.8874174024956,3.30397928590416,862,862.466254793352,1006.0769354272
1983-12-18,BOSTON,1983,1,12,1448,352,1068,BOSTON:1983:12:1,33.7153065576373,29.6890418952486,822,837.352197044867,955.533945873327
1983-12-19,BOSTON,1983,2,12,1449,353,1083,BOSTON:1983:12:2,33.5486010951976,33.5956200376208,1087,1085.73736620659,1028.57739482857
1983-12-20,BOSTON,1983,3,12,1450,354,1113,BOSTON:1983:12:3,33.3873510618146,17.3043680867564,1032,1055.47525098866,1076.13575190844
1983-12-21,BOSTON,1983,4,12,1451,355,1180,BOSTON:1983:12:4,33.2316048924691,40.1477553268775,1374,1349.81927521655,1225.31151890445
1983-12-22,BOSTON,1983,5,12,1452,356,1201,BOSTON:1983:12:5,33.081409396064,49.5900432350305,1180,1208.9871299234,1204.93356425393
1983-12-23,BOSTON,1983,6,12,1453,357,1169,BOSTON:1983:12:6,32.9368097414833,47.8872565702175,1200,1200.12043130368,1058.60780299605
1983-12-24,BOSTON,1983,7,12,1454,358,1080,BOSTON:1983:12:7,32.7978494441367,5.95235502386903,1182,1172.93681032421,998.037278923555
1983-12-25,BOSTON,1983,1,12,1455,359,1080,BOSTON:1983:12:1,32.6645703529914,37.9230136363742,925,975.111442073974,953.980864749728
1983-12-26,BOSTON,1983,2,12,1456,360,1106,BOSTON:1983:12:2,32.5370126380977,53.406251743475,1085,1101.10556691534,1039.8835949656
1983-12-27,BOSTON,1983,3,12,1457,361,1113,BOSTON:1983:12:3,32.4152147786098,13.6428805433552,1149,1154.72431269101,1076.86138066171
1983-12-28,BOSTON,1983,4,12,1458,362,1192,BOSTON:1983:12:4,32.299213551307,48.0391213389541,1388,1299.65997850152,1226.44098616965
1983-12-29,BOSTON,1983,5,12,1459,363,1212,BOSTON:1983:12:5,32.1890440196171,55.8506678682193,1254,1245.30859710572,1208.71568586587
1983-12-30,BOSTON,1983,6,12,1460,364,1131,BOSTON:1983:12:6,32.0847395231475,5.4034394776908,1126,1124.81189343071,1043.66487389943
1983-12-31,BOSTON,1983,7,12,1461,365,1140,BOSTON:1983:12:7,31.986331667725,64.1128594316281,1019,1000.94860814389,1030.30069612997
1984-01-01,BOSTON,1984,1,1,1462,1,1095,BOSTON:1984:1:1,31.8938503159478,49.237371222236,1151,1127.22048461556,1085.25349755716
1984-01-02,BOSTON,1984,2,1,1463,2,1110,BOSTON:1984:1:2,31.8073235782543,53.5695870923559,1057,1110.69649397588,1107.89451078405
1984-01-03,BOSTON,1984,3,1,1464,3,1113,BOSTON:1984:1:3,31.7267778045083,10.0210184435876,1151,1135.084291921,1036.52398372925
1984-01-04,BOSTON,1984,4,1,1465,4,1146,BOSTON:1984:1:4,31.6522375761054,0,1173,1155.13466817386,1067.8814109701
1984-01-05,BOSTON,1984,5,1,1466,5,1217,BOSTON:1984:1:5,31.5837256986027,57.048486154837,1197,1143.85877456011,1124.97486388017
1984-01-06,BOSTON,1984,6,1,1467,6,1189,BOSTON:1984:1:6,31.5212631948733,60.863853772308,1144,1133.16215883047,1156.67498451099
1984-01-07,BOSTON,1984,7,1,1468,7,1087,BOSTON:1984:1:7,31.4648692987873,6.09882845105739,1109,1126.97807285149,1106.14016415117
1984-01-08,BOSTON,1984,1,1,1469,8,1079,BOSTON:1984:1:1,31.4145614494231,29.8499649817716,1045,1061.45217651442,1071.60251438415
1984-01-09,BOSTON,1984,2,1,1470,9,1089,BOSTON:1984:1:2,31.3703552858085,28.7776603052505,998,962.068581039609,1089.45288877388
1984-01-10,BOSTON,1984,3,1,1471,10,1150,BOSTON:1984:1:3,31.3322646421948,45.3447674186537,1051,1060.09770064482,1049.630470681
1984-01-11,BOSTON,1984,4,1,1472,11,1151,BOSTON:1984:1:4,31.3003015438646,0.890544626358114,988,966.401273882528,1080.74764714798
1984-01-12,BOSTON,1984,5,1,1473,12,1209,BOSTON:1984:1:5,31.274476203474,47.5872757363717,1075,1050.09154332032,1117.76561686125
1984-01-13,BOSTON,1984,6,1,1474,13,1154,BOSTON:1984:1:6,31.2547970179322,23.970008342326,1040,1082.98669910038,1116.63317694139
1984-01-14,BOSTON,1984,7,1,1475,14,1110,BOSTON:1984:1:7,31.2412705658176,28.5454197031618,854,882.459366177278,1090.5881524019
1984-01-15,BOSTON,1984,1,1,1476,15,1097,BOSTON:1984:1:1,31.2339016053314,47.0048570333468,939,879.519072688382,1073.76220492868
1984-01-16,BOSTON,1984,2,1,1477,16,1091,BOSTON:1984:1:2,31.2326930727908,29.1328783644462,1216,1156.89171480855,1087.7540138716
1984-01-17,BOSTON,1984,3,1,1478,17,1172,BOSTON:1984:1:3,31.2376460816605,66.2043245077959,1036,1048.3413867824,1060.17464002823
1984-01-18,BOSTON,1984,4,1,1479,18,1207,BOSTON:1984:1:4,31.2487599221239,55.4642653432856,980,952.428435551293,1104.22483892442
1984-01-19,BOSTON,1984,5,1,1480,19,1217,BOSTON:1984:1:5,31.2660320611935,54.2405433250856,1150,1140.96449772011,1121.62140137974
1984-01-20,BOSTON,1984,6,1,1481,20,1181,BOSTON:1984:1:6,31.2894581433614,49.6045622451459,1247,1274.698632615,1118.70779781718
1984-01-21,BOSTON,1984,7,1,1482,21,1088,BOSTON:1984:1:7,31.3190319917886,4.16648641859875,1069,1108.65507268564,1070.16398088528
1984-01-22,BOSTON,1984,1,1,1483,22,1105,BOSTON:1984:1:1,31.3547456100337,55.083136961212,1096,1098.51600086804,1067.0024774057
1984-01-23,BOSTON,1984,2,1,1484,23,1114,BOSTON:1984:1:2,31.3965891843201,53.3661258738958,1101,1190.43215835227,1103.755197564
1984-01-24,BOSTON,1984,3,1,1485,24,1172,BOSTON:1984:1:3,31.4445510863406,65.8434046812435,1039,1035.26899846112,1072.92962244777
1984-01-25,BOSTON,1984,4,1,1486,25,1151,BOSTON:1984:1:4,31.4986178766002,0,1197,1193.76614665514,1085.14610295645
1984-01-26,BOSTON,1984,5,1,1487,26,1211,BOSTON:1984:1:5,31.558774308294,48.833928179454,1058,1099.40567838495,1115.63811787894
1984-01-27,BOSTON,1984,6,1,1488,27,1157,BOSTON:1984:1:6,31.6250033317208,25.9769498430267,1076,1104.86577993365,1114.98404073072
1984-01-28,BOSTON,1984,7,1,1489,28,1119,BOSTON:1984:1:7,31.6972860992301,37.4473589025784,1330,1329.61396100928,1095.10770256192
1984-01-29,BOSTON,1984,1,1,1490,29,1104,BOSTON:1984:1:1,31.7756019707014,54.9269863275988,1149,1157.03382507758,1082.37930572464
1984-01-30,BOSTON,1984,2,1,1491,30,1062,BOSTON:1984:1:2,31.8599285195549,0,1098,1100.70224900783,1081.14338900606
1984-01-31,BOSTON,1984,3,1,1492,31,1105,BOSTON:1984:1:3,31.9502415392902,0,970,951.612774349289,1027.74128311487
1984-02-01,BOSTON,1984,4,2,1493,32,1218,BOSTON:1984:2:4,32.0465150505525,66.7977145600354,1107,1090.90241254202,1183.48408218517
1984-02-02,BOSTON,1984,5,2,1494,33,1212,BOSTON:1984:2:5,32.1487213087245,50.7469980044267,1476,1471.56367256498,1207.45206784052
1984-02-03,BOSTON,1984,6,2,1495,34,1149,BOSTON:1984:2:6,32.2568308120398,19.2832135572834,996,996.553810636413,1119.0465121024
1984-02-04,BOSTON,1984,7,2,1496,35,1133,BOSTON:1984:2:7,32.3708123102176,54.2116344155136,1128,1118.10590012957,1094.6677934819
1984-02-05,BOSTON,1984,1,2,1497,36,1114,BOSTON:1984:2:1,32.4906328136154,66.8759780332498,1204,1170.78986763881,1123.42757016102
1984-02-06,BOSTON,1984,2,2,1498,37,1073,BOSTON:1984:2:2,32.6162576028961,11.6694291081164,1149,1136.60983337239,1051.71220894548
1984-02-07,BOSTON,1984,3,2,1499,38,1147,BOSTON:1984:2:3,32.7476502392086,42.9702556571568,1194,1219.48273686011,1154.90210896719
1984-02-08,BOSTON,1984,4,2,1500,39,1176,BOSTON:1984:2:4,32.8847725748767,28.5133235984233,1088,1102.89469977179,1142.1134883517
1984-02-09,BOSTON,1984,5,2,1501,40,1223,BOSTON:1984:2:5,33.0275847645948,63.6895630717749,1151,1073.07765629265,1182.50976115693
1984-02-10,BOSTON,1984,6,2,1502,41,1195,BOSTON:1984:2:6,33.1760452771271,67.3362766545909,1074,1109.50474328503,1136.44955288515
1984-02-11,BOSTON,1984,7,2,1503,42,1108,BOSTON:1984:2:7,33.3301109075052,30.2724801771779,973,967.713517679213,1081.45518156965
1984-02-12,BOSTON,1984,1,2,1504,43,1063,BOSTON:1984:2:1,33.4897367897224,14.6327828135122,1049,1080.47504956484,1078.34083315753
1984-02-13,BOSTON,1984,2,2,1505,44,1103,BOSTON:1984:2:2,33.6548764099205,47.339125206119,1170,1175.31111719967,1049.41184783501
1984-02-14,BOSTON,1984,3,2,1506,45,1139,BOSTON:1984:2:3,33.8254816200639,37.7897457428332,1239,1335.53107244499,1156.00292766584
1984-02-15,BOSTON,1984,4,2,1507,46,1185,BOSTON:1984:2:4,34.0015026520994,39.9312089163866,1153,1160.81708090011,1148.93015409107
1984-02-16,BOSTON,1984,5,2,1508,47,1185,BOSTON:1984:2:5,34.1828881325948,29.5370754162597,975,1024.2798487912,1150.71334896633
1984-02-17,BOSTON,1984,6,2,1509,48,1153,BOSTON:1984:2:6,34.3695850978546,29.2018387914575,1263,1204.57874343027,1082.34133907227
1984-02-18,BOSTON,1984,7,2,1510,49,1115,BOSTON:1984:2:7,34.5615390095062,41.341346692121,1208,1145.12262201543,1063.76627018585
1984-02-19,BOSTON,1984,1,2,1511,50,1075,BOSTON:1984:2:1,34.7586937705536,31.4046847112958,1004,986.144178579407,1082.14085946521
1984-02-20,BOSTON,1984,2,2,1512,51,1118,BOSTON:1984:2:2,34.9609917418926,66.923597847846,902,905.378547006137,1068.50886366239
1984-02-21,BOSTON,1984,3,2,1513,52,1156,BOSTON:1984:2:3,35.1683737592838,59.2784982592865,1192,1184.57697220876,1177.8680822859
1984-02-22,BOSTON,1984,4,2,1514,53,1157,BOSTON:1984:2:4,35.3807791507776,15.9745813369724,1278,1234.40794801192,1141.34499958142
1984-02-23,BOSTON,1984,5,2,1515,54,1181,BOSTON:1984:2:5,35.5981457545862,30.0100581450828,1087,1090.92635323154,1148.32482203543
1984-02-24,BOSTON,1984,6,2,1516,55,1150,BOSTON:1984:2:6,35.8204099373976,30.219215424833,1093,1153.10629010278,1088.16259593893
1984-02-25,BOSTON,1984,7,2,1517,56,1074,BOSTON:1984:2:7,36.0475066131263,2.50286603479677,993,999.569068061974,1062.11075476259
1984-02-26,BOSTON,1984,1,2,1518,57,1067,BOSTON:1984:2:1,36.2793692620943,27.9107271298307,1119,1091.25885197095,1092.09073721522
1984-02-27,BOSTON,1984,2,2,1519,58,1080,BOSTON:1984:2:2,36.515929950638,31.080319881676,1006,1019.62647109944,1057.36707955739
1984-02-28,BOSTON,1984,3,2,1520,59,1108,BOSTON:1984:2:3,36.7571193511344,15.1569437906824,1019,1023.28782272482,1155.22688108132
1984-02-29,BOSTON,1984,4,2,1521,60,1187,BOSTON:1984:2:4,37.0028667624407,51.3759164844938,1155,1146.07187731452,1165.12727579066
1984-03-01,BOSTON,1984,5,3,1522,61,1149,BOSTON:1984:3:5,37.2531001307417,3.19953339783219,1081,1075.34753984081,1138.81715735024
1984-03-02,BOSTON,1984,6,3,1523,62,1168,BOSTON:1984:3:6,37.5077460707988,53.6919634744416,1026,1052.39660603769,1109.63593608581
1984-03-03,BOSTON,1984,7,3,1524,63,1098,BOSTON:1984:3:7,37.7667298875933,33.0574167459456,1012,1015.08916335924,1055.92212567526
1984-03-04,BOSTON,1984,1,3,1525,64,1086,BOSTON:1984:3:1,38.02997559836,54.2167821090283,1034,1034.44813947321,1077.20444593652
1984-03-05,BOSTON,1984,2,3,1526,65,1050,BOSTON:1984:3:2,38.2974059550013,4.27331462930106,1044,1025.94071034469,1026.32283762955
1984-03-06,BOSTON,1984,3,3,1527,66,1095,BOSTON:1984:3:3,38.5689424668785,6.74087406055737,1290,1231.08068384017,1139.72531259954
1984-03-07,BOSTON,1984,4,3,1528,67,1163,BOSTON:1984:3:4,38.8445054239709,33.1335117749986,948,970.888749603897,1045.90984272839
1984-03-08,BOSTON,1984,5,3,1529,68,1189,BOSTON:1984:3:5,39.1240139203979,49.1928140694177,1150,1113.86004062606,1161.72439648048
1984-03-09,BOSTON,1984,6,3,1530,69,1128,BOSTON:1984:3:6,39.4073858782956,19.7929508700342,1130,1150.00923653085,1105.34264928766
1984-03-10,BOSTON,1984,7,3,1531,70,1120,BOSTON:1984:3:7,39.6945380720418,63.0355237702016,1320,1283.26028394508,1072.44385102937
1984-03-11,BOSTON,1984,1,3,1532,71,1080,BOSTON:1984:3:1,39.9853861528221,53.6190981008816,1073,1074.74538860305,1079.84837842609
1984-03-12,BOSTON,1984,2,3,1533,72,1103,BOSTON:1984:3:2,40.2798446735294,68.2185586380699,1031,1050.89015495518,1060.3604056063
1984-03-13,BOSTON,1984,3,3,1534,73,1115,BOSTON:1984:3:3,40.5778271139901,34.5746470841881,1029,1029.60627871581,1158.89958923343
1984-03-14,BOSTON,1984,4,3,1535,74,1157,BOSTON:1984:3:4,40.8792459065091,34.6495751346458,1170,1146.52840950764,1036.3623805464
1984-03-15,BOSTON,1984,5,3,1536,75,1156,BOSTON:1984:3:5,41.1840124617257,23.6850617200063,1239,1208.47047285726,1120.53663566466
1984-03-16,BOSTON,1984,6,3,1537,76,1134,BOSTON:1984:3:6,41.4920371947743,32.6557299275816,1031,1051.21225449425,1081.28251447939
1984-03-17,BOSTON,1984,7,3,1538,77,1076,BOSTON:1984:3:7,41.8032295517403,23.0357208386774,983,1033.67580848091,1035.51858910739
1984-03-18,BOSTON,1984,1,3,1539,78,1090,BOSTON:1984:3:1,42.1174980364041,72.3297195615479,1067,1062.40398429947,1089.04240904804
1984-03-19,BOSTON,1984,2,3,1540,79,1071,BOSTON:1984:3:2,42.4347502372662,40.778883097923,1090,1097.9477171063,1050.20034233049
1984-03-20,BOSTON,1984,3,3,1541,80,1086,BOSTON:1984:3:3,42.7548928548438,11.0914430640494,1172,1163.58612844711,1148.11828861263
1984-03-21,BOSTON,1984,4,3,1542,81,1178,BOSTON:1984:3:4,43.0778317292325,62.2250056498788,1124,1161.768004876,1061.51510884222
1984-03-22,BOSTON,1984,5,3,1543,82,1157,BOSTON:1984:3:5,43.4034718679228,31.5816849273593,1122,1098.10136959502,1147.19263192979
1984-03-23,BOSTON,1984,6,3,1544,83,1141,BOSTON:1984:3:6,43.7317174738664,47.4330704166013,1242,1246.75177304126,1105.33695346907
1984-03-24,BOSTON,1984,7,3,1545,84,1100,BOSTON:1984:3:7,44.0624719737802,56.4056089982163,1024,1060.71192026859,1058.82758863297
1984-03-25,BOSTON,1984,1,3,1546,85,1044,BOSTON:1984:3:1,44.3956380466828,28.8090440085055,1127,1159.31455830227,1054.9047665877
1984-03-26,BOSTON,1984,2,3,1547,86,1039,BOSTON:1984:3:2,44.7311176526537,13.4310151384388,985,978.15392229489,1013.11641443342
1984-03-27,BOSTON,1984,3,3,1548,87,1105,BOSTON:1984:3:3,45.0688120618057,39.8719129210864,1098,1111.16739949814,1142.25680955319
1984-03-28,BOSTON,1984,4,3,1549,88,1160,BOSTON:1984:3:4,45.408621883465,53.1169156254995,955,939.20145810318,1053.21266788348
1984-03-29,BOSTON,1984,5,3,1550,89,1196,BOSTON:1984:3:5,45.7504470955464,79.0736695501837,1169,1136.06491091558,1192.72917857318
1984-03-30,BOSTON,1984,6,3,1551,90,1164,BOSTON:1984:3:6,46.0941870741185,78.9801954894897,1138,1133.96489018579,1165.40194667854
1984-03-31,BOSTON,1984,7,3,1552,91,1057,BOSTON:1984:3:7,46.4397406231478,17.6336596373335,950,957.945971941071,1066.28784555553
1984-04-01,BOSTON,1984,1,4,1553,92,1052,BOSTON:1984:4:1,46.7870060044139,46.6736086124353,913,918.777130615028,986.300278854586
1984-04-02,BOSTON,1984,2,4,1554,93,1056,BOSTON:1984:4:2,47.135880967587,39.8341367123497,1087,1116.50927385666,977.096618275383
1984-04-03,BOSTON,1984,3,4,1555,94,1097,BOSTON:1984:4:3,47.4862627804578,39.8094978163317,1185,1145.93247109073,1113.46477770314
1984-04-04,BOSTON,1984,4,4,1556,95,1134,BOSTON:1984:4:4,47.8380482593133,35.1330126189208,942,940.716908804835,1044.3477519129
1984-04-05,BOSTON,1984,5,4,1557,96,1169,BOSTON:1984:4:5,48.1911337994458,60.9713875958184,1113,1151.10729689558,1151.06218512686
1984-04-06,BOSTON,1984,6,4,1558,97,1111,BOSTON:1984:4:6,48.5454154057898,33.4684589362241,969,934.70337406623,963.062633894667
1984-04-07,BOSTON,1984,7,4,1559,98,1070,BOSTON:1984:4:7,48.900788723675,41.2074187204217,972,905.787593498324,930.536741186945
1984-04-08,BOSTON,1984,1,4,1560,99,1078,BOSTON:1984:4:1,49.2571490696882,83.568948290429,1106,1090.8512634646,1015.06025703786
1984-04-09,BOSTON,1984,2,4,1561,100,1075,BOSTON:1984:4:2,49.6143914626335,70.0547926670296,968,971.883020533705,1016.54085659114
1984-04-10,BOSTON,1984,3,4,1562,101,1086,BOSTON:1984:4:3,49.9724106545831,36.8407712629336,1158,1157.98499985206,1127.07071244618
1984-04-11,BOSTON,1984,4,4,1563,102,1163,BOSTON:1984:4:4,50.3311011620076,72.5293422891969,1117,1134.66040041483,1082.70828323259
1984-04-12,BOSTON,1984,5,4,1564,103,1131,BOSTON:1984:4:5,50.6903572969786,31.1540413515358,1193,1152.40687270564,1157.25975727863
1984-04-13,BOSTON,1984,6,4,1565,104,1120,BOSTON:1984:4:6,51.0500731984337,51.1252406182882,968,1018.52500723076,981.931556350439
1984-04-14,BOSTON,1984,7,4,1566,105,1050,BOSTON:1984:4:7,51.4101428634932,28.0982036053648,864,889.188435280764,933.001972955045
1984-04-15,BOSTON,1984,1,4,1567,106,1017,BOSTON:1984:4:1,51.7704601788218,25.1466037931176,1085,1055.94004010175,963.688829095801
1984-04-16,BOSTON,1984,2,4,1568,107,1076,BOSTON:1984:4:2,52.130918952024,79.9636166937114,1032,1059.15967734215,1006.80572818824
1984-04-17,BOSTON,1984,3,4,1569,108,1066,BOSTON:1984:4:3,52.491412943065,24.0514544493741,997,999.664692413682,1121.41293697389
1984-04-18,BOSTON,1984,4,4,1570,109,1159,BOSTON:1984:4:4,52.8518358957065,78.4059348622379,1148,1136.46427009001,1098.24929852763
1984-04-19,BOSTON,1984,5,4,1571,110,1129,BOSTON:1984:4:5,53.2120815689505,37.5734840288587,1224,1251.98966340923,1174.59993004217
1984-04-20,BOSTON,1984,6,4,1572,111,1082,BOSTON:1984:4:6,53.5720437684789,20.4819022597506,941,976.969009773274,973.085260378242
1984-04-21,BOSTON,1984,7,4,1573,112,1084,BOSTON:1984:4:7,53.9316163780818,74.0485638133901,986,976.550340365684,974.673002396045
1984-04-22,BOSTON,1984,1,4,1574,113,1026,BOSTON:1984:4:1,54.2906933910646,44.3969143768274,951,928.089708613672,998.845832430647
1984-04-23,BOSTON,1984,2,4,1575,114,1015,BOSTON:1984:4:2,54.6491689416231,21.4063765452825,793,830.098454040443,974.070179849719
1984-04-24,BOSTON,1984,3,4,1576,115,1103,BOSTON:1984:4:3,55.00693733618,72.2334891934912,1158,1152.52078580251,1136.05157287612
1984-04-25,BOSTON,1984,4,4,1577,116,1097,BOSTON:1984:4:4,55.363893084672,22.4376834854267,1074,1076.27509987599,1055.69466632783
1984-04-26,BOSTON,1984,5,4,1578,117,1133,BOSTON:1984:4:5,55.7199309317776,51.0904691012957,1112,1105.70374312032,1159.07812755118
1984-04-27,BOSTON,1984,6,4,1579,118,1091,BOSTON:1984:4:6,56.0749458880773,39.0388241978971,1012,1032.70141082025,971.920549376414
1984-04-28,BOSTON,1984,7,4,1580,119,1059,BOSTON:1984:4:7,56.4288332611378,56.289898729423,964,956.367808768939,947.788283462869
1984-04-29,BOSTON,1984,1,4,1581,120,1039,BOSTON:1984:4:1,56.7814886865089,67.5163548269192,910,910.545231062615,1001.10480258207
1984-04-30,BOSTON,1984,2,4,1582,121,1013,BOSTON:1984:4:2,57.1328081586251,27.988790154908,1063,1047.55896935217,968.486617094695
1984-05-01,BOSTON,1984,3,5,1583,122,1060,BOSTON:1984:5:3,57.4826880616038,35.1157603833727,865,869.480007277041,970.20353855234
1984-05-02,BOSTON,1984,4,5,1584,123,1095,BOSTON:1984:5:4,57.8310251999285,30.1434003114339,1089,1082.01413762786,1053.18724785104
1984-05-03,BOSTON,1984,5,5,1585,124,1153,BOSTON:1984:5:5,58.1777168290096,80.0452256962995,1097,1022.70032025636,1047.60498162262
1984-05-04,BOSTON,1984,6,5,1586,125,1110,BOSTON:1984:5:6,58.5226606856146,67.4478316003503,1141,1102.20930511194,1150.79733842283
1984-05-05,BOSTON,1984,7,5,1587,126,1062,BOSTON:1984:5:7,58.8657550181556,68.005829036079,987,956.819690318012,1002.73879579993
1984-05-06,BOSTON,1984,1,5,1588,127,1017,BOSTON:1984:5:1,59.2068986168286,51.5691881316869,926,932.628819571143,1040.64300585687
1984-05-07,BOSTON,1984,2,5,1589,128,1029,BOSTON:1984:5:2,59.5459908435933,54.8037410087764,1145,1181.29909486888,1045.58827202948
1984-05-08,BOSTON,1984,3,5,1590,129,1065,BOSTON:1984:5:3,59.8829316619858,49.2873118205071,1105,1085.4318634368,988.486982410258
1984-05-09,BOSTON,1984,4,5,1591,130,1135,BOSTON:1984:5:4,60.2176216667544,80.7666647740666,904,881.2742866442,1107.42712161923
1984-05-10,BOSTON,1984,5,5,1592,131,1151,BOSTON:1984:5:5,60.5499621133107,87.6354899585034,1173,1144.87344792964,1084.46437362828
1984-05-11,BOSTON,1984,6,5,1593,132,1105,BOSTON:1984:5:6,60.8798549469866,71.4587510173515,1022,1043.62284393287,1170.57294032836
1984-05-12,BOSTON,1984,7,5,1594,133,1054,BOSTON:1984:5:7,61.2072028320886,67.7076313303456,967,932.024685625706,1012.76947931228
1984-05-13,BOSTON,1984,1,5,1595,134,1008,BOSTON:1984:5:1,61.5319091807412,49.4794557503717,1022,1010.75298888506,1048.36711956782
1984-05-14,BOSTON,1984,2,5,1596,135,1002,BOSTON:1984:5:2,61.8538781815103,32.1521339380077,1027,984.74479077643,1041.81663270008
1984-05-15,BOSTON,1984,3,5,1597,136,1074,BOSTON:1984:5:3,62.1730148277989,68.5701217733135,963,1000.79334275488,1007.0365167796
1984-05-16,BOSTON,1984,4,5,1598,137,1088,BOSTON:1984:5:4,62.4892249460049,39.9727983925208,1295,1261.04677758284,1074.96214270469
1984-05-17,BOSTON,1984,5,5,1599,138,1135,BOSTON:1984:5:5,62.8024152234361,79.6969239121467,847,872.788431989214,1051.21632987889
1984-05-18,BOSTON,1984,6,5,1600,139,1076,BOSTON:1984:5:6,63.1124932359696,48.6838278052189,1076,1122.86924727489,1123.58415372332
1984-05-19,BOSTON,1984,7,5,1601,140,1051,BOSTON:1984:5:7,63.4193674754514,73.1623742240644,951,988.893870999164,995.402673840997
1984-05-20,BOSTON,1984,1,5,1602,141,990,BOSTON:1984:5:1,63.7229473768259,37.4605151843737,1020,1017.65782773042,1030.4946337304
1984-05-21,BOSTON,1984,2,5,1603,142,1007,BOSTON:1984:5:2,64.0231433449873,46.8917482075842,950,919.841446824662,1034.81186270564
1984-05-22,BOSTON,1984,3,5,1604,143,1084,BOSTON:1984:5:3,64.3198667813466,86.7600948943199,951,994.074495031042,1034.18626325422
1984-05-23,BOSTON,1984,4,5,1605,144,1124,BOSTON:1984:5:4,64.6130301101039,85.8776576184574,969,936.577493062406,1153.07057698291
1984-05-24,BOSTON,1984,5,5,1606,145,1083,BOSTON:1984:5:5,64.9025468042203,33.1109709551641,1034,1044.40942835978,1051.1796028086
1984-05-25,BOSTON,1984,6,5,1607,146,1109,BOSTON:1984:5:6,65.1883314110804,91.4755519412923,1393,1429.23851193975,1187.04556752644
1984-05-26,BOSTON,1984,7,5,1608,147,1014,BOSTON:1984:5:7,65.4702995778388,39.4309358755453,1112,1114.62395171193,1006.08905104811
1984-05-27,BOSTON,1984,1,5,1609,148,1014,BOSTON:1984:5:1,65.7483680764418,73.3665663245339,1233,1191.72800544141,1081.49524084506
1984-05-28,BOSTON,1984,2,5,1610,149,1016,BOSTON:1984:5:2,66.0224548283181,63.8921359575502,1084,1093.14381725204,1083.78323256495
1984-05-29,BOSTON,1984,3,5,1611,150,1062,BOSTON:1984:5:3,66.2924789287307,70.30285492066,1143,1163.96043156869,1027.08669900544
1984-05-30,BOSTON,1984,4,5,1612,151,1114,BOSTON:1984:5:4,66.5583606707823,82.6858555912931,1277,1202.95101939525,1145.35291084126
1984-05-31,BOSTON,1984,5,5,1613,152,1106,BOSTON:1984:5:5,66.8200215690682,64.7101297828281,1143,1137.1523336591,1059.53471206045
1984-06-01,BOSTON,1984,6,6,1614,153,1111,BOSTON:1984:6:6,67.0773843829687,100,995,1061.06998703156,1074.77447450477
1984-06-02,BOSTON,1984,7,6,1615,154,1063,BOSTON:1984:6:7,67.3303731395742,100,1056,1049.8181155985,1189.13554612178
1984-06-03,BOSTON,1984,1,6,1616,155,997,BOSTON:1984:6:1,67.5789131562364,60.1088408276578,866,877.310231512532,1060.58362191309
1984-06-04,BOSTON,1984,2,6,1617,156,1020,BOSTON:1984:6:2,67.8229310627398,75.4422306905803,1028,1047.86002649784,1054.00911446723
1984-06-05,BOSTON,1984,3,6,1618,157,1044,BOSTON:1984:6:3,68.0623548230846,57.2462159287874,1213,1150.06116770288,1038.18083751952
1984-06-06,BOSTON,1984,4,6,1619,158,1090,BOSTON:1984:6:4,68.2971137568769,63.8949931056653,1213,1195.59140953427,1069.57430379713
1984-06-07,BOSTON,1984,5,6,1620,159,1086,BOSTON:1984:6:5,68.5271385603193,49.5663759938981,1049,1058.8922989825,1053.62543964111
1984-06-08,BOSTON,1984,6,6,1621,160,1043,BOSTON:1984:6:6,68.7523613267937,34.1774186937497,930,939.355127384487,968.188798833971
1984-06-09,BOSTON,1984,7,6,1622,161,999,BOSTON:1984:6:7,68.9727155670333,35.6440977418605,1291,1312.95842843835,1030.76639438365
1984-06-10,BOSTON,1984,1,6,1623,162,973,BOSTON:1984:6:1,69.1881362288758,38.301226211296,956,984.504161663842,953.166966623763
1984-06-11,BOSTON,1984,2,6,1624,163,1025,BOSTON:1984:6:2,69.3985597165921,87.9188548732237,1158,1137.36744786282,1012.3320868837
1984-06-12,BOSTON,1984,3,6,1625,164,1048,BOSTON:1984:6:3,69.603923909785,67.4370042946653,991,981.347929317614,1028.01719288482
1984-06-13,BOSTON,1984,4,6,1626,165,1113,BOSTON:1984:6:4,69.8041681818534,94.3623997982461,1062,1108.75437867912,1106.16404198475
1984-06-14,BOSTON,1984,5,6,1627,166,1105,BOSTON:1984:6:5,69.999233418014,75.7195907587745,1163,1165.74915017362,1114.83502594972
1984-06-15,BOSTON,1984,6,6,1628,167,1051,BOSTON:1984:6:6,70.1890620328773,48.2712404006448,1242,1241.74633855321,1022.76041402076
1984-06-16,BOSTON,1984,7,6,1629,168,1032,BOSTON:1984:6:7,70.3735979875722,78.0078664837578,1039,1000.33741257172,1112.21721996251
1984-06-17,BOSTON,1984,1,6,1630,169,1020,BOSTON:1984:6:1,70.5527868064138,98.0867081264051,1142,1131.15576133665,1073.32159823632
1984-06-18,BOSTON,1984,2,6,1631,170,1024,BOSTON:1984:6:2,70.7265755931085,91.3290572051128,873,857.627461936904,1097.02448649535
1984-06-19,BOSTON,1984,3,6,1632,171,1046,BOSTON:1984:6:3,70.8949130464945,71.1814114235942,992,1019.20230121415,1074.31293834599
1984-06-20,BOSTON,1984,4,6,1633,172,1082,BOSTON:1984:6:4,71.0577494758096,65.6697286376644,968,965.940259624542,1083.72465894947
1984-06-21,BOSTON,1984,5,6,1634,173,1106,BOSTON:1984:6:5,71.2150368154833,82.0217269579732,1244,1257.94406397835,1117.83702533556
1984-06-22,BOSTON,1984,6,6,1635,174,1093,BOSTON:1984:6:6,71.3667286394499,98.5084246515632,1084,1109.52273637101,1104.62871348246
1984-06-23,BOSTON,1984,7,6,1636,175,1046,BOSTON:1984:6:7,71.5127801749764,98.9539331541305,1042,1054.31694336039,1202.19654813331
1984-06-24,BOSTON,1984,1,6,1637,176,974,BOSTON:1984:6:1,71.6531483160015,49.1404859658013,1172,1150.25866112868,1048.92781322788
1984-06-25,BOSTON,1984,2,6,1638,177,988,BOSTON:1984:6:2,71.7877916359833,54.8129613694294,1125,1119.68780192715,1020.63431215213
1984-06-26,BOSTON,1984,3,6,1639,178,1019,BOSTON:1984:6:3,71.9166704002496,44.8573657326129,959,923.419772263154,1014.48903124939
1984-06-27,BOSTON,1984,4,6,1640,179,1103,BOSTON:1984:6:4,72.0397465778488,92.8408736814718,1118,1148.41067701772,1101.53699526934
1984-06-28,BOSTON,1984,5,6,1641,180,1068,BOSTON:1984:6:5,72.1569838528971,44.8246780680942,905,922.395021896766,1074.70250907338
1984-06-29,BOSTON,1984,6,6,1642,181,1086,BOSTON:1984:6:6,72.2683476354184,95.3033662680725,974,1033.00617419627,1054.64759916109
1984-06-30,BOSTON,1984,7,6,1643,182,1036,BOSTON:1984:6:7,72.3738050716753,91.3470458565103,1267,1244.41472033341,1160.68429140252
1984-07-01,BOSTON,1984,1,7,1644,183,1018,BOSTON:1984:7:1,72.4733250539851,100,1224,1238.84860527472,1061.78969256671
1984-07-02,BOSTON,1984,2,7,1645,184,999,BOSTON:1984:7:2,72.5668782300211,70.2539097798883,1125,1167.71143876081,1068.77070465687
1984-07-03,BOSTON,1984,3,7,1646,185,1069,BOSTON:1984:7:3,72.6544370115941,100,1048,1073.12184840415,1115.43523461351
1984-07-04,BOSTON,1984,4,7,1647,186,1101,BOSTON:1984:7:4,72.7359755829129,92.6987815511565,947,977.357215578118,1218.27790953285
1984-07-05,BOSTON,1984,5,7,1648,187,1117,BOSTON:1984:7:5,72.8114699083202,99.0340211591504,1093,1072.40156413537,1161.67441604628
1984-07-06,BOSTON,1984,6,7,1649,188,1057,BOSTON:1984:7:6,72.8808977395024,65.4932834800061,1186,1226.99104941319,1155.6486429307
1984-07-07,BOSTON,1984,7,7,1650,189,994,BOSTON:1984:7:7,72.9442386221714,44.9231798769548,922,989.110481272393,924.229832474166
1984-07-08,BOSTON,1984,1,7,1651,190,977,BOSTON:1984:7:1,73.0014739022145,57.3887733323055,791,786.550768811342,971.224372863364
1984-07-09,BOSTON,1984,2,7,1652,191,1013,BOSTON:1984:7:2,73.0525867313137,88.6081303095436,989,992.014550227428,1031.16902967395
1984-07-10,BOSTON,1984,3,7,1653,192,1031,BOSTON:1984:7:3,73.0975620720292,63.0389246313589,1193,1165.32812038633,1032.41250748649
1984-07-11,BOSTON,1984,4,7,1654,193,1073,BOSTON:1984:7:4,73.1363867023484,64.9262185404533,1119,1114.34597496878,1084.08391358787
1984-07-12,BOSTON,1984,5,7,1655,194,1060,BOSTON:1984:7:5,73.1690492196979,40.4068547808604,925,944.049634493637,996.385217649603
1984-07-13,BOSTON,1984,6,7,1656,195,1064,BOSTON:1984:7:6,73.1955400444165,74.6967101292283,865,885.834257485216,1062.70074156652
1984-07-14,BOSTON,1984,7,7,1657,196,994,BOSTON:1984:7:7,73.2158514226898,46.6913051435836,891,880.590174612132,887.806445325246
1984-07-15,BOSTON,1984,1,7,1658,197,1012,BOSTON:1984:7:1,73.2299774289443,100,1003,1005.47788259453,996.391439126222
1984-07-16,BOSTON,1984,2,7,1659,198,974,BOSTON:1984:7:2,73.2379139677002,43.4631548981494,1083,1048.38786999725,996.114508003069
1984-07-17,BOSTON,1984,3,7,1660,199,1058,BOSTON:1984:7:3,73.2396587748837,93.1356150490057,884,879.684690813553,1059.04962217117
1984-07-18,BOSTON,1984,4,7,1661,200,1104,BOSTON:1984:7:4,73.2352114185965,98.0244725985726,1286,1268.46476573637,1184.54381102501
1984-07-19,BOSTON,1984,5,7,1662,201,1061,BOSTON:1984:7:5,73.2245732993437,40.827045243754,1117,1084.27550940022,1060.60177240401
1984-07-20,BOSTON,1984,6,7,1663,202,1048,BOSTON:1984:7:6,73.207747649719,57.4677933145696,1107,1116.02098938697,1088.43417222859
1984-07-21,BOSTON,1984,7,7,1664,203,1026,BOSTON:1984:7:7,73.1847395335483,83.1296359684477,871,872.291032638844,930.845131305902
1984-07-22,BOSTON,1984,1,7,1665,204,1006,BOSTON:1984:7:1,73.155555844491,93.1110410119384,980,957.458141130403,1030.58586390637
1984-07-23,BOSTON,1984,2,7,1666,205,993,BOSTON:1984:7:2,73.1202053040993,66.1245951377582,946,952.833060683609,1033.08959710741
1984-07-24,BOSTON,1984,3,7,1667,206,1068,BOSTON:1984:7:3,73.0786984593377,100,1221,1218.19543808952,1084.29822257964
1984-07-25,BOSTON,1984,4,7,1668,207,1074,BOSTON:1984:7:4,73.0310476795607,65.3672356336215,1272,1217.12885908563,1137.09436585521
1984-07-26,BOSTON,1984,5,7,1669,208,1086,BOSTON:1984:7:5,72.9772671529524,67.6544186527342,1143,1149.24219134132,1059.33859390526
1984-07-27,BOSTON,1984,6,7,1670,209,1049,BOSTON:1984:7:6,72.9173728824265,57.9668919579729,1228,1223.13744410505,1079.2164432752
1984-07-28,BOSTON,1984,7,7,1671,210,1025,BOSTON:1984:7:7,72.8513826809898,80.6737712778226,981,964.268482746999,922.118590895072
1984-07-29,BOSTON,1984,1,7,1672,211,993,BOSTON:1984:7:1,72.7793161665698,76.8962078706039,1052,1087.6565673735,990.008631538775
1984-07-30,BOSTON,1984,2,7,1673,212,973,BOSTON:1984:7:2,72.7011947563073,40.4988942105478,962,944.537704864731,975.856160559065
1984-07-31,BOSTON,1984,3,7,1674,213,1057,BOSTON:1984:7:3,72.6170416603168,89.7867779394915,984,982.380603998984,1038.80441314953
1984-08-01,BOSTON,1984,4,8,1675,214,1063,BOSTON:1984:8:4,72.526881874916,51.981001324863,1136,1148.19522326097,1030.35549916094
1984-08-02,BOSTON,1984,5,8,1676,215,1103,BOSTON:1984:8:5,72.4307421753257,83.3854597313403,1282,1260.51992493131,1177.29119346253
1984-08-03,BOSTON,1984,6,8,1677,216,1066,BOSTON:1984:8:6,72.3286511078438,73.8976780958435,1165,1156.98699681772,1146.58264593068
1984-08-04,BOSTON,1984,7,8,1678,217,1028,BOSTON:1984:8:7,72.2206389814942,81.5611999206572,996,978.106892118649,959.978869162664
1984-08-05,BOSTON,1984,1,8,1679,218,999,BOSTON:1984:8:1,72.1067378591536,80.3361572270071,943,960.078236172987,997.986657155415
1984-08-06,BOSTON,1984,2,8,1680,219,989,BOSTON:1984:8:2,71.9869815481588,56.9296698684565,1092,1127.80779995991,1049.02800649238
1984-08-07,BOSTON,1984,3,8,1681,220,1026,BOSTON:1984:8:3,71.8614055903977,52.5279111613868,1004,1043.94823949093,943.496826474002
1984-08-08,BOSTON,1984,4,8,1682,221,1087,BOSTON:1984:8:4,71.7300472518859,74.4614021241163,1208,1155.63812777073,1029.07899548679
1984-08-09,BOSTON,1984,5,8,1683,222,1128,BOSTON:1984:8:5,71.592945511833,100,1135,1095.07585455255,1210.14379664885
1984-08-10,BOSTON,1984,6,8,1684,223,1056,BOSTON:1984:8:6,71.450141051201,59.4742986325862,1158,1192.58672435755,1146.18003416997
1984-08-11,BOSTON,1984,7,8,1685,224,1011,BOSTON:1984:8:7,71.3016762407582,58.9352024239574,904,921.381252944833,927.571266483109
1984-08-12,BOSTON,1984,1,8,1686,225,967,BOSTON:1984:8:1,71.1475951286337,38.6202413790232,1030,1006.69360840949,932.053890387013
1984-08-13,BOSTON,1984,2,8,1687,226,1006,BOSTON:1984:8:2,70.9879434273726,72.7807731043695,924,904.839784750554,1038.07929090819
1984-08-14,BOSTON,1984,3,8,1688,227,1052,BOSTON:1984:8:3,70.8227685005005,77.5992525512885,854,802.435391449704,969.18001446797
1984-08-15,BOSTON,1984,4,8,1689,228,1103,BOSTON:1984:8:4,70.6521193485968,87.598185491588,918,952.901197582008,1061.82592011916
1984-08-16,BOSTON,1984,5,8,1690,229,1128,BOSTON:1984:8:5,70.4760465948838,100,1175,1170.14711108955,1231.99619744332
1984-08-17,BOSTON,1984,6,8,1691,230,1069,BOSTON:1984:8:6,70.2946024703341,69.5680891199517,1231,1197.00621041869,1174.75604416398
1984-08-18,BOSTON,1984,7,8,1692,231,999,BOSTON:1984:8:7,70.1078407983023,40.9379549817841,862,847.995603522645,936.679674102631
1984-08-19,BOSTON,1984,1,8,1693,232,983,BOSTON:1984:8:1,69.9158169786836,53.1107769083622,893,860.69459075418,949.805002961179
1984-08-20,BOSTON,1984,2,8,1694,233,1030,BOSTON:1984:8:2,69.7185879716062,95.9578517641284,1258,1235.07805804059,1092.55677104361
1984-08-21,BOSTON,1984,3,8,1695,234,1071,BOSTON:1984:8:3,69.5162122806599,94.1603518270952,1073,1043.95949103648,1028.5798121755
1984-08-22,BOSTON,1984,4,8,1696,235,1113,BOSTON:1984:8:4,69.3087499356679,93.3120764559917,1202,1211.52583997556,1115.95112426046
1984-08-23,BOSTON,1984,5,8,1697,236,1131,BOSTON:1984:8:5,69.0962624750056,100,1144,1142.85597321151,1271.13802655524
1984-08-24,BOSTON,1984,6,8,1698,237,1083,BOSTON:1984:8:6,68.8788129274721,79.5665273607696,1040,1121.22366902202,1223.08539801445
1984-08-25,BOSTON,1984,7,8,1699,238,1028,BOSTON:1984:8:7,68.6564657937197,67.8273553594409,1054,1087.69348737073,991.770190253063
1984-08-26,BOSTON,1984,1,8,1700,239,982,BOSTON:1984:8:1,68.4292870272467,46.5722560744318,989,997.60884840035,975.154449496737
1984-08-27,BOSTON,1984,2,8,1701,240,1024,BOSTON:1984:8:2,68.1973440149596,83.1096582692845,984,1010.11476969136,1078.33593155558
1984-08-28,BOSTON,1984,3,8,1702,241,1027,BOSTON:1984:8:3,67.9607055573094,38.9156035058502,960,961.195273191271,949.743346882975
1984-08-29,BOSTON,1984,4,8,1703,242,1092,BOSTON:1984:8:4,67.7194418480094,65.0034002402272,789,780.265526852967,1015.78846097227
1984-08-30,BOSTON,1984,5,8,1704,243,1135,BOSTON:1984:8:5,67.4736244533387,97.9871359164071,1347,1361.9493386678,1192.43078589001
1984-08-31,BOSTON,1984,6,8,1705,244,1100,BOSTON:1984:8:6,67.2233262910389,91.3938830416531,1292,1338.91647893672,1195.39587772186
1984-09-01,BOSTON,1984,7,9,1706,245,1046,BOSTON:1984:9:7,66.9686216088096,82.1016917931931,989,964.196653251922,1055.1504087283
1984-09-02,BOSTON,1984,1,9,1707,246,982,BOSTON:1984:9:1,66.7095859624093,40.3760303436426,1008,978.76637363544,962.813466828133
1984-09-03,BOSTON,1984,2,9,1708,247,1022,BOSTON:1984:9:2,66.4462961933677,73.0842184836146,1263,1182.97555051424,1054.72689309164
1984-09-04,BOSTON,1984,3,9,1709,248,1089,BOSTON:1984:9:3,66.1788304063167,100,1230,1235.45535248711,1149.76050724319
1984-09-05,BOSTON,1984,4,9,1710,249,1108,BOSTON:1984:9:4,65.907267945946,73.985862095502,1291,1278.44412196685,1201.51871662976
1984-09-06,BOSTON,1984,5,9,1711,250,1096,BOSTON:1984:9:5,65.6316893735909,49.7471260630534,1005,982.919875210245,1014.40667345395
1984-09-07,BOSTON,1984,6,9,1712,251,1055,BOSTON:1984:9:6,65.3521764434578,34.8116554662289,1298,1342.6473657272,1131.75785445636
1984-09-08,BOSTON,1984,7,9,1713,252,1011,BOSTON:1984:9:7,65.0688120784971,35.1300413689377,871,875.266121818923,953.366779332072
1984-09-09,BOSTON,1984,1,9,1714,253,1033,BOSTON:1984:9:1,64.7816803459274,90.9274653288732,1029,1093.25449510658,975.985706050842
1984-09-10,BOSTON,1984,2,9,1715,254,1012,BOSTON:1984:9:2,64.4908664324205,54.8886162014562,986,995.058724279771,1033.27576495969
1984-09-11,BOSTON,1984,3,9,1716,255,1092,BOSTON:1984:9:3,64.1964566189535,95.3900070599019,1109,1046.48281204827,1111.53970950246
1984-09-12,BOSTON,1984,4,9,1717,256,1109,BOSTON:1984:9:4,63.8985382553357,67.9808640547264,1058,1069.12957775575,1169.77645322293
1984-09-13,BOSTON,1984,5,9,1718,257,1117,BOSTON:1984:9:5,63.597199734418,64.483480296681,951,1008.91382861048,1017.85818034452
1984-09-14,BOSTON,1984,6,9,1719,258,1118,BOSTON:1984:9:6,63.2925304659921,94.6365469141211,1360,1335.77933542678,1228.15176526313
1984-09-15,BOSTON,1984,7,9,1720,259,1019,BOSTON:1984:9:7,62.9846208503875,35.6707325399328,1035,1025.68219009349,991.937980629345
1984-09-16,BOSTON,1984,1,9,1721,260,1035,BOSTON:1984:9:1,62.6735622517736,84.9970907893004,1056,1068.68952524211,985.887822550613
1984-09-17,BOSTON,1984,2,9,1722,261,1019,BOSTON:1984:9:2,62.3594469711754,53.7733944453868,1011,1029.63962458433,1037.88830119049
1984-09-18,BOSTON,1984,3,9,1723,262,1072,BOSTON:1984:9:3,62.0423682192104,66.0072415666418,1026,1015.36055532162,1067.93473180272
1984-09-19,BOSTON,1984,4,9,1724,263,1099,BOSTON:1984:9:4,61.7224200885547,48.6934031570134,956,951.539634753164,1122.16487355238
1984-09-20,BOSTON,1984,5,9,1725,264,1095,BOSTON:1984:9:5,61.3996975261472,32.1636991480119,1106,1073.94989524588,959.189652953313
1984-09-21,BOSTON,1984,6,9,1726,265,1113,BOSTON:1984:9:6,61.0742963051385,80.6699242644905,891,872.100219534197,1156.6331464352
1984-09-22,BOSTON,1984,7,9,1727,266,1030,BOSTON:1984:9:7,60.7463129965946,39.2727439857446,882,855.960681012713,959.447965274732
1984-09-23,BOSTON,1984,1,9,1728,267,1031,BOSTON:1984:9:1,60.4158449409624,71.3068276717422,831,893.084730186637,941.332081549971
1984-09-24,BOSTON,1984,2,9,1729,268,1028,BOSTON:1984:9:2,60.0829902193065,55.5432839523557,880,887.713838549305,1014.10904075837
1984-09-25,BOSTON,1984,3,9,1730,269,1056,BOSTON:1984:9:3,59.7478476243244,38.5482304829324,990,1022.02028688516,1025.76505145192
1984-09-26,BOSTON,1984,4,9,1731,270,1152,BOSTON:1984:9:4,59.4105166311508,94.0367461855656,1351,1326.98273794859,1162.53995659436
1984-09-27,BOSTON,1984,5,9,1732,271,1126,BOSTON:1984:9:5,59.0710973679572,55.3430980174355,933,944.227565669519,1003.54549324715
1984-09-28,BOSTON,1984,6,9,1733,272,1071,BOSTON:1984:9:6,58.729690586357,25.9295570809865,1095,1087.76644834841,1127.45723384514
1984-09-29,BOSTON,1984,7,9,1734,273,1083,BOSTON:1984:9:7,58.3863976316249,88.9775567010699,1188,1173.64595718083,1005.09686603595
1984-09-30,BOSTON,1984,1,9,1735,274,1050,BOSTON:1984:9:1,58.0413204127387,84.0101972127729,937,954.877340445196,994.980923020899
1984-10-01,BOSTON,1984,2,10,1736,275,1045,BOSTON:1984:10:2,57.694561372252,64.7818012095259,1034,1038.10688161562,1080.45853357927
1984-10-02,BOSTON,1984,3,10,1737,276,1069,BOSTON:1984:10:3,57.3462234560088,43.277305400154,1165,1141.75730973361,1163.14667697817
1984-10-03,BOSTON,1984,4,10,1738,277,1146,BOSTON:1984:10:4,56.9964100827062,78.6506493446948,1135,1105.75525086402,1143.05397377073
1984-10-04,BOSTON,1984,5,10,1739,278,1168,BOSTON:1984:10:5,56.6452251133164,88.2951920680357,1124,1143.04607396164,1166.48861903176
1984-10-05,BOSTON,1984,6,10,1740,279,1132,BOSTON:1984:10:6,56.2927728203754,80.9365508087608,1129,1171.3718622772,1026.57435417112
1984-10-06,BOSTON,1984,7,10,1741,280,1038,BOSTON:1984:10:7,55.9391578571488,29.8508393676568,1024,1024.19090867642,1015.62292981948
1984-10-07,BOSTON,1984,1,10,1742,281,1063,BOSTON:1984:10:1,55.5844852266826,88.4062497116618,944,1014.00461863712,1134.00378835301
1984-10-08,BOSTON,1984,2,10,1743,282,1049,BOSTON:1984:10:2,55.2288602507502,59.2259308608078,1078,1032.73490431936,1066.17370707821
1984-10-09,BOSTON,1984,3,10,1744,283,1057,BOSTON:1984:10:3,54.8723885387017,20.2478998543529,1216,1256.2342530585,1157.26989608686
1984-10-10,BOSTON,1984,4,10,1745,284,1108,BOSTON:1984:10:4,54.5151759562272,29.0186503337886,1218,1172.53343590263,1090.93893979126
1984-10-11,BOSTON,1984,5,10,1746,285,1110,BOSTON:1984:10:5,54.1573285940428,19.5666257036243,960,974.651960427982,1063.35521295145
1984-10-12,BOSTON,1984,6,10,1747,286,1136,BOSTON:1984:10:6,53.7989527365079,75.9801370888834,930,969.595964515948,982.566777514162
1984-10-13,BOSTON,1984,7,10,1748,287,1087,BOSTON:1984:10:7,53.4401548301829,73.1916059806971,996,1017.16276646456,1035.73326537175
1984-10-14,BOSTON,1984,1,10,1749,288,1067,BOSTON:1984:10:1,53.0810414523392,83.2556814596562,1229,1205.23057015195,1137.2909308947
1984-10-15,BOSTON,1984,2,10,1750,289,1043,BOSTON:1984:10:2,52.7217192794261,43.530011042959,1003,1055.02689844515,1040.88665311416
1984-10-16,BOSTON,1984,3,10,1751,290,1127,BOSTON:1984:10:3,52.362295055509,85.5741362476055,1042,1048.02860114707,1202.72653295729
1984-10-17,BOSTON,1984,4,10,1752,291,1162,BOSTON:1984:10:4,52.0028755606842,74.6649332929161,1241,1265.292710473,1162.83615231691
1984-10-18,BOSTON,1984,5,10,1753,292,1171,BOSTON:1984:10:5,51.6435675794823,71.7649880081048,1150,1148.73219752491,1139.95588673119
1984-10-19,BOSTON,1984,6,10,1754,293,1131,BOSTON:1984:10:6,51.2844778692683,59.88228629598,904,995.244759676793,985.337265919857
1984-10-20,BOSTON,1984,7,10,1755,294,1106,BOSTON:1984:10:7,50.9257131286473,83.6405581475743,1149,1148.58152758005,1043.38247091871
1984-10-21,BOSTON,1984,1,10,1756,295,1047,BOSTON:1984:10:1,50.5673799658876,50.5616743112665,1176,1196.5897281481,1098.84793021731
1984-10-22,BOSTON,1984,2,10,1757,296,1084,BOSTON:1984:10:2,50.209584867367,77.7682768416306,1098,1112.58791065102,1053.5389172331
1984-10-23,BOSTON,1984,3,10,1758,297,1096,BOSTON:1984:10:3,49.8524341660543,42.9254614536641,1070,1085.7962882987,1154.03145811518
1984-10-24,BOSTON,1984,4,10,1759,298,1143,BOSTON:1984:10:4,49.4960340100344,45.8239466847855,1023,1029.73110674265,1095.14854468504
1984-10-25,BOSTON,1984,5,10,1760,299,1189,BOSTON:1984:10:5,49.1404903310866,79.6450260797099,1252,1220.78875869972,1116.20028128649
1984-10-26,BOSTON,1984,6,10,1761,300,1142,BOSTON:1984:10:6,48.7859088133243,61.6191626290944,1004,989.756338543975,972.521602395561
1984-10-27,BOSTON,1984,7,10,1762,301,1052,BOSTON:1984:10:7,48.4323948619077,14.7038139726156,910,860.716837867191,984.261333890363
1984-10-28,BOSTON,1984,1,10,1763,302,1033,BOSTON:1984:10:1,48.0800535718362,24.6669238086242,1065,987.795413828555,1043.85735053422
1984-10-29,BOSTON,1984,2,10,1764,303,1065,BOSTON:1984:10:2,47.7289896968314,47.4374046197654,1034,1014.57078321862,1005.94218899365
1984-10-30,BOSTON,1984,3,10,1765,304,1105,BOSTON:1984:10:3,47.3793076183188,42.2367735807325,1323,1330.30635004922,1138.82543586336
1984-10-31,BOSTON,1984,4,10,1766,305,1188,BOSTON:1984:10:4,47.0311113145195,81.4748297586098,1011,1012.60074051013,1136.0223894353
1984-11-01,BOSTON,1984,5,11,1767,306,1193,BOSTON:1984:11:5,46.6845043296568,73.9110130038686,1146,1181.00494626233,1198.32476131356
1984-11-02,BOSTON,1984,6,11,1768,307,1126,BOSTON:1984:11:6,46.3395897432929,35.5424657318508,1192,1180.44347174353,1062.09326131781
1984-11-03,BOSTON,1984,7,11,1769,308,1103,BOSTON:1984:11:7,45.996470139799,60.4055588906345,1176,1182.05079701899,1155.71700567793
1984-11-04,BOSTON,1984,1,11,1770,309,1086,BOSTON:1984:11:1,45.6552475779709,74.2659756723252,1066,1053.58373020134,1058.27613152759
1984-11-05,BOSTON,1984,2,11,1771,310,1083,BOSTON:1984:11:2,45.3160235607989,57.6565256641238,960,971.112751850638,1017.55076446451
1984-11-06,BOSTON,1984,3,11,1772,311,1126,BOSTON:1984:11:3,44.9788990054001,54.7159179947992,1115,1071.49166887237,1164.50307869214
1984-11-07,BOSTON,1984,4,11,1773,312,1137,BOSTON:1984:11:4,44.6439742131225,20.1162911064058,1272,1318.74810561906,1144.10179012119
1984-11-08,BOSTON,1984,5,11,1774,313,1180,BOSTON:1984:11:5,44.3113488398299,51.3901261423521,1139,1177.87582250604,1134.13099894786
1984-11-09,BOSTON,1984,6,11,1775,314,1128,BOSTON:1984:11:6,43.9811218663762,28.0737083771909,844,871.271368319677,1035.6858756423
1984-11-10,BOSTON,1984,7,11,1776,315,1093,BOSTON:1984:11:7,43.6533915692771,40.7031275424006,1207,1187.96392697432,1127.89319942565
1984-11-11,BOSTON,1984,1,11,1777,316,1049,BOSTON:1984:11:1,43.3282554915901,23.8859720200095,1023,1045.23160874656,1005.83949323509
1984-11-12,BOSTON,1984,2,11,1778,317,1062,BOSTON:1984:11:2,43.0058104140084,25.8503165948536,1041,1000.81251450101,970.728000963348
1984-11-13,BOSTON,1984,3,11,1779,318,1133,BOSTON:1984:11:3,42.6861523261794,53.4442932282144,1044,1066.74994433668,1147.64220427447
1984-11-14,BOSTON,1984,4,11,1780,319,1166,BOSTON:1984:11:4,42.3693763982568,40.4088976775359,1085,1083.54011590567,1158.0371539161
1984-11-15,BOSTON,1984,5,11,1781,320,1156,BOSTON:1984:11:5,42.0555769526916,18.322989448491,1045,1121.79216520424,1123.00348482188
1984-11-16,BOSTON,1984,6,11,1782,321,1135,BOSTON:1984:11:6,41.7448474362743,25.790470858409,1030,1022.69440174631,1028.17493599395
1984-11-17,BOSTON,1984,7,11,1783,322,1116,BOSTON:1984:11:7,41.4372803924335,56.3442069037547,1060,1086.33684535804,1141.25465926691
1984-11-18,BOSTON,1984,1,11,1784,323,1080,BOSTON:1984:11:1,41.1329674338009,49.0677230864782,911,929.405535341059,1028.06624572021
1984-11-19,BOSTON,1984,2,11,1785,324,1061,BOSTON:1984:11:2,40.8319992150498,15.0805368504804,1082,1028.01078743513,977.017519654657
1984-11-20,BOSTON,1984,3,11,1786,325,1101,BOSTON:1984:11:3,40.5344654060164,10.4349731303946,1171,1176.01379355198,1126.2033654454
1984-11-21,BOSTON,1984,4,11,1787,326,1208,BOSTON:1984:11:4,40.2404546651103,72.879005573415,1259,1223.73104393947,1188.48872833883
1984-11-22,BOSTON,1984,5,11,1788,327,1177,BOSTON:1984:11:5,39.950054613023,30.7289740714123,1281,1253.38205440957,1158.59908703919
1984-11-23,BOSTON,1984,6,11,1789,328,1169,BOSTON:1984:11:6,39.6633518067426,52.0851377303949,1015,1005.79973497407,1065.64367040272
1984-11-24,BOSTON,1984,7,11,1790,329,1131,BOSTON:1984:11:7,39.3804317138808,63.5970528408604,1149,1094.6256666828,1167.13513562811
1984-11-25,BOSTON,1984,1,11,1791,330,1062,BOSTON:1984:11:1,39.1013786873218,21.0169056594741,1110,1082.43400752217,1017.81812951646
1984-11-26,BOSTON,1984,2,11,1792,331,1060,BOSTON:1984:11:2,38.8262759401998,6.28684531399744,852,912.372262114248,969.703714917645
1984-11-27,BOSTON,1984,3,11,1793,332,1142,BOSTON:1984:11:3,38.5552055212115,45.2220220920075,1251,1273.42832062426,1142.65135158716
1984-11-28,BOSTON,1984,4,11,1794,333,1205,BOSTON:1984:11:4,38.2882482902723,61.8216272508371,1059,1037.32536792073,1184.37232762478
1984-11-29,BOSTON,1984,5,11,1795,334,1183,BOSTON:1984:11:5,38.0254838945237,28.3829286116068,1152,1147.66306913237,1148.9416678773
1984-11-30,BOSTON,1984,6,11,1796,335,1151,BOSTON:1984:11:6,37.7669907446969,26.020188081732,1149,1114.91171214017,1038.402256646
1984-12-01,BOSTON,1984,7,12,1797,336,1124,BOSTON:1984:12:7,37.5128459918416,47.6443891424789,1016,1080.47530656317,1121.44871577882
1984-12-02,BOSTON,1984,1,12,1798,337,1114,BOSTON:1984:12:1,37.2631255044274,69.3661850803204,1090,1036.3926910057,1099.62912053624
1984-12-03,BOSTON,1984,2,12,1799,338,1102,BOSTON:1984:12:2,37.0179038458214,43.752157838148,1143,1093.90664554068,1081.63661255317
1984-12-04,BOSTON,1984,3,12,1800,339,1141,BOSTON:1984:12:3,36.7772542521525,37.4968555103223,965,975.17349069354,1031.26032721215
1984-12-05,BOSTON,1984,4,12,1801,340,1162,BOSTON:1984:12:4,36.5412486105663,12.4097381246713,974,971.178953884577,1085.68520915316
1984-12-06,BOSTON,1984,5,12,1802,341,1223,BOSTON:1984:12:5,36.3099574378789,60.5195278243259,1108,1088.56919644061,1141.63808623679
1984-12-07,BOSTON,1984,6,12,1803,342,1148,BOSTON:1984:12:6,36.0834498596335,16.0900796540039,1105,1088.04292138206,1035.25145251308
1984-12-08,BOSTON,1984,7,12,1804,343,1130,BOSTON:1984:12:7,35.8617935895697,47.7529207275026,1250,1218.07418817126,1130.17545587553
1984-12-09,BOSTON,1984,1,12,1805,344,1096,BOSTON:1984:12:1,35.6450549095077,43.8880064968159,1216,1220.01007753355,1083.35685012459
1984-12-10,BOSTON,1984,2,12,1806,345,1071,BOSTON:1984:12:2,35.4332986496558,3.93328303929248,1077,1058.99854223853,1057.54074665293
1984-12-11,BOSTON,1984,3,12,1807,346,1177,BOSTON:1984:12:3,35.2265881693467,66.6845024602964,1163,1171.21544716334,1055.72622406703
1984-12-12,BOSTON,1984,4,12,1808,347,1197,BOSTON:1984:12:4,35.0249853382072,40.8036275511793,1090,1117.08571713413,1124.19251655682
1984-12-13,BOSTON,1984,5,12,1809,348,1229,BOSTON:1984:12:5,34.8285505177689,60.0953541116094,1204,1178.55462991877,1160.68006309744
1984-12-14,BOSTON,1984,6,12,1810,349,1174,BOSTON:1984:12:6,34.6373425435227,35.9300499979359,948,972.200262410804,1042.69411700393
1984-12-15,BOSTON,1984,7,12,1811,350,1108,BOSTON:1984:12:7,34.4514187074253,18.0803425491774,1080,1089.2197923158,1108.80984872404
1984-12-16,BOSTON,1984,1,12,1812,351,1099,BOSTON:1984:12:1,34.2708347408607,41.0872711843385,965,984.141357449117,1065.63803400095
1984-12-17,BOSTON,1984,2,12,1813,352,1124,BOSTON:1984:12:2,34.0956447980628,54.7859706901275,1098,1096.88240737307,1073.57427062693
1984-12-18,BOSTON,1984,3,12,1814,353,1163,BOSTON:1984:12:3,33.925901440004,47.1759240706769,1069,1059.23430471058,1041.08984837676
1984-12-19,BOSTON,1984,4,12,1815,354,1194,BOSTON:1984:12:4,33.7616556187539,32.4058707410848,1089,1053.42971392977,1099.17348882944
1984-12-20,BOSTON,1984,5,12,1816,355,1205,BOSTON:1984:12:5,33.6029566623138,31.2180138760113,1105,1111.10469377091,1117.21830574811
1984-12-21,BOSTON,1984,6,12,1817,356,1185,BOSTON:1984:12:6,33.4498522599307,41.738715721861,1102,1071.53927533493,1023.24915383867
1984-12-22,BOSTON,1984,7,12,1818,357,1124,BOSTON:1984:12:7,33.3023884478958,29.7513244492934,1179,1177.04199395648,1107.72973217014
1984-12-23,BOSTON,1984,1,12,1819,358,1103,BOSTON:1984:12:1,33.1606095958305,40.3501368848411,1052,1056.94350089205,1065.97614439748
1984-12-24,BOSTON,1984,2,12,1820,359,1076,BOSTON:1984:12:2,33.024558393466,0,1093,1067.55432700647,1048.1357364955
1984-12-25,BOSTON,1984,3,12,1821,360,1188,BOSTON:1984:12:3,32.8942758379186,67.5438917147609,986,1003.99553770607,1054.92360034366
1984-12-26,BOSTON,1984,4,12,1822,361,1193,BOSTON:1984:12:4,32.7698012214649,26.2221726106043,1277,1326.6926973774,1120.94878546128
1984-12-27,BOSTON,1984,5,12,1823,362,1183,BOSTON:1984:12:5,32.6511721198221,5.90778671919898,1138,1160.7581960005,1135.46354491704
1984-12-28,BOSTON,1984,6,12,1824,363,1207,BOSTON:1984:12:6,32.5384243809341,58.406161053451,1006,1069.39738613916,1059.80527664269
1984-12-29,BOSTON,1984,7,12,1825,364,1133,BOSTON:1984:12:7,32.4315921142694,35.2450990742069,1084,1124.81986741599,1140.83624745091
1984-12-30,BOSTON,1984,1,12,1826,365,1125,BOSTON:1984:12:1,32.3307076806324,59.0425444359081,1092,1171.15642593209,1100.3998509412
1984-12-31,BOSTON,1984,2,12,1827,366,1081,BOSTON:1984:12:2,32.2358016824914,0,914,906.117841970514,1064.11263367194
1985-01-01,BOSTON,1985,3,1,1828,1,1183,BOSTON:1985:1:3,32.1469029548272,58.8472803050346,1394,1347.57189667647,1165.8353017231
1985-01-02,BOSTON,1985,4,1,1829,2,1218,BOSTON:1985:1:4,32.0640385565032,47.6285154414047,1150,1143.08404843294,1182.2351688867
1985-01-03,BOSTON,1985,5,1,1830,3,1233,BOSTON:1985:1:5,31.9872337621616,50.8739545238184,1386,1313.31721705654,1164.73229806539
1985-01-04,BOSTON,1985,6,1,1831,4,1209,BOSTON:1985:1:6,31.9165120546466,57.3680716816096,1151,1159.01820852235,1257.85174511622
1985-01-05,BOSTON,1985,7,1,1832,5,1133,BOSTON:1985:1:7,31.8518951179573,31.9038423423769,1029,1041.160900631,1135.33918700036
1985-01-06,BOSTON,1985,1,1,1833,6,1130,BOSTON:1985:1:1,31.7934028307332,61.6038845331764,861,887.911474403865,963.515784425781
1985-01-07,BOSTON,1985,2,1,1834,7,1094,BOSTON:1985:1:2,31.7410532602727,11.3062801802218,913,930.395300083682,1022.00662250212
1985-01-08,BOSTON,1985,3,1,1835,8,1126,BOSTON:1985:1:3,31.6948626570883,0,1085,1076.26302814944,1129.69602619135
1985-01-09,BOSTON,1985,4,1,1836,9,1191,BOSTON:1985:1:4,31.6548454499983,18.7603604974404,1268,1245.42051656643,1159.30815325864
1985-01-10,BOSTON,1985,5,1,1837,10,1227,BOSTON:1985:1:5,31.6210142417574,42.8288717183048,1012,976.546593648547,1166.01599543552
1985-01-11,BOSTON,1985,6,1,1838,11,1171,BOSTON:1985:1:6,31.5933798052283,18.6217708568001,1268,1292.13550301294,1254.5650762213
1985-01-12,BOSTON,1985,7,1,1839,12,1165,BOSTON:1985:1:7,31.5719510800934,62.6842482271402,1268,1291.78015405985,1177.78640115984
1985-01-13,BOSTON,1985,1,1,1840,13,1122,BOSTON:1985:1:1,31.5567351701096,51.0846757595786,962,958.713737098925,982.158634451026
1985-01-14,BOSTON,1985,2,1,1841,14,1104,BOSTON:1985:1:2,31.5477373409061,20.3079245802922,1101,1102.09247790891,1032.13414954244
1985-01-15,BOSTON,1985,3,1,1842,15,1159,BOSTON:1985:1:3,31.5449610183256,30.2601995452548,1009,991.449549340118,1138.00768825637
1985-01-16,BOSTON,1985,4,1,1843,16,1200,BOSTON:1985:1:4,31.5484077873108,25.6680437008318,1097,1124.97215770793,1150.56280411778
1985-01-17,BOSTON,1985,5,1,1844,17,1237,BOSTON:1985:1:5,31.5580773913342,50.9014503542375,1294,1282.21575232504,1150.8617345807
1985-01-18,BOSTON,1985,6,1,1845,18,1185,BOSTON:1985:1:6,31.5739677323745,30.5538581464225,1262,1220.27669783051,1234.94875870132
1985-01-19,BOSTON,1985,7,1,1846,19,1103,BOSTON:1985:1:7,31.5960748714362,0,933,968.134359002243,1124.48525383846
1985-01-20,BOSTON,1985,1,1,1847,20,1114,BOSTON:1985:1:1,31.6243930296156,41.5959836910593,1031,1020.25163002034,958.36694933015
1985-01-21,BOSTON,1985,2,1,1848,21,1098,BOSTON:1985:1:2,31.65891458971,13.09701352838,965,952.443248274254,1033.0952892314
1985-01-22,BOSTON,1985,3,1,1849,22,1178,BOSTON:1985:1:3,31.6996300983719,48.991441912438,1172,1162.36850003944,1166.53051548407
1985-01-23,BOSTON,1985,4,1,1850,23,1191,BOSTON:1985:1:4,31.7465282688066,17.4390444848835,989,976.019611825463,1169.99701926734
1985-01-24,BOSTON,1985,5,1,1851,24,1247,BOSTON:1985:1:5,31.7995959840116,60.2348693966267,869,919.293024684751,1170.50605035603
1985-01-25,BOSTON,1985,6,1,1852,25,1211,BOSTON:1985:1:6,31.8588183005592,56.5914995572781,1330,1335.13273963061,1263.63441996104
1985-01-26,BOSTON,1985,7,1,1853,26,1133,BOSTON:1985:1:7,31.9241784529183,29.2616428404469,1351,1354.19906348404,1143.3891580034
1985-01-27,BOSTON,1985,1,1,1854,27,1076,BOSTON:1985:1:1,31.9956578583173,1.99003523808857,994,983.329199739467,943.95863179094
1985-01-28,BOSTON,1985,2,1,1855,28,1121,BOSTON:1985:1:2,32.0732361221431,37.5194968333213,1138,1155.37796010388,1029.76393872406
1985-01-29,BOSTON,1985,3,1,1856,29,1166,BOSTON:1985:1:3,32.1568910438785,37.7274444244088,1094,1106.067804412,1153.93046834606
1985-01-30,BOSTON,1985,4,1,1857,30,1242,BOSTON:1985:1:4,32.2465986235727,66.7969730090078,1358,1373.62734428324,1199.89685446999
1985-01-31,BOSTON,1985,5,1,1858,31,1205,BOSTON:1985:1:5,32.342333068846,20.8115420762991,1247,1218.84349239541,1155.88392156292
1985-02-01,BOSTON,1985,6,2,1859,32,1197,BOSTON:1985:2:6,32.444066802424,44.1201909947327,1129,1165.70345508783,1204.51305127339
1985-02-02,BOSTON,1985,7,2,1860,33,1165,BOSTON:1985:2:7,32.5517704702019,63.2506906093135,924,924.54595003788,1002.12016161152
1985-02-03,BOSTON,1985,1,2,1861,34,1109,BOSTON:1985:2:1,32.6654129498333,37.9053913964585,1177,1171.72494107975,1038.59699360503
1985-02-04,BOSTON,1985,2,2,1862,35,1127,BOSTON:1985:2:2,32.7849613598444,46.2047603333265,1016,1028.936638416,1147.66066254274
1985-02-05,BOSTON,1985,3,2,1863,36,1132,BOSTON:1985:2:3,32.9103810692682,4.19348216415487,947,936.974514831142,1165.01332762856
1985-02-06,BOSTON,1985,4,2,1864,37,1232,BOSTON:1985:2:4,33.0416357077974,58.6937828318532,1150,1148.18494790718,1128.89530130919
1985-02-07,BOSTON,1985,5,2,1865,38,1216,BOSTON:1985:2:5,33.1786871764524,33.2584449525638,1097,1140.78520548072,1230.51021554621
1985-02-08,BOSTON,1985,6,2,1866,39,1165,BOSTON:1985:2:6,33.3214956587614,13.9494355484345,1293,1235.70006253316,1195.27829162658
1985-02-09,BOSTON,1985,7,2,1867,40,1128,BOSTON:1985:2:7,33.4700196324494,27.3393665458653,914,957.805028688181,983.644416638903
1985-02-10,BOSTON,1985,1,2,1868,41,1128,BOSTON:1985:2:1,33.624215881633,60.6656554516539,1000,1020.66814312777,1053.56442189911
1985-02-11,BOSTON,1985,2,2,1869,42,1113,BOSTON:1985:2:2,33.7840395095164,33.4755801153707,1252,1225.22176059278,1155.42984355988
1985-02-12,BOSTON,1985,3,2,1870,43,1170,BOSTON:1985:2:3,33.949443951586,46.042204894928,1332,1270.17339634952,1193.97232677566
1985-02-13,BOSTON,1985,4,2,1871,44,1187,BOSTON:1985:2:4,34.1203809892987,18.8956916462858,1232,1266.82182339226,1110.84432692316
1985-02-14,BOSTON,1985,5,2,1872,45,1237,BOSTON:1985:2:5,34.2968007642614,56.4908819692048,1353,1382.40835258154,1227.1308100547
1985-02-15,BOSTON,1985,6,2,1873,46,1164,BOSTON:1985:2:6,34.4786517928955,16.7056136137475,1149,1126.65531293758,1192.82929357455
1985-02-16,BOSTON,1985,7,2,1874,47,1123,BOSTON:1985:2:7,34.6658809815835,25.5411145563539,1036,1005.96840992519,978.873023551646
1985-02-17,BOSTON,1985,1,2,1875,48,1083,BOSTON:1985:2:1,34.8584336422933,16.3451412933496,1107,1090.93743202705,1025.04406787691
1985-02-18,BOSTON,1985,2,2,1876,49,1140,BOSTON:1985:2:2,35.0562535086745,65.5592383258143,1210,1214.71067728137,1174.38291892456
1985-02-19,BOSTON,1985,3,2,1877,50,1150,BOSTON:1985:2:3,35.2592827526232,29.3146607356457,1447,1398.15204227094,1203.72829580493
1985-02-20,BOSTON,1985,4,2,1878,51,1175,BOSTON:1985:2:4,35.4674620013093,10.0889203785327,936,928.082800757811,1120.31673910996
1985-02-21,BOSTON,1985,5,2,1879,52,1242,BOSTON:1985:2:5,35.6807303546624,64.6862609662743,1263,1227.52662549585,1251.1897460845
1985-02-22,BOSTON,1985,6,2,1880,53,1169,BOSTON:1985:2:6,35.8990254033103,25.2339217289097,1235,1198.06689974667,1213.37936352588
1985-02-23,BOSTON,1985,7,2,1881,54,1153,BOSTON:1985:2:7,36.1222832469656,60.8274445479191,1102,1097.58693964924,1011.36239819908
1985-02-24,BOSTON,1985,1,2,1882,55,1074,BOSTON:1985:2:1,36.3504385132533,11.3349010259103,869,883.288557863813,1035.79451661943
1985-02-25,BOSTON,1985,2,2,1883,56,1099,BOSTON:1985:2:2,36.5834243769764,26.7437253461226,1141,1135.41977879555,1141.52657497388
1985-02-26,BOSTON,1985,3,2,1884,57,1135,BOSTON:1985:2:3,36.8211725798119,19.0065273062009,1017,1002.76070791161,1180.28604979022
1985-02-27,BOSTON,1985,4,2,1885,58,1165,BOSTON:1985:2:4,37.0636134504317,5.27702970690793,1158,1178.45476785523,1115.94363265659
1985-02-28,BOSTON,1985,5,2,1886,59,1228,BOSTON:1985:2:5,37.3106759250434,57.2290290775048,1249,1291.26849265081,1253.16922831432
1985-03-01,BOSTON,1985,6,3,1887,60,1155,BOSTON:1985:3:6,37.5622875683438,16.5043089839127,1250,1265.59502644433,1157.5260659457
1985-03-02,BOSTON,1985,7,3,1888,61,1118,BOSTON:1985:3:7,37.8183745948794,30.2478916926506,947,916.945576575431,1056.61199576412
1985-03-03,BOSTON,1985,1,3,1889,62,1082,BOSTON:1985:3:1,38.0788618908077,25.7282190164365,1158,1154.12530479294,1056.1695682706
1985-03-04,BOSTON,1985,2,3,1890,63,1111,BOSTON:1985:3:2,38.3436730360532,45.4910863908859,957,980.699572429878,1159.58037177363
1985-03-05,BOSTON,1985,3,3,1891,64,1152,BOSTON:1985:3:3,38.6127303268504,41.5017478966829,941,955.770824250244,1019.88427806112
1985-03-06,BOSTON,1985,4,3,1892,65,1229,BOSTON:1985:3:4,38.8859547986683,73.2436160868999,1332,1337.95303855578,1170.74416925291
1985-03-07,BOSTON,1985,5,3,1893,66,1186,BOSTON:1985:3:5,39.1632662495095,21.9286396881062,1276,1268.16020993545,1160.78319350676
1985-03-08,BOSTON,1985,6,3,1894,67,1188,BOSTON:1985:3:6,39.4445832635764,55.9134757871296,1053,1105.54073492024,1151.66392328595
1985-03-09,BOSTON,1985,7,3,1895,68,1154,BOSTON:1985:3:7,39.7298232352979,73.162394508595,1229,1196.20617892676,1083.58415606864
1985-03-10,BOSTON,1985,1,3,1896,69,1094,BOSTON:1985:3:1,40.0189023937094,44.0821393166664,943,961.686382589737,1073.9050126088
1985-03-11,BOSTON,1985,2,3,1897,70,1093,BOSTON:1985:3:2,40.3117358271796,32.8013069934044,1080,1027.64348441158,1154.03641258524
1985-03-12,BOSTON,1985,3,3,1898,71,1167,BOSTON:1985:3:3,40.6082375084755,63.3364856585633,1128,1102.89172713376,1027.01043539494
1985-03-13,BOSTON,1985,4,3,1899,72,1161,BOSTON:1985:3:4,40.9083203201588,13.7752325808104,1080,1076.51367084253,1128.05532664472
1985-03-14,BOSTON,1985,5,3,1900,73,1201,BOSTON:1985:3:5,41.2118960803079,43.7163493668365,1128,1227.85251260905,1157.31851581403
1985-03-15,BOSTON,1985,6,3,1901,74,1163,BOSTON:1985:3:6,41.5188755685537,37.5870865102931,1301,1283.07923922691,1139.43705689101
1985-03-16,BOSTON,1985,7,3,1902,75,1102,BOSTON:1985:3:7,41.8291685524261,26.0061734406142,1017,997.021839832845,1040.73176530418
1985-03-17,BOSTON,1985,1,3,1903,76,1063,BOSTON:1985:3:1,42.142683814001,18.1577113193467,1007,1005.16040565908,1042.30099197405
1985-03-18,BOSTON,1985,2,3,1904,77,1120,BOSTON:1985:3:2,42.4593291768401,68.487994336669,1248,1259.97302736907,1176.43389612411
1985-03-19,BOSTON,1985,3,3,1905,78,1144,BOSTON:1985:3:3,42.7790115332155,47.1221514792105,1042,1051.93043063486,1034.27132132599
1985-03-20,BOSTON,1985,4,3,1906,79,1187,BOSTON:1985:3:4,43.1016368716128,46.6499199503206,916,869.161293163397,1149.03603887296
1985-03-21,BOSTON,1985,5,3,1907,80,1200,BOSTON:1985:3:5,43.4271103045013,49.8926802975167,1179,1198.66557662421,1163.09640935538
1985-03-22,BOSTON,1985,6,3,1908,81,1178,BOSTON:1985:3:6,43.7553360963661,59.7022364869203,1001,1021.97950555141,1151.78220606409
1985-03-23,BOSTON,1985,7,3,1909,82,1121,BOSTON:1985:3:7,44.0862176919923,53.810987614897,951,956.7627980082,1054.36504849824
1985-03-24,BOSTON,1985,1,3,1910,83,1088,BOSTON:1985:3:1,44.4196577449936,52.431169283637,1135,1180.5467785887,1054.56123778399
1985-03-25,BOSTON,1985,2,3,1911,84,1062,BOSTON:1985:3:2,44.7555581465762,13.4247376871694,1336,1284.00111500024,1130.9493195182
1985-03-26,BOSTON,1985,3,3,1912,85,1139,BOSTON:1985:3:3,45.0938200545305,49.6548627610126,980,970.792320745586,1009.83396521896
1985-03-27,BOSTON,1985,4,3,1913,86,1184,BOSTON:1985:3:4,45.4343439224401,51.5482405438312,1262,1240.39380229249,1142.16446522895
1985-03-28,BOSTON,1985,5,3,1914,87,1197,BOSTON:1985:3:5,45.7770295291024,54.7767247877831,1068,1120.37063133572,1169.80188132446
1985-03-29,BOSTON,1985,6,3,1915,88,1165,BOSTON:1985:3:6,46.1217760081495,54.6541211587469,1149,1117.18107641285,1153.59074781257
1985-03-30,BOSTON,1985,7,3,1916,89,1079,BOSTON:1985:3:7,46.4684818778622,17.2273848206239,1126,1157.38880053595,1034.70703436564
1985-03-31,BOSTON,1985,1,3,1917,90,1048,BOSTON:1985:3:1,46.8170450711666,17.2520279223142,1016,1014.7742509008,1032.0631893596
1985-04-01,BOSTON,1985,2,4,1918,91,1097,BOSTON:1985:4:2,47.1673629658076,60.2639912526834,920,957.498595794656,1016.82610500869
1985-04-02,BOSTON,1985,3,4,1919,92,1151,BOSTON:1985:4:3,47.5193324146859,70.6405838809043,1017,1052.77831030867,1065.2829578911
1985-04-03,BOSTON,1985,4,4,1920,93,1147,BOSTON:1985:4:4,47.8728497763541,23.086541037951,1165,1179.64665702297,1133.35548505941
1985-04-04,BOSTON,1985,5,4,1921,94,1202,BOSTON:1985:4:5,48.227810945659,68.0749160072944,875,919.585886979353,1073.87400141745
1985-04-05,BOSTON,1985,6,4,1922,95,1149,BOSTON:1985:4:6,48.5841113845245,47.6356169236251,1222,1230.37157593128,1121.48237795096
1985-04-06,BOSTON,1985,7,4,1923,96,1133,BOSTON:1985:4:7,48.9416461528626,83.1902035346602,974,941.634197402709,1024.03823293947
1985-04-07,BOSTON,1985,1,4,1924,97,1069,BOSTON:1985:4:1,49.3003099396067,49.2376567570666,1047,1036.80684234518,1048.41806144291
1985-04-08,BOSTON,1985,2,4,1925,98,1083,BOSTON:1985:4:2,49.6599970938548,54.0182345494538,1007,1023.63849860725,1025.48737214442
1985-04-09,BOSTON,1985,3,4,1926,99,1114,BOSTON:1985:4:3,50.0206016561159,41.4985930987776,1172,1210.74187670872,1028.20696820755
1985-04-10,BOSTON,1985,4,4,1927,100,1167,BOSTON:1985:4:4,50.3820173896496,51.6866212024,1116,1128.28037533835,1119.30906131381
1985-04-11,BOSTON,1985,5,4,1928,101,1146,BOSTON:1985:4:5,50.7441378118885,20.9440032639024,1084,1095.87391014567,1033.68127307662
1985-04-12,BOSTON,1985,6,4,1929,102,1147,BOSTON:1985:4:6,51.106856225936,53.7999203176631,1124,1158.24998432897,1099.78496887551
1985-04-13,BOSTON,1985,7,4,1930,103,1125,BOSTON:1985:4:7,51.4700657521291,83.7443358098073,1028,996.061784872085,1017.53418512446
1985-04-14,BOSTON,1985,1,4,1931,104,1065,BOSTON:1985:4:1,51.8336593596564,53.7803691303656,1022,1005.17722490345,1049.91646286394
1985-04-15,BOSTON,1985,2,4,1932,105,1069,BOSTON:1985:4:2,52.1975298982227,47.7986915304439,1199,1155.36861102602,1024.9668779627
1985-04-16,BOSTON,1985,3,4,1933,106,1085,BOSTON:1985:4:3,52.5615701297517,19.8202598895165,1130,1116.18338554316,1017.85833623101
1985-04-17,BOSTON,1985,4,4,1934,107,1127,BOSTON:1985:4:4,52.9256727601149,20.567065408335,984,947.936564933036,1102.21852203157
1985-04-18,BOSTON,1985,5,4,1935,108,1137,BOSTON:1985:4:5,53.28973047088,21.6041110467828,1173,1154.55372718597,1036.89388951631
1985-04-19,BOSTON,1985,6,4,1936,109,1115,BOSTON:1985:4:6,53.6536359510679,29.9207684447352,886,920.421928866652,1098.77679933248
1985-04-20,BOSTON,1985,7,4,1937,110,1086,BOSTON:1985:4:7,54.0172819289083,51.8540994621518,971,969.665456510362,985.311843217914
1985-04-21,BOSTON,1985,1,4,1938,111,1077,BOSTON:1985:4:1,54.3805612035871,75.795239442385,1161,1168.59768945,1060.43264336268
1985-04-22,BOSTON,1985,2,4,1939,112,1053,BOSTON:1985:4:2,54.7433666769731,39.3851928041632,802,804.972128106717,1027.59987000583
1985-04-23,BOSTON,1985,3,4,1940,113,1127,BOSTON:1985:4:3,55.1055913853169,72.9404703496665,961,909.651323245368,1059.18554060816
1985-04-24,BOSTON,1985,4,4,1941,114,1154,BOSTON:1985:4:4,55.4671285309115,56.9949355705859,1233,1263.40522643668,1143.11693159404
1985-04-25,BOSTON,1985,5,4,1942,115,1148,BOSTON:1985:4:5,55.827871513705,41.0541750366457,1063,1011.15863497553,1050.55083598971
1985-04-26,BOSTON,1985,6,4,1943,116,1099,BOSTON:1985:4:6,56.1877139628578,22.4041180656005,1182,1186.40442663771,1093.95585384358
1985-04-27,BOSTON,1985,7,4,1944,117,1093,BOSTON:1985:4:7,56.5465497682321,68.3310168576877,1041,1025.87698506231,987.115738717001
1985-04-28,BOSTON,1985,1,4,1945,118,1025,BOSTON:1985:4:1,56.9042731118069,26.5925906407328,948,1019.12795850908,1019.23283232988
1985-04-29,BOSTON,1985,2,4,1946,119,1083,BOSTON:1985:4:2,57.2607784990086,80.8078283762424,1219,1134.99533400132,1052.1197748788
1985-04-30,BOSTON,1985,3,4,1947,120,1080,BOSTON:1985:4:3,57.6159607899465,32.0899816976018,937,976.687939902314,1046.46619706256
1985-05-01,BOSTON,1985,4,5,1948,121,1157,BOSTON:1985:5:4,57.9697152305458,68.8811828227777,1083,1089.28223446087,1183.10505964266
1985-05-02,BOSTON,1985,5,5,1949,122,1179,BOSTON:1985:5:5,58.3219374835687,81.9782785003269,1085,1110.6584386354,1102.05615651146
1985-05-03,BOSTON,1985,6,5,1950,123,1109,BOSTON:1985:5:6,58.6725236595119,41.7078833844023,1413,1432.76062961891,1169.37449143225
1985-05-04,BOSTON,1985,7,5,1951,124,1053,BOSTON:1985:5:7,59.0213703473752,33.5410403057655,983,1030.21290438608,960.232313086836
1985-05-05,BOSTON,1985,1,5,1952,125,1062,BOSTON:1985:5:1,59.3683746452897,77.8125636415078,1029,1081.76812952537,1006.95078437866
1985-05-06,BOSTON,1985,2,5,1953,126,1037,BOSTON:1985:5:2,59.7134341909962,39.5531705236474,941,965.91403923918,1073.16599076328
1985-05-07,BOSTON,1985,3,5,1954,127,1082,BOSTON:1985:5:3,60.0564471921662,43.8143191380205,985,1009.06442562762,930.613194469872
1985-05-08,BOSTON,1985,4,5,1955,128,1142,BOSTON:1985:5:4,60.3973124565569,62.6254960818229,1232,1248.7696326445,1159.49173679169
1985-05-09,BOSTON,1985,5,5,1956,129,1147,BOSTON:1985:5:5,60.7359294219877,58.9241101405587,1033,1056.03137693504,1052.74290549544
1985-05-10,BOSTON,1985,6,5,1957,130,1110,BOSTON:1985:5:6,61.0721981861344,52.2132547349384,1008,1054.75967849228,1145.37212321501
1985-05-11,BOSTON,1985,7,5,1958,131,1088,BOSTON:1985:5:7,61.4060195361283,80.680514533354,1084,1085.54296359541,985.404247277629
1985-05-12,BOSTON,1985,1,5,1959,132,1044,BOSTON:1985:5:1,61.7372949779539,65.8115728837012,959,965.152822897231,1006.64130765649
1985-05-13,BOSTON,1985,2,5,1960,133,1028,BOSTON:1985:5:2,62.065926765634,37.9324902464471,1114,1202.87317624259,1063.00204249157
1985-05-14,BOSTON,1985,3,5,1961,134,1124,BOSTON:1985:5:3,62.3918179301974,96.6511093192231,997,965.68556897347,988.182527119372
1985-05-15,BOSTON,1985,4,5,1962,135,1116,BOSTON:1985:5:4,62.7148723084151,44.8261224332868,1352,1343.56807691534,1195.19953499326
1985-05-16,BOSTON,1985,5,5,1963,136,1118,BOSTON:1985:5:5,63.0349945713026,37.1614904253003,1026,1053.70073531769,1058.68619662326
1985-05-17,BOSTON,1985,6,5,1964,137,1094,BOSTON:1985:5:6,63.3520902523749,43.2397697300628,1262,1207.74900206424,1141.27123696826
1985-05-18,BOSTON,1985,7,5,1965,138,1057,BOSTON:1985:5:7,63.6660657756489,55.2663631600786,834,827.421899186728,963.17394134301
1985-05-19,BOSTON,1985,1,5,1966,139,1026,BOSTON:1985:5:1,63.9768284833833,54.1503103002748,1018,1070.22490712767,989.661407905051
1985-05-20,BOSTON,1985,2,5,1967,140,1032,BOSTON:1985:5:2,64.2842866635485,50.4706300903646,1065,1058.4031999114,1050.836638038
1985-05-21,BOSTON,1985,3,5,1968,141,1057,BOSTON:1985:5:3,64.5883495770177,32.696329531238,828,874.936615271626,908.405449005549
1985-05-22,BOSTON,1985,4,5,1969,142,1157,BOSTON:1985:5:4,64.8889274844723,95.3237621784965,1044,1040.74773563205,1208.14826859906
1985-05-23,BOSTON,1985,5,5,1970,143,1142,BOSTON:1985:5:5,65.1859316730123,69.9961237644028,1113,1140.22266340564,1098.53232858188
1985-05-24,BOSTON,1985,6,5,1971,144,1089,BOSTON:1985:5:6,65.4792744824646,45.9354666382989,1176,1192.05208261479,1170.65053570698
1985-05-25,BOSTON,1985,7,5,1972,145,1084,BOSTON:1985:5:7,65.7688693313813,92.2261516012205,1034,1004.48200631794,1026.18949829432
1985-05-26,BOSTON,1985,1,5,1973,146,1027,BOSTON:1985:5:1,66.0546307427206,63.7648471862406,1033,1000.78878178408,1035.74650005934
1985-05-27,BOSTON,1985,2,5,1974,147,1042,BOSTON:1985:5:2,66.3364743692006,69.3009613961118,1186,1208.47497579546,1118.99532870517
1985-05-28,BOSTON,1985,3,5,1975,148,1099,BOSTON:1985:5:3,66.6143170183225,86.5221891922577,1010,980.388824194422,992.798829406379
1985-05-29,BOSTON,1985,4,5,1976,149,1132,BOSTON:1985:5:4,66.8880766770519,77.2389957449115,1270,1247.49985436255,1235.05539997605
1985-05-30,BOSTON,1985,5,5,1977,150,1108,BOSTON:1985:5:5,67.1576725361526,42.300192829746,1138,1147.12554690368,1082.98241278658
1985-05-31,BOSTON,1985,6,5,1978,151,1090,BOSTON:1985:5:6,67.4230250141661,54.9376414141695,926,951.755835451818,1158.33161267691
1985-06-01,BOSTON,1985,7,6,1979,152,1083,BOSTON:1985:6:7,67.6840557810284,99.2579465639211,1035,1014.79276702531,999.106845201975
1985-06-02,BOSTON,1985,1,6,1980,153,1006,BOSTON:1985:6:1,67.9406877813182,46.1145821512929,1135,1075.91225817458,993.005689027687
1985-06-03,BOSTON,1985,2,6,1981,154,1050,BOSTON:1985:6:2,68.1928452571287,85.7211426507115,1102,1075.35016942959,1066.91392839383
1985-06-04,BOSTON,1985,3,6,1982,155,1073,BOSTON:1985:6:3,68.4404537705575,65.5815470400137,1195,1230.43378528704,1052.45695726689
1985-06-05,BOSTON,1985,4,6,1983,156,1094,BOSTON:1985:6:4,68.6834402258062,43.578993651692,982,1012.86675367281,1100.50350508809
1985-06-06,BOSTON,1985,5,6,1984,157,1107,BOSTON:1985:6:5,68.9217328908847,48.2852482143783,886,903.666298085292,1020.38377390586
1985-06-07,BOSTON,1985,6,6,1985,158,1109,BOSTON:1985:6:6,69.1552614189127,81.4258063911834,1215,1196.14792708473,1112.03547530753
1985-06-08,BOSTON,1985,7,6,1986,159,1028,BOSTON:1985:6:7,69.3839568690125,44.0460716047052,927,932.103969998502,941.339626686285
1985-06-09,BOSTON,1985,1,6,1987,160,1015,BOSTON:1985:6:1,69.6077517267873,63.6958107828719,1044,985.874023077373,959.798188166944
1985-06-10,BOSTON,1985,2,6,1988,161,1027,BOSTON:1985:6:2,69.826579924378,66.4138721504095,1194,1172.91052030781,1017.25121889256
1985-06-11,BOSTON,1985,3,6,1989,162,1080,BOSTON:1985:6:3,70.0403768600932,78.646636738818,987,1024.87303176354,1042.36901820314
1985-06-12,BOSTON,1985,4,6,1990,163,1096,BOSTON:1985:6:4,70.2490794176061,52.8312802367669,1206,1238.73657223451,1099.23724367107
1985-06-13,BOSTON,1985,5,6,1991,164,1120,BOSTON:1985:6:5,70.452625984714,67.9433684450729,956,970.714442090811,1025.24007975812
1985-06-14,BOSTON,1985,6,6,1992,165,1072,BOSTON:1985:6:6,70.6509564716519,47.2366025058703,1143,1131.05581973645,1080.13676911618
1985-06-15,BOSTON,1985,7,6,1993,166,1069,BOSTON:1985:6:7,70.8440123289584,95.8904640726505,1104,1082.64223488359,984.231397126344
1985-06-16,BOSTON,1985,1,6,1994,167,996,BOSTON:1985:6:1,71.0317365648851,46.9903693753921,925,906.880290019104,981.117409016373
1985-06-17,BOSTON,1985,2,6,1995,168,1002,BOSTON:1985:6:2,71.2140737623479,42.3972881222646,873,856.062182598651,1007.15373474845
1985-06-18,BOSTON,1985,3,6,1996,169,1094,BOSTON:1985:6:3,71.3909700954109,98.9302141288071,1087,1103.56653475448,1077.62437983893
1985-06-19,BOSTON,1985,4,6,1997,170,1096,BOSTON:1985:6:4,71.5623733453026,57.605808931919,1069,1116.44476163922,1132.86062908258
1985-06-20,BOSTON,1985,5,6,1998,171,1136,BOSTON:1985:6:5,71.7282329159559,89.3742998908044,1202,1178.23676971975,1095.64608823992
1985-06-21,BOSTON,1985,6,6,1999,172,1083,BOSTON:1985:6:6,71.8884998490694,65.0009652088056,1124,1141.72476475179,1135.79698761482
1985-06-22,BOSTON,1985,7,6,2000,173,1040,BOSTON:1985:6:7,72.0431268386844,68.4421942647848,974,989.745620867279,971.939887110516
1985-06-23,BOSTON,1985,1,6,2001,174,993,BOSTON:1985:6:1,72.1920682452743,48.3692468595814,888,925.676340582033,976.380833407683
1985-06-24,BOSTON,1985,2,6,2002,175,1002,BOSTON:1985:6:2,72.335280109341,47.4513896989215,924,987.973554909697,1001.68111796246
1985-06-25,BOSTON,1985,3,6,2003,176,1043,BOSTON:1985:6:3,72.4727201645158,47.9153476070508,904,941.454844027373,1000.54964468681
1985-06-26,BOSTON,1985,4,6,2004,177,1107,BOSTON:1985:6:4,72.6043478501588,73.6147460396961,1165,1192.72614110045,1089.39862216027
1985-06-27,BOSTON,1985,5,6,2005,178,1116,BOSTON:1985:6:5,72.7301243234551,72.2280357622666,1131,1090.57365930646,1033.73005809775
1985-06-28,BOSTON,1985,6,6,2006,179,1095,BOSTON:1985:6:6,72.8500124710028,80.9940062687148,972,1004.06531149014,1126.03076795875
1985-06-29,BOSTON,1985,7,6,2007,180,1037,BOSTON:1985:6:7,72.9639769198904,69.2835792682664,821,849.294431834291,964.382243872389
1985-06-30,BOSTON,1985,1,6,2008,181,985,BOSTON:1985:6:1,73.0719840482591,41.9693541133558,879,900.956149436139,960.697880380585
1985-07-01,BOSTON,1985,2,7,2009,182,992,BOSTON:1985:7:2,73.1740019953481,38.5517436632558,1109,1176.62438747017,1047.41029685967
1985-07-02,BOSTON,1985,3,7,2010,183,1045,BOSTON:1985:7:3,73.2700006710188,53.7983947503203,914,944.907978290629,966.984621728814
1985-07-03,BOSTON,1985,4,7,2011,184,1128,BOSTON:1985:7:4,73.3599517647559,97.9273774418431,1012,1019.34605801139,1091.42092795599
1985-07-04,BOSTON,1985,5,7,2012,185,1099,BOSTON:1985:7:5,73.4438287541422,57.1580631826225,1107,1146.46005471125,1069.26045272686
1985-07-05,BOSTON,1985,6,7,2013,186,1092,BOSTON:1985:7:6,73.5216069128046,80.4236260405424,1106,1130.2306788098,1120.71465026074
1985-07-06,BOSTON,1985,7,7,2014,187,1046,BOSTON:1985:7:7,73.5932633178294,81.1952421246082,1039,1130.83662528339,1038.07730551321
1985-07-07,BOSTON,1985,1,7,2015,188,1040,BOSTON:1985:7:1,73.6587768566438,100,999,1043.51973755792,1122.06910717158
1985-07-08,BOSTON,1985,2,7,2016,189,1001,BOSTON:1985:7:2,73.7181282333628,52.1014254900225,1115,1139.26365077998,1129.9415370337
1985-07-09,BOSTON,1985,3,7,2017,190,1078,BOSTON:1985:7:3,73.7712999745978,91.5086408970652,945,984.640711046279,1055.99106127593
1985-07-10,BOSTON,1985,4,7,2018,191,1086,BOSTON:1985:7:4,73.8182764347274,55.7853900348399,1136,1094.30623935115,1085.9112997395
1985-07-11,BOSTON,1985,5,7,2019,192,1101,BOSTON:1985:7:5,73.8590438006265,61.780699202214,1028,1021.45774832339,1072.1213364105
1985-07-12,BOSTON,1985,6,7,2020,193,1052,BOSTON:1985:7:6,73.893590095854,39.1410747230338,1148,1097.19946086287,1080.49245251034
1985-07-13,BOSTON,1985,7,7,2021,194,1069,BOSTON:1985:7:7,73.9219051842973,100,1139,1077.53536044704,1041.67688934189
1985-07-14,BOSTON,1985,1,7,2022,195,1005,BOSTON:1985:7:1,73.9439807732718,69.6081460796425,1078,1116.89144547953,1074.3371934302
1985-07-15,BOSTON,1985,2,7,2023,196,1050,BOSTON:1985:7:2,73.9598104160758,100,1407,1318.42320378801,1162.16305350569
1985-07-16,BOSTON,1985,3,7,2024,197,1041,BOSTON:1985:7:3,73.9693895139986,52.7397313545713,1055,1071.1294985426,1031.63416239997
1985-07-17,BOSTON,1985,4,7,2025,198,1077,BOSTON:1985:7:4,73.9727153177822,46.7760910201335,999,1021.36537304422,1056.7578400264
1985-07-18,BOSTON,1985,5,7,2026,199,1096,BOSTON:1985:7:5,73.9697869285357,56.5213384665896,1009,992.593538915764,1055.96763715005
1985-07-19,BOSTON,1985,6,7,2027,200,1095,BOSTON:1985:7:6,73.9606052981026,86.5939675149775,1030,1050.96998907872,1121.90105508438
1985-07-20,BOSTON,1985,7,7,2028,201,1042,BOSTON:1985:7:7,73.9451732288792,79.3529740011066,1006,1022.86569039339,1041.67328114433
1985-07-21,BOSTON,1985,1,7,2029,202,1004,BOSTON:1985:7:1,73.9234953730871,68.0678061077875,1204,1205.22200441993,1049.1115894106
1985-07-22,BOSTON,1985,2,7,2030,203,1033,BOSTON:1985:7:2,73.8955782314966,89.9382652815635,944,928.209843321414,1129.78155802637
1985-07-23,BOSTON,1985,3,7,2031,204,1065,BOSTON:1985:7:3,73.8614301516044,79.0547114626805,957,967.573624208986,1045.7736420544
1985-07-24,BOSTON,1985,4,7,2032,205,1107,BOSTON:1985:7:4,73.8210613252636,79.2555217556696,1104,1080.48358183085,1108.33824278564
1985-07-25,BOSTON,1985,5,7,2033,206,1119,BOSTON:1985:7:5,73.7744837857683,80.0744227061879,1161,1205.49836291179,1107.65057371029
1985-07-26,BOSTON,1985,6,7,2034,207,1066,BOSTON:1985:7:6,73.7217114043933,54.3266952100721,1150,1157.14736124064,1110.89184214818
1985-07-27,BOSTON,1985,7,7,2035,208,1014,BOSTON:1985:7:7,73.6627598863893,45.9072207904287,931,909.847205205315,993.572523999108
1985-07-28,BOSTON,1985,1,7,2036,209,1024,BOSTON:1985:7:1,73.5976467664352,90.1530686520038,1029,1028.54209144097,1064.48210998621
1985-07-29,BOSTON,1985,2,7,2037,210,1027,BOSTON:1985:7:2,73.5263914035492,81.394654340376,1022,1019.51159069868,1127.7035545767
1985-07-30,BOSTON,1985,3,7,2038,211,1091,BOSTON:1985:7:3,73.4490149754591,100,1310,1259.98285931878,1080.61651254154
1985-07-31,BOSTON,1985,4,7,2039,212,1134,BOSTON:1985:7:4,73.3655404724349,100,1259,1332.61216535913,1167.57168949403
1985-08-01,BOSTON,1985,5,8,2040,213,1130,BOSTON:1985:8:5,73.2759926905836,90.4145161965842,1216,1173.13132984801,1275.40119173125
1985-08-02,BOSTON,1985,6,8,2041,214,1081,BOSTON:1985:8:6,73.1803982246105,68.6185084220391,1144,1148.96891882282,1083.10779182693
1985-08-03,BOSTON,1985,7,8,2042,215,1019,BOSTON:1985:8:7,73.0787854600471,50.313045073371,1149,1117.22237789002,1078.05208591393
1985-08-04,BOSTON,1985,1,8,2043,216,1007,BOSTON:1985:8:1,72.9711845649482,68.4413493836374,863,857.472379504578,978.310817038866
1985-08-05,BOSTON,1985,2,8,2044,217,1038,BOSTON:1985:8:2,72.8576274810624,91.2297006243173,1062,1011.10470257694,1079.97975761937
1985-08-06,BOSTON,1985,3,8,2045,218,1090,BOSTON:1985:8:3,72.7381479144761,100,1203,1181.64281056407,1133.96021168648
1985-08-07,BOSTON,1985,4,8,2046,219,1132,BOSTON:1985:8:4,72.612781325735,100,1130,1128.36609852786,1200.637310047
1985-08-08,BOSTON,1985,5,8,2047,220,1137,BOSTON:1985:8:5,72.4815649194466,94.5674629490646,1221,1212.78562858752,1280.68824404067
1985-08-09,BOSTON,1985,6,8,2048,221,1068,BOSTON:1985:8:6,72.3445376333651,51.3272436194924,1106,1124.2943607422,1064.89444662582
1985-08-10,BOSTON,1985,7,8,2049,222,1014,BOSTON:1985:8:7,72.2017401269634,40.675531099457,971,967.435398070288,1068.88409488645
1985-08-11,BOSTON,1985,1,8,2050,223,1012,BOSTON:1985:8:1,72.053214769495,70.5796115628083,1001,917.815356928367,975.57097743166
1985-08-12,BOSTON,1985,2,8,2051,224,1029,BOSTON:1985:8:2,71.8990056275486,78.2265414472766,993,997.263247449697,1057.09789799593
1985-08-13,BOSTON,1985,3,8,2052,225,1040,BOSTON:1985:8:3,71.7391584521011,43.5025749598481,989,972.938213649116,1036.37324317181
1985-08-14,BOSTON,1985,4,8,2053,226,1138,BOSTON:1985:8:4,71.5737206650696,100,1198,1231.78444700498,1129.27231732875
1985-08-15,BOSTON,1985,5,8,2054,227,1096,BOSTON:1985:8:5,71.4027413453698,47.7947610484227,1232,1265.9850920715,1159.19581257305
1985-08-16,BOSTON,1985,6,8,2055,228,1118,BOSTON:1985:8:6,71.2262712144826,100,1108,1141.3377422063,1069.70522719448
1985-08-17,BOSTON,1985,7,8,2056,229,1021,BOSTON:1985:8:7,71.044362621534,44.9886177188375,1094,1071.2390632224,1071.36066205256
1985-08-18,BOSTON,1985,1,8,2057,230,1026,BOSTON:1985:8:1,70.8570695278918,82.2488408635123,1015,1030.93130958263,989.774307726107
1985-08-19,BOSTON,1985,2,8,2058,231,1044,BOSTON:1985:8:2,70.6644474912861,90.5473824113102,1149,1134.99543986318,1099.69161547573
1985-08-20,BOSTON,1985,3,8,2059,232,1086,BOSTON:1985:8:3,70.4665536494543,88.9894749750932,1092,1142.88245471006,1122.98674489157
1985-08-21,BOSTON,1985,4,8,2060,233,1123,BOSTON:1985:8:4,70.2634467033194,82.3433684406326,1223,1189.29886432534,1170.12016909079
1985-08-22,BOSTON,1985,5,8,2061,234,1097,BOSTON:1985:8:5,70.0551868997041,43.1518000665579,1256,1241.03724209287,1166.12954931775
1985-08-23,BOSTON,1985,6,8,2062,235,1117,BOSTON:1985:8:6,69.8418360135865,94.4329401410532,1080,1040.51816933316,1065.9672490894
1985-08-24,BOSTON,1985,7,8,2063,236,1055,BOSTON:1985:8:7,69.6234573299027,77.8807689683474,1236,1244.85382918856,1108.90425040492
1985-08-25,BOSTON,1985,1,8,2064,237,1040,BOSTON:1985:8:1,69.4001156249016,92.9489245446331,1094,1110.02530667893,1029.34389780082
1985-08-26,BOSTON,1985,2,8,2065,238,1010,BOSTON:1985:8:2,69.1718771470566,46.0668528800686,1084,1039.91663231343,1051.23072891157
1985-08-27,BOSTON,1985,3,8,2066,239,1042,BOSTON:1985:8:3,68.9388095975427,34.6584950030355,1040,979.026354510824,1030.67980025262
1985-08-28,BOSTON,1985,4,8,2067,240,1104,BOSTON:1985:8:4,68.7009821102801,56.3438632983561,1024,1062.81891163238,1074.97020353492
1985-08-29,BOSTON,1985,5,8,2068,241,1111,BOSTON:1985:8:5,68.4584652315542,52.3362559461683,1080,1106.85828783214,1123.58520233716
1985-08-30,BOSTON,1985,6,8,2069,242,1120,BOSTON:1985:8:6,68.2113308992163,90.979625824552,877,888.642810853061,1031.32528526586
1985-08-31,BOSTON,1985,7,8,2070,243,1080,BOSTON:1985:8:7,67.9596524214713,98.3159740124239,989,1020.43024578431,1111.79890674244
1985-09-01,BOSTON,1985,1,9,2071,244,1001,BOSTON:1985:9:1,67.7035044552583,41.648908311018,1010,1062.2156816953,1001.4937863202
1985-09-02,BOSTON,1985,2,9,2072,245,1061,BOSTON:1985:9:2,67.442962984232,96.376595420906,1078,1058.81660841233,1006.15212068884
1985-09-03,BOSTON,1985,3,9,2073,246,1084,BOSTON:1985:9:3,67.1781052963488,74.5444816386007,1034,1027.63565364112,1008.4531828583
1985-09-04,BOSTON,1985,4,9,2074,247,1114,BOSTON:1985:9:4,66.9090099610672,59.9289716129475,1079,1057.34055980872,1075.00431675823
1985-09-05,BOSTON,1985,5,9,2075,248,1143,BOSTON:1985:9:5,66.6357568061665,78.241428045252,1141,1173.7920067637,1102.51582169309
1985-09-06,BOSTON,1985,6,9,2076,249,1121,BOSTON:1985:9:6,66.3584268941927,85.0903762980747,951,957.048989385337,1049.11764887997
1985-09-07,BOSTON,1985,7,9,2077,250,1058,BOSTON:1985:9:7,66.077102498537,67.6098015079405,1166,1153.01047282251,1110.44179454798
1985-09-08,BOSTON,1985,1,9,2078,251,1022,BOSTON:1985:9:1,65.7918670791554,58.4073932766336,813,809.733963722456,985.438326808173
1985-09-09,BOSTON,1985,2,9,2079,252,1069,BOSTON:1985:9:2,65.5028052579358,98.1078836063601,1002,1025.54980420745,995.722550179508
1985-09-10,BOSTON,1985,3,9,2080,253,1054,BOSTON:1985:9:3,65.2100027937189,33.6389906381004,934,971.586299316816,963.258790839525
1985-09-11,BOSTON,1985,4,9,2081,254,1103,BOSTON:1985:9:4,64.9135465569826,40.645125573411,952,955.958935687491,1021.18218062319
1985-09-12,BOSTON,1985,5,9,2082,255,1151,BOSTON:1985:9:5,64.6135245041953,78.3922590908626,1028,1015.98728377174,1071.02700429274
1985-09-13,BOSTON,1985,6,9,2083,256,1124,BOSTON:1985:9:6,64.3100256518464,80.2550367777239,1178,1140.21968007114,1037.81482661399
1985-09-14,BOSTON,1985,7,9,2084,257,1038,BOSTON:1985:9:7,64.0031400501622,36.5896991330093,964,1003.08403727694,1075.89699436806
1985-09-15,BOSTON,1985,1,9,2085,258,1032,BOSTON:1985:9:1,63.692958756514,61.2127569468469,955,970.436349247194,967.981017054855
1985-09-16,BOSTON,1985,2,9,2086,259,1054,BOSTON:1985:9:2,63.379573808527,73.3283613440678,771,813.585818932003,947.817556040828
1985-09-17,BOSTON,1985,3,9,2087,260,1082,BOSTON:1985:9:3,63.0630781968975,55.8608438472183,921,916.477666631775,946.675883371637
1985-09-18,BOSTON,1985,4,9,2088,261,1166,BOSTON:1985:9:4,62.7435658379265,97.0736838314489,1130,1141.34596122128,1081.21452761398
1985-09-19,BOSTON,1985,5,9,2089,262,1156,BOSTON:1985:9:5,62.4211315457776,74.9307482383281,1115,1055.51626114691,1098.82195500461
1985-09-20,BOSTON,1985,6,9,2090,263,1103,BOSTON:1985:9:6,62.0958710044692,49.1681630329299,1002,1008.59102860497,1008.74110610555
1985-09-21,BOSTON,1985,7,9,2091,264,1046,BOSTON:1985:9:7,61.7678807396056,37.5317289423744,1133,1137.52704871606,1050.84671765108
1985-09-22,BOSTON,1985,1,9,2092,265,1027,BOSTON:1985:9:1,61.4372580898591,47.5248795938343,1010,1008.68747955192,955.882497563496
1985-09-23,BOSTON,1985,2,9,2093,266,1026,BOSTON:1985:9:2,61.1041011782089,32.720188321984,883,880.841602720092,914.851196773821
1985-09-24,BOSTON,1985,3,9,2094,267,1064,BOSTON:1985:9:3,60.7685088829478,27.6497943627057,933,956.343652216477,903.612142931614
1985-09-25,BOSTON,1985,4,9,2095,268,1126,BOSTON:1985:9:4,60.4305808084613,47.1644121107241,1005,1026.92256734207,988.598975004415
1985-09-26,BOSTON,1985,5,9,2096,269,1167,BOSTON:1985:9:5,60.0904172557933,77.0611380591584,1042,1038.94950979192,1053.63521901129
1985-09-27,BOSTON,1985,6,9,2097,270,1153,BOSTON:1985:9:6,59.7481191930017,91.9545740544452,1010,1028.05936285229,1045.32641840365
1985-09-28,BOSTON,1985,7,9,2098,271,1069,BOSTON:1985:9:7,59.403788225316,53.5099746161704,1060,1044.84729331837,1085.81449343269
1985-09-29,BOSTON,1985,1,9,2099,272,1047,BOSTON:1985:9:1,59.0575265651045,60.614005073387,1103,1106.32971045854,980.204372254401
1985-09-30,BOSTON,1985,2,9,2100,273,1030,BOSTON:1985:9:2,58.7094370016603,28.4358180171585,1049,1024.60433925652,918.456576318609
1985-10-01,BOSTON,1985,3,10,2101,274,1110,BOSTON:1985:10:3,58.3596228708145,67.4485492513147,1042,1054.06883201251,1065.8058914502
1985-10-02,BOSTON,1985,4,10,2102,275,1135,BOSTON:1985:10:4,58.0081880243867,47.7471531287208,1128,1127.85281977342,1128.52673764466
1985-10-03,BOSTON,1985,5,10,2103,276,1152,BOSTON:1985:10:5,57.6552367994811,52.3852624480862,1227,1181.46476069804,1153.12007499676
1985-10-04,BOSTON,1985,6,10,2104,277,1160,BOSTON:1985:10:6,57.3008739876361,89.7646893372559,1133,1111.62181656961,1165.94834017768
1985-10-05,BOSTON,1985,7,10,2105,278,1093,BOSTON:1985:10:7,56.9452048038395,69.6150988891052,1125,1118.74195221456,1085.35499749654
1985-10-06,BOSTON,1985,1,10,2106,279,1066,BOSTON:1985:10:1,56.5883348554156,71.8808067657768,922,934.194287834923,1009.72341370721
1985-10-07,BOSTON,1985,2,10,2107,280,1043,BOSTON:1985:10:2,56.2303701107945,33.1744536868851,1014,992.642366942776,1037.58047082575
1985-10-08,BOSTON,1985,3,10,2108,281,1089,BOSTON:1985:10:3,55.8714168681731,35.1240531075714,1040,1010.25999111874,1040.05277619523
1985-10-09,BOSTON,1985,4,10,2109,282,1179,BOSTON:1985:10:4,55.5115817240775,81.8700615582391,1110,1173.07218083176,1163.19638078833
1985-10-10,BOSTON,1985,5,10,2110,283,1188,BOSTON:1985:10:5,55.1509715418337,78.7775483319541,1179,1206.32644376773,1221.37822600564
1985-10-11,BOSTON,1985,6,10,2111,284,1151,BOSTON:1985:10:6,54.7896934199595,70.2335863925033,1094,1117.28338459299,1171.26686192984
1985-10-12,BOSTON,1985,7,10,2112,285,1074,BOSTON:1985:10:7,54.4278546604835,39.1022906378418,965,970.777928056842,1054.33500556421
1985-10-13,BOSTON,1985,1,10,2113,286,1041,BOSTON:1985:10:1,54.0655627372035,33.7649255097204,947,918.276361866541,961.229682543524
1985-10-14,BOSTON,1985,2,10,2114,287,1070,BOSTON:1985:10:2,53.7029252638909,53.2934476360547,1122,1054.56181984322,1029.87415286146
1985-10-15,BOSTON,1985,3,10,2115,288,1117,BOSTON:1985:10:3,53.3400499624537,54.8627465394662,1209,1213.63604988546,1047.42418810078
1985-10-16,BOSTON,1985,4,10,2116,289,1141,BOSTON:1985:10:4,52.9770446310639,33.3652714521512,1006,993.818758433573,1100.39950110846
1985-10-17,BOSTON,1985,5,10,2117,290,1190,BOSTON:1985:10:5,52.6140171122622,71.0314862775501,1097,1086.93875032185,1165.24905411435
1985-10-18,BOSTON,1985,6,10,2118,291,1111,BOSTON:1985:10:6,52.2510752610467,18.9674509752147,1154,1093.81549169907,1098.61438517174
1985-10-19,BOSTON,1985,7,10,2119,292,1109,BOSTON:1985:10:7,51.8883269129569,66.6923430737356,1003,1004.20528619018,1048.78820517725
1985-10-20,BOSTON,1985,1,10,2120,293,1088,BOSTON:1985:10:1,51.5258798521608,75.3880117932931,1076,1066.32283990121,1001.96210322442
1985-10-21,BOSTON,1985,2,10,2121,294,1106,BOSTON:1985:10:2,51.1638417795569,81.3213168249734,1096,1083.15047272509,1089.70878437472
1985-10-22,BOSTON,1985,3,10,2122,295,1133,BOSTON:1985:10:3,50.8023202808979,62.1487355901333,966,1030.4483341544,1091.04742977157
1985-10-23,BOSTON,1985,4,10,2123,296,1151,BOSTON:1985:10:4,50.4414227949469,34.3373781507849,1199,1220.04588274981,1123.82814803943
1985-10-24,BOSTON,1985,5,10,2124,297,1160,BOSTON:1985:10:5,50.0812565816762,30.3575988046089,1239,1217.7585663155,1144.25639385047
1985-10-25,BOSTON,1985,6,10,2125,298,1176,BOSTON:1985:10:6,49.7219286905159,75.4692006716062,1196,1260.48597006508,1141.1704127205
1985-10-26,BOSTON,1985,7,10,2126,299,1071,BOSTON:1985:10:7,49.3635459286642,16.0835545482595,1136,1170.66654040945,1040.52179176228
1985-10-27,BOSTON,1985,1,10,2127,300,1095,BOSTON:1985:10:1,49.0062148294674,73.5080855370762,1020,1007.11504865607,992.084800525557
1985-10-28,BOSTON,1985,2,10,2128,301,1086,BOSTON:1985:10:2,48.6500416208791,50.3253570107544,972,1000.47629925818,1046.83659193738
1985-10-29,BOSTON,1985,3,10,2129,302,1125,BOSTON:1985:10:3,48.2951321940077,43.777521322309,1038,1109.06774924922,1050.66971448349
1985-10-30,BOSTON,1985,4,10,2130,303,1206,BOSTON:1985:10:4,47.9415920717626,78.1322243242509,1228,1244.62237007038,1155.04923241765
1985-10-31,BOSTON,1985,5,10,2131,304,1163,BOSTON:1985:10:5,47.5895263776071,24.1080540916771,1099,1084.39175795364,1156.996251031
1985-11-01,BOSTON,1985,6,11,2132,305,1149,BOSTON:1985:11:6,47.2390398044278,38.7542272485931,1076,1052.75218265167,1137.62026757926
1985-11-02,BOSTON,1985,7,11,2133,306,1085,BOSTON:1985:11:7,46.8902365835302,21.5533821768977,958,972.185229700011,1003.74832499602
1985-11-03,BOSTON,1985,1,11,2134,307,1057,BOSTON:1985:11:1,46.5432204537688,22.023695856206,1186,1168.17502510435,1114.30114578953
1985-11-04,BOSTON,1985,2,11,2135,308,1103,BOSTON:1985:11:2,46.1980946308214,58.5494019479703,795,817.053210501282,933.92236613856
1985-11-05,BOSTON,1985,3,11,2136,309,1141,BOSTON:1985:11:3,45.8549617766161,50.2030926872735,1073,1063.90169151328,986.016004540885
1985-11-06,BOSTON,1985,4,11,2137,310,1180,BOSTON:1985:11:4,45.5139239689217,43.529314964346,1136,1119.79248923175,1107.87191646046
1985-11-07,BOSTON,1985,5,11,2138,311,1217,BOSTON:1985:11:5,45.1750826711073,66.9520944744586,1065,1041.51592117702,1179.19947750131
1985-11-08,BOSTON,1985,6,11,2139,312,1197,BOSTON:1985:11:6,44.8385387020843,77.2057359586196,1192,1196.73429953263,1181.0400413909
1985-11-09,BOSTON,1985,7,11,2140,313,1117,BOSTON:1985:11:7,44.5043922064362,45.5830840894489,867,878.393820014872,1031.98525451646
1985-11-10,BOSTON,1985,1,11,2141,314,1099,BOSTON:1985:11:1,44.1727426247463,58.4333364986606,1189,1157.60036185526,1140.52100285609
1985-11-11,BOSTON,1985,2,11,2142,315,1077,BOSTON:1985:11:2,43.8436886641324,21.5052543646783,855,872.642186749884,911.662524961668
1985-11-12,BOSTON,1985,3,11,2143,316,1134,BOSTON:1985:11:3,43.5173282689973,33.3650145667232,861,866.179640021093,963.597525040348
1985-11-13,BOSTON,1985,4,11,2144,317,1158,BOSTON:1985:11:4,43.1937585920023,11.6869538426327,997,1021.75869298465,1087.65915229552
1985-11-14,BOSTON,1985,5,11,2145,318,1177,BOSTON:1985:11:5,42.873075965275,18.5518351545976,1097,1138.38452899211,1144.88029741757
1985-11-15,BOSTON,1985,6,11,2146,319,1143,BOSTON:1985:11:6,42.5553758718568,14.5043961770396,1100,1024.34123174489,1132.32779405265
1985-11-16,BOSTON,1985,7,11,2147,320,1108,BOSTON:1985:11:7,42.2407529174012,26.8511182462459,997,1003.25068744669,1018.89586149513
1985-11-17,BOSTON,1985,1,11,2148,321,1085,BOSTON:1985:11:1,41.9293008021298,34.0508149516056,1044,1070.67767822537,1135.51040214467
1985-11-18,BOSTON,1985,2,11,2149,322,1113,BOSTON:1985:11:2,41.6211122930543,51.012227340092,961,954.730788439669,934.431651221244
1985-11-19,BOSTON,1985,3,11,2150,323,1165,BOSTON:1985:11:3,41.3162791964738,55.8107318126737,1134,1096.88651127999,989.220231619777
1985-11-20,BOSTON,1985,4,11,2151,324,1184,BOSTON:1985:11:4,41.0148923307549,28.8361746444258,1225,1178.43963593765,1098.11155272983
1985-11-21,BOSTON,1985,5,11,2152,325,1242,BOSTON:1985:11:5,40.7170414994018,73.2798735564122,1385,1394.21596101913,1183.09077120413
1985-11-22,BOSTON,1985,6,11,2153,326,1192,BOSTON:1985:11:6,40.4228154644268,54.1746267867172,1219,1190.87656974256,1156.13202025009
1985-11-23,BOSTON,1985,7,11,2154,327,1106,BOSTON:1985:11:7,40.1323019200255,16.4077755109658,1244,1253.77475621103,1008.74629944324
1985-11-24,BOSTON,1985,1,11,2155,328,1090,BOSTON:1985:11:1,39.8455874665688,30.6799443808432,1086,1087.63423081032,1114.6674492093
1985-11-25,BOSTON,1985,2,11,2156,329,1097,BOSTON:1985:11:2,39.5627575849149,25.7180007283542,1079,1044.67158692696,909.983457678634
1985-11-26,BOSTON,1985,3,11,2157,330,1153,BOSTON:1985:11:3,39.2838966110533,36.3415003344229,842,871.875207594197,971.166238799402
1985-11-27,BOSTON,1985,4,11,2158,331,1226,BOSTON:1985:11:4,39.0090877110851,61.6388799566556,1057,1028.22817804672,1121.35737851287
1985-11-28,BOSTON,1985,5,11,2159,332,1195,BOSTON:1985:11:5,38.7384128565476,20.0161674171263,1118,1101.3137434231,1157.82945387661
1985-11-29,BOSTON,1985,6,11,2160,333,1177,BOSTON:1985:11:6,38.4719528000928,31.6345085691787,1148,1198.03465231457,1127.87987672518
1985-11-30,BOSTON,1985,7,11,2161,334,1167,BOSTON:1985:11:7,38.2097870515233,71.2226832572875,1036,1080.10227715167,1038.62425954902
1985-12-01,BOSTON,1985,1,12,2162,335,1079,BOSTON:1985:12:1,37.9519938541961,11.6614460739692,1092,1093.02113147953,1070.7069143355
1985-12-02,BOSTON,1985,2,12,2163,336,1125,BOSTON:1985:12:2,37.6986501617991,46.8189555239566,907,968.160823950033,1070.69219530758
1985-12-03,BOSTON,1985,3,12,2164,337,1176,BOSTON:1985:12:3,37.4498316155087,51.7205220273036,1150,1093.17654135394,1135.17725127041
1985-12-04,BOSTON,1985,4,12,2165,338,1215,BOSTON:1985:12:4,37.2056125215337,43.5896324151278,1180,1178.86108480001,1097.44542367639
1985-12-05,BOSTON,1985,5,12,2166,339,1257,BOSTON:1985:12:5,36.9660658290538,71.7222048173586,1194,1158.53240040474,1161.43109515389
1985-12-06,BOSTON,1985,6,12,2167,340,1158,BOSTON:1985:12:6,36.7312631085576,4.90479020914674,1106,1125.73259515986,1157.61243335439
1985-12-07,BOSTON,1985,7,12,2168,341,1174,BOSTON:1985:12:7,36.5012745305888,70.8063521844327,1022,1058.52397547578,1023.77132845996
1985-12-08,BOSTON,1985,1,12,2169,342,1125,BOSTON:1985:12:1,36.2761688449035,53.4476104967842,1077,1125.29243744598,1096.77316091738
1985-12-09,BOSTON,1985,2,12,2170,343,1117,BOSTON:1985:12:2,36.0560133600491,31.6284852045472,1075,1064.79291333925,1072.99623516205
1985-12-10,BOSTON,1985,3,12,2171,344,1143,BOSTON:1985:12:3,35.8408739233669,11.551332336599,1102,1095.52054089767,1115.17679212863
1985-12-11,BOSTON,1985,4,12,2172,345,1210,BOSTON:1985:12:4,35.6308149014264,32.051377185028,967,953.555028075107,1082.97042890914
1985-12-12,BOSTON,1985,5,12,2173,346,1203,BOSTON:1985:12:5,35.4258991608973,13.4686290420238,1062,1072.01651234136,1119.21552910667
1985-12-13,BOSTON,1985,6,12,2174,347,1189,BOSTON:1985:12:6,35.2261880498638,30.0845888249835,959,974.275613652602,1161.51436927146
1985-12-14,BOSTON,1985,7,12,2175,348,1167,BOSTON:1985:12:7,35.0317413795869,57.4863320373129,914,947.429393627854,1019.3389598426
1985-12-15,BOSTON,1985,1,12,2176,349,1084,BOSTON:1985:12:1,34.8426174067218,3.36914140240062,1041,992.207838015501,1068.43711639152
1985-12-16,BOSTON,1985,2,12,2177,350,1114,BOSTON:1985:12:2,34.6588728159927,22.4356234308593,1038,1050.99300764138,1057.73738234066
1985-12-17,BOSTON,1985,3,12,2178,351,1196,BOSTON:1985:12:3,34.4805627033334,58.4493977689403,1233,1180.78563904197,1142.5517668089
1985-12-18,BOSTON,1985,4,12,2179,352,1185,BOSTON:1985:12:4,34.3077405594958,2.12172606556847,1237,1274.16897112217,1094.44051762497
1985-12-19,BOSTON,1985,5,12,2180,353,1252,BOSTON:1985:12:5,34.1404582541338,54.5715655391007,1237,1259.93169676135,1152.96529743088
1985-12-20,BOSTON,1985,6,12,2181,354,1233,BOSTON:1985:12:6,33.9787660203646,66.2927566459174,1328,1319.75724987799,1207.83358286212
1985-12-21,BOSTON,1985,7,12,2182,355,1160,BOSTON:1985:12:7,33.8227124398147,45.0871465636921,1097,1054.15756699956,1020.35324557139
1985-12-22,BOSTON,1985,1,12,2183,356,1085,BOSTON:1985:12:1,33.6723444281535,0,1032,1014.33966664778,1060.54704945145
1985-12-23,BOSTON,1985,2,12,2184,357,1127,BOSTON:1985:12:2,33.5277072211185,31.1329529188962,1203,1208.49035711397,1053.94137552628
1985-12-24,BOSTON,1985,3,12,2185,358,1191,BOSTON:1985:12:3,33.3888443610377,48.5518137695946,1108,1133.65263820533,1128.3466926749
1985-12-25,BOSTON,1985,4,12,2186,359,1188,BOSTON:1985:12:4,33.255797683852,0.228545371102321,980,964.651350894975,1089.1436297869
1985-12-26,BOSTON,1985,5,12,2187,360,1260,BOSTON:1985:12:5,33.1286073066411,57.3123864163762,1092,1111.83859139355,1151.38807830871
1985-12-27,BOSTON,1985,6,12,2188,361,1221,BOSTON:1985:12:6,33.0073116156596,50.2563902475263,1323,1296.33780539951,1189.03961451184
1985-12-28,BOSTON,1985,7,12,2189,362,1136,BOSTON:1985:12:7,32.8919472548817,16.3741007590373,1030,1020.88305962139,999.536466125804
1985-12-29,BOSTON,1985,1,12,2190,363,1137,BOSTON:1985:12:1,32.7825491150633,49.9965064503976,1129,1120.41711586283,1074.53575890376
1985-12-30,BOSTON,1985,2,12,2191,364,1144,BOSTON:1985:12:2,32.6791503233209,44.6899233175747,1098,1089.97453550619,1065.6328116619
1985-12-31,BOSTON,1985,3,12,2192,365,1156,BOSTON:1985:12:3,32.5817822332327,9.62547356894429,1034,1043.85008380943,1105.74749711849
1986-01-01,BOSTON,1986,4,1,2193,1,1238,BOSTON:1986:1:4,32.4904744154628,44.3706271974224,1176,1132.92839332965,1237.37130633877
1986-01-02,BOSTON,1986,5,1,2194,2,1270,BOSTON:1986:1:5,32.4052546489144,62.5300368540081,1274,1257.31411746564,1323.63980530488
1986-01-03,BOSTON,1986,6,1,2195,3,1232,BOSTON:1986:1:6,32.3261489124108,56.894381999604,1259,1194.37233415385,1128.63902649344
1986-01-04,BOSTON,1986,7,1,2196,4,1175,BOSTON:1986:1:7,32.2531813769097,51.9283078414815,1273,1262.44775238911,1179.71839992477
1986-01-05,BOSTON,1986,1,1,2197,5,1136,BOSTON:1986:1:1,32.186374398252,45.1953375868741,1020,1055.95751084912,1060.91714675825
1986-01-06,BOSTON,1986,2,1,2198,6,1141,BOSTON:1986:1:2,32.1257485104469,38.5215863520024,949,978.537136187295,1084.62507648163
1986-01-07,BOSTON,1986,3,1,2199,7,1175,BOSTON:1986:1:3,32.0713224194964,25.3004476035034,1100,1123.90451910729,1109.67458427792
1986-01-08,BOSTON,1986,4,1,2200,8,1201,BOSTON:1986:1:4,32.0231129977597,6.00748087779864,1261,1221.04624167414,1210.55117238246
1986-01-09,BOSTON,1986,5,1,2201,9,1264,BOSTON:1986:1:5,31.9811352788605,54.3926477878489,1492,1505.84541882853,1304.70636804374
1986-01-10,BOSTON,1986,6,1,2202,10,1224,BOSTON:1986:1:6,31.9454024531378,47.1158355157322,1088,1108.17897885544,1120.80894382766
1986-01-11,BOSTON,1986,7,1,2203,11,1177,BOSTON:1986:1:7,31.9159258636422,52.0986655368245,1060,1081.20599404071,1183.29386173157
1986-01-12,BOSTON,1986,1,1,2204,12,1093,BOSTON:1986:1:1,31.8927150026781,0,1155,1145.32214705461,1052.58192457204
1986-01-13,BOSTON,1986,2,1,2205,13,1115,BOSTON:1986:1:2,31.8757775088944,9.09008737776286,1259,1221.17768638012,1083.24043852572
1986-01-14,BOSTON,1986,3,1,2206,14,1190,BOSTON:1986:1:3,31.8651191649225,38.7705469519097,1075,1064.21746515863,1134.4931671946
1986-01-15,BOSTON,1986,4,1,2207,15,1199,BOSTON:1986:1:4,31.8607438955638,2.50546149622608,1225,1235.74631834072,1244.75943986466
1986-01-16,BOSTON,1986,5,1,2208,16,1257,BOSTON:1986:1:5,31.8626537665275,46.3747696930093,1215,1144.13576161104,1328.18090201143
1986-01-17,BOSTON,1986,6,1,2209,17,1214,BOSTON:1986:1:6,31.8708489837174,36.3276631782812,1016,1060.50754767054,1125.59765878595
1986-01-18,BOSTON,1986,7,1,2210,18,1143,BOSTON:1986:1:7,31.8853278930697,16.6818815360244,1168,1164.00001487722,1164.12199387468
1986-01-19,BOSTON,1986,1,1,2211,19,1119,BOSTON:1986:1:1,31.9060869809413,24.3500605822714,1087,1077.1127924246,1055.8555676452
1986-01-20,BOSTON,1986,2,1,2212,20,1149,BOSTON:1986:1:2,31.9331208750479,44.0240926243238,1121,1136.28934048116,1102.19447185521
1986-01-21,BOSTON,1986,3,1,2213,21,1160,BOSTON:1986:1:3,31.9664223459525,8.31899905483931,1045,1040.85727358125,1122.77853869825
1986-01-22,BOSTON,1986,4,1,2214,22,1202,BOSTON:1986:1:4,32.0059823091038,4.60111555269809,1367,1381.59489503318,1229.9926210131
1986-01-23,BOSTON,1986,5,1,2215,23,1244,BOSTON:1986:1:5,32.0517898274228,34.3928859259576,1300,1276.49967918332,1307.10541968797
1986-01-24,BOSTON,1986,6,1,2216,24,1181,BOSTON:1986:1:6,32.103832114439,4.32776913926707,1111,1097.75959731828,1109.70608131393
1986-01-25,BOSTON,1986,7,1,2217,25,1130,BOSTON:1986:1:7,32.1620945379731,3.70136050541291,1198,1177.79277907657,1171.86574446799
1986-01-26,BOSTON,1986,1,1,2218,26,1136,BOSTON:1986:1:1,32.2265606243662,42.0213205679818,994,976.127824465301,1086.64536102323
1986-01-27,BOSTON,1986,2,1,2219,27,1142,BOSTON:1986:1:2,32.2972120632547,36.7801826618741,1064,1084.14755762686,1122.94001313842
1986-01-28,BOSTON,1986,3,1,2220,28,1170,BOSTON:1986:1:3,32.3740287128885,18.761585078114,1287,1289.93113202916,1140.05370982938
1986-01-29,BOSTON,1986,4,1,2221,29,1213,BOSTON:1986:1:4,32.4569886059916,16.0776207990429,1131,1144.09920135258,1237.32546039822
1986-01-30,BOSTON,1986,5,1,2222,30,1251,BOSTON:1986:1:5,32.5460679561632,41.8211232277366,1285,1305.40740193065,1302.36750495172
1986-01-31,BOSTON,1986,6,1,2223,31,1234,BOSTON:1986:1:6,32.6412411648175,55.7942895134305,1133,1142.78139691548,1122.24828957902
1986-02-01,BOSTON,1986,7,2,2224,32,1127,BOSTON:1986:2:7,32.7424808286601,1.3373738967353,821,857.609792182485,985.061792452658
1986-02-02,BOSTON,1986,1,2,2225,33,1160,BOSTON:1986:2:1,32.8497577476993,67.3132102791898,1040,1023.96622525976,1018.90070180163
1986-02-03,BOSTON,1986,2,2,2226,34,1105,BOSTON:1986:2:2,32.9630409337884,0,1083,1096.97908573228,1121.91002418289
1986-02-04,BOSTON,1986,3,2,2227,35,1161,BOSTON:1986:2:3,33.0822976196992,10.6710198528941,1299,1304.23763240969,1157.85117529489
1986-02-05,BOSTON,1986,4,2,2228,36,1217,BOSTON:1986:2:4,33.207493268721,21.2159385092782,1126,1115.61850038466,1198.46737923699
1986-02-06,BOSTON,1986,5,2,2229,37,1267,BOSTON:1986:2:5,33.3385915847846,58.1812917583973,1228,1266.04011133308,1199.56647733934
1986-02-07,BOSTON,1986,6,2,2230,38,1186,BOSTON:1986:2:6,33.4755545231075,11.3807764491559,1071,1041.62989186126,1084.45686548805
1986-02-08,BOSTON,1986,7,2,2231,39,1177,BOSTON:1986:2:7,33.6183423013566,54.2933114781184,1001,1026.17257038364,1010.93216505278
1986-02-09,BOSTON,1986,1,2,2232,40,1149,BOSTON:1986:2:1,33.7669134113263,58.8865630907263,984,1018.56934715667,1017.76676204594
1986-02-10,BOSTON,1986,2,2,2233,41,1134,BOSTON:1986:2:2,33.9212246311275,31.9625920012971,1255,1237.76195616858,1120.36360880478
1986-02-11,BOSTON,1986,3,2,2234,42,1192,BOSTON:1986:2:3,34.0812310378848,44.4554297894088,1226,1239.98957836584,1153.452579129
1986-02-12,BOSTON,1986,4,2,2235,43,1215,BOSTON:1986:2:4,34.2468860209373,21.9998039397796,1196,1222.44287126495,1167.46846633501
1986-02-13,BOSTON,1986,5,2,2236,44,1236,BOSTON:1986:2:5,34.4181412955404,32.0477633628652,1305,1301.76032260335,1140.73385128417
1986-02-14,BOSTON,1986,6,2,2237,45,1239,BOSTON:1986:2:6,34.5949469170624,65.5634567760022,1147,1124.9230076229,1081.52212447641
1986-02-15,BOSTON,1986,7,2,2238,46,1137,BOSTON:1986:2:7,34.7772512956742,16.9597522005659,1145,1167.21524869828,986.910626977708
1986-02-16,BOSTON,1986,1,2,2239,47,1091,BOSTON:1986:2:1,34.9650012115266,1.53699535832445,1138,1070.44406179189,981.860728654434
1986-02-17,BOSTON,1986,2,2,2240,48,1166,BOSTON:1986:2:2,35.1581418304101,67.8531699673601,1049,1015.87393706703,1146.52149215579
1986-02-18,BOSTON,1986,3,2,2241,49,1162,BOSTON:1986:2:3,35.3566167198937,18.560036707006,1009,1034.19377078436,1174.22697504604
1986-02-19,BOSTON,1986,4,2,2242,50,1236,BOSTON:1986:2:4,35.5603678659379,46.3478730218328,1195,1196.53230329141,1211.00017249522
1986-02-20,BOSTON,1986,5,2,2243,51,1205,BOSTON:1986:2:5,35.7693356899758,6.04602231832493,1112,1191.10511585701,1160.58665245002
1986-02-21,BOSTON,1986,6,2,2244,52,1238,BOSTON:1986:2:6,35.983459066459,68.8306859967755,1144,1162.46149839885,1098.88702650993
1986-02-22,BOSTON,1986,7,2,2245,53,1181,BOSTON:1986:2:7,36.2026753408613,65.5004280099424,1047,1031.50745319241,1031.09541551539
1986-02-23,BOSTON,1986,1,2,2246,54,1145,BOSTON:1986:2:1,36.426920348137,62.197597883466,889,897.535120092892,1032.47180750121
1986-02-24,BOSTON,1986,2,2,2247,55,1125,BOSTON:1986:2:2,36.6561284316259,31.3626566696467,1128,1127.86442920379,1126.20487486002
1986-02-25,BOSTON,1986,3,2,2248,56,1196,BOSTON:1986:2:3,36.8902324624022,56.5624707815831,1116,1114.02992295548,1164.46927053
1986-02-26,BOSTON,1986,4,2,2249,57,1207,BOSTON:1986:2:4,37.1291638590585,23.1225763476644,1234,1212.2402060741,1174.06398193411
1986-02-27,BOSTON,1986,5,2,2250,58,1217,BOSTON:1986:2:5,37.3728526079223,22.6345477973238,997,988.966170686592,1141.11301892487
1986-02-28,BOSTON,1986,6,2,2251,59,1236,BOSTON:1986:2:6,37.621227283696,72.570395602113,995,1042.51520315741,1092.13398352943
1986-03-01,BOSTON,1986,7,3,2252,60,1183,BOSTON:1986:3:7,37.8742150705172,71.9668196257068,1116,1128.81350066176,1094.51856565503
1986-03-02,BOSTON,1986,1,3,2253,61,1115,BOSTON:1986:3:1,38.13174178343,36.7349856671291,943,931.629698637354,1022.02672428976
1986-03-03,BOSTON,1986,2,3,2254,62,1145,BOSTON:1986:3:2,38.3937318902646,56.7529865261351,920,903.268420209961,1043.27544563545
1986-03-04,BOSTON,1986,3,3,2255,63,1160,BOSTON:1986:3:3,38.6601085339149,26.6629432847199,1188,1200.44141020579,1033.6950524925
1986-03-05,BOSTON,1986,4,3,2256,64,1198,BOSTON:1986:3:4,38.9307935550103,20.4675128627794,1255,1248.3696364031,1136.96891933452
1986-03-06,BOSTON,1986,5,3,2257,65,1237,BOSTON:1986:3:5,39.2057075149743,47.4559096417753,1066,1056.03989986483,1079.39485204334
1986-03-07,BOSTON,1986,6,3,2258,66,1184,BOSTON:1986:3:6,39.4847697194624,28.3162183000664,1110,1088.13652743219,1138.96007820353
1986-03-08,BOSTON,1986,7,3,2259,67,1115,BOSTON:1986:3:7,39.7678982421729,8.85527017544683,926,946.643026146878,1032.87517813445
1986-03-09,BOSTON,1986,1,3,2260,68,1145,BOSTON:1986:3:1,40.0550099490244,73.7912175064009,1087,1137.26607422241,1031.35454064784
1986-03-10,BOSTON,1986,2,3,2261,69,1136,BOSTON:1986:3:2,40.3460205226909,53.508829041082,1073,1088.72789218745,1059.05201858996
1986-03-11,BOSTON,1986,3,3,2262,70,1194,BOSTON:1986:3:3,40.6408444874885,65.9935999511706,1087,1054.3845393652,1077.99176594575
1986-03-12,BOSTON,1986,4,3,2263,71,1210,BOSTON:1986:3:4,40.9393952346076,38.2580790903089,1084,1076.27438440278,1167.12399078593
1986-03-13,BOSTON,1986,5,3,2264,72,1196,BOSTON:1986:3:5,41.2415850476801,15.0634889432669,985,1033.46584771885,1069.42432154922
1986-03-14,BOSTON,1986,6,3,2265,73,1204,BOSTON:1986:3:6,41.5473251286767,54.1680062967226,1214,1196.70544574933,1149.60053867203
1986-03-15,BOSTON,1986,7,3,2266,74,1107,BOSTON:1986:3:7,41.8565256241253,8.25294058765378,1087,1118.35844803942,1036.40375470619
1986-03-16,BOSTON,1986,1,3,2267,75,1085,BOSTON:1986:3:1,42.1690956516437,18.5762004288159,1077,1077.52071419128,994.430580403325
1986-03-17,BOSTON,1986,2,3,2268,76,1145,BOSTON:1986:3:2,42.4849433267777,70.1920517838848,1017,1013.78648141699,1060.25387854782
1986-03-18,BOSTON,1986,3,3,2269,77,1139,BOSTON:1986:3:3,42.8039757901369,18.5250179091035,914,920.42724353595,1055.91296305679
1986-03-19,BOSTON,1986,4,3,2270,78,1190,BOSTON:1986:3:4,43.1260992348217,26.2310107884952,1201,1206.86587783074,1158.96454438973
1986-03-20,BOSTON,1986,5,3,2271,79,1199,BOSTON:1986:3:5,43.4512189341309,25.5329465501542,1121,1132.76160498302,1081.34727739001
1986-03-21,BOSTON,1986,6,3,2272,80,1173,BOSTON:1986:3:6,43.7792392695438,30.6097827866789,1088,1114.34903305833,1144.83575081577
1986-03-22,BOSTON,1986,7,3,2273,81,1116,BOSTON:1986:3:7,44.1100637589674,24.5973320280295,1104,1175.26198131436,1043.5658750661
1986-03-23,BOSTON,1986,1,3,2274,82,1072,BOSTON:1986:3:1,44.4435950852408,11.581874084141,949,935.173135120164,991.037190767561
1986-03-24,BOSTON,1986,2,3,2275,83,1140,BOSTON:1986:3:2,44.779735124888,72.992297759032,1182,1228.84961913826,1059.94451884095
1986-03-25,BOSTON,1986,3,3,2276,84,1190,BOSTON:1986:3:3,45.1183849771116,77.2762074775603,1083,1112.26857484925,1104.40021850259
1986-03-26,BOSTON,1986,4,3,2277,85,1234,BOSTON:1986:3:4,45.459444993017,76.4588512944335,1159,1132.07918119879,1235.94254549193
1986-03-27,BOSTON,1986,5,3,2278,86,1209,BOSTON:1986:3:5,45.8028148050607,42.5338176038304,1178,1161.40532497187,1119.83354901785
1986-03-28,BOSTON,1986,6,3,2279,87,1176,BOSTON:1986:3:6,46.1483933567126,41.7849435261507,1181,1188.20255104123,1159.60363230771
1986-03-29,BOSTON,1986,7,3,2280,88,1099,BOSTON:1986:3:7,46.4960789323225,15.0077092755958,1012,1036.62063238054,1037.63662643315
1986-03-30,BOSTON,1986,1,3,2281,89,1088,BOSTON:1986:3:1,46.8457691871855,37.0332579721991,979,947.358781313804,996.1509638923
1986-03-31,BOSTON,1986,2,3,2282,90,1134,BOSTON:1986:3:2,47.1973611777935,74.9624457061578,1092,1055.80791247669,1061.47413838535
1986-04-01,BOSTON,1986,3,4,2283,91,1143,BOSTON:1986:4:3,47.5507513922661,38.5251730983168,859,845.224830526256,1084.08776587129
1986-04-02,BOSTON,1986,4,4,2284,92,1196,BOSTON:1986:4:4,47.9058357809514,48.1357865703136,1045,1083.19060624675,1064.20965362124
1986-04-03,BOSTON,1986,5,4,2285,93,1208,BOSTON:1986:4:5,48.262509787188,50.1944612126919,1217,1202.88926555698,1163.17519761828
1986-04-04,BOSTON,1986,6,4,2286,94,1151,BOSTON:1986:4:6,48.6206683782174,25.5395729337132,1024,1070.67795633334,1189.30320317692
1986-04-05,BOSTON,1986,7,4,2287,95,1126,BOSTON:1986:4:7,48.9802060762406,51.6821204518885,1130,1137.66803602706,1102.30559076343
1986-04-06,BOSTON,1986,1,4,2288,96,1066,BOSTON:1986:4:1,49.3410169896069,22.0755581445391,1082,1054.70647312112,1008.53697573982
1986-04-07,BOSTON,1986,2,4,2289,97,1109,BOSTON:1986:4:2,49.7029948441276,57.6903472511994,1052,1117.13763305392,979.641060192499
1986-04-08,BOSTON,1986,3,4,2290,98,1149,BOSTON:1986:4:3,50.0660330145041,53.2143829035926,1155,1159.78357468886,1076.83872883552
1986-04-09,BOSTON,1986,4,4,2291,99,1170,BOSTON:1986:4:4,50.4300245558624,31.3640330321867,895,929.983776227566,1049.10366039088
1986-04-10,BOSTON,1986,5,4,2292,100,1229,BOSTON:1986:4:5,50.7948622353821,78.9004679177402,1198,1178.64917263059,1195.03550233539
1986-04-11,BOSTON,1986,6,4,2293,101,1147,BOSTON:1986:4:6,51.1604385640149,30.0572891327229,1274,1294.39063924909,1215.05229636176
1986-04-12,BOSTON,1986,7,4,2294,102,1112,BOSTON:1986:4:7,51.5266458282785,46.0534940578582,1018,1010.78306021391,1108.74092030954
1986-04-13,BOSTON,1986,1,4,2295,103,1111,BOSTON:1986:4:1,51.8933761221199,78.7987061831011,1085,1123.49552767981,1064.35685780051
1986-04-14,BOSTON,1986,2,4,2296,104,1079,BOSTON:1986:4:2,52.2605213788363,33.9345806404042,1008,1054.34800278631,992.750293135616
1986-04-15,BOSTON,1986,3,4,2297,105,1125,BOSTON:1986:4:3,52.6279734030473,38.0421152806017,1126,1138.0875095496,1072.21058409279
1986-04-16,BOSTON,1986,4,4,2298,106,1210,BOSTON:1986:4:4,52.9956239027042,79.3432927697968,1117,1137.96790702821,1092.08151444458
1986-04-17,BOSTON,1986,5,4,2299,107,1202,BOSTON:1986:4:5,53.3633645211315,61.6984377714774,1079,1087.71037738262,1200.4904446811
1986-04-18,BOSTON,1986,6,4,2300,108,1187,BOSTON:1986:4:6,53.7310868690893,78.7419996273875,1188,1167.74042765509,1274.24601332075
1986-04-19,BOSTON,1986,7,4,2301,109,1110,BOSTON:1986:4:7,54.098682556846,52.5085858321607,1088,1099.80640394054,1137.34115111408
1986-04-20,BOSTON,1986,1,4,2302,110,1105,BOSTON:1986:4:1,54.4660432262535,82.0622104218419,1064,1066.89667578475,1080.09063004703
1986-04-21,BOSTON,1986,2,4,2303,111,1068,BOSTON:1986:4:2,54.8330605828156,31.6679155553644,1049,1045.43249857204,999.475356838329
1986-04-22,BOSTON,1986,3,4,2304,112,1141,BOSTON:1986:4:3,55.1996264277375,63.6745360676548,1201,1153.28724680113,1093.25290418378
1986-04-23,BOSTON,1986,4,4,2305,113,1192,BOSTON:1986:4:4,55.5656326899501,71.1588697705614,1068,1071.31605807812,1097.73047406677
1986-04-24,BOSTON,1986,5,4,2306,114,1165,BOSTON:1986:4:5,55.930971458098,34.2461028965284,1238,1256.00514661705,1173.29885536203
1986-04-25,BOSTON,1986,6,4,2307,115,1160,BOSTON:1986:4:6,56.295535012482,61.1056201717428,1421,1387.11864294521,1228.3984871412
1986-04-26,BOSTON,1986,7,4,2308,116,1116,BOSTON:1986:4:7,56.6592158569459,68.6664087843586,1245,1241.585116678,1132.61233781242
1986-04-27,BOSTON,1986,1,4,2309,117,1101,BOSTON:1986:4:1,57.0219067507005,86.3666696589953,1011,1029.12159475521,1089.01553641399
1986-04-28,BOSTON,1986,2,4,2310,118,1072,BOSTON:1986:4:2,57.3835007400714,45.1726795869411,872,869.150178803208,1009.13328983398
1986-04-29,BOSTON,1986,3,4,2311,119,1130,BOSTON:1986:4:3,57.7438911901662,61.0165361118377,1078,1102.60365917793,1092.61001701512
1986-04-30,BOSTON,1986,4,4,2312,120,1136,BOSTON:1986:4:4,58.1029718164467,23.4523543208018,1233,1197.99314077627,1054.87469747974
1986-05-01,BOSTON,1986,5,5,2313,121,1171,BOSTON:1986:5:5,58.4606367162012,49.3687666136355,1197,1211.74033548367,1092.28826536084
1986-05-02,BOSTON,1986,6,5,2314,122,1158,BOSTON:1986:5:6,58.8167803999039,68.450280123763,985,979.036789360048,1014.79693107645
1986-05-03,BOSTON,1986,7,5,2315,123,1106,BOSTON:1986:5:7,59.1712978224548,66.8437885328474,963,945.518771032578,983.405569716842
1986-05-04,BOSTON,1986,1,5,2316,124,1088,BOSTON:1986:5:1,59.5240844142893,81.8045362536134,1076,1072.69707756613,1089.12025959657
1986-05-05,BOSTON,1986,2,5,2317,125,1053,BOSTON:1986:5:2,59.8750361123485,33.1274618765701,1089,1087.90687163469,1074.59813248128
1986-05-06,BOSTON,1986,3,5,2318,126,1131,BOSTON:1986:5:3,60.2240493909021,71.6590863691208,1175,1201.72723930811,1117.51003347855
1986-05-07,BOSTON,1986,4,5,2319,127,1143,BOSTON:1986:5:4,60.5710212922136,39.6835291607718,1221,1199.25793289901,1125.82200934343
1986-05-08,BOSTON,1986,5,5,2320,128,1179,BOSTON:1986:5:5,60.9158494570387,66.9960173606035,1057,1032.82722504005,1117.06379945688
1986-05-09,BOSTON,1986,6,5,2321,129,1155,BOSTON:1986:5:6,61.2584321549484,74.9133306647973,994,981.897625799087,1033.49158158917
1986-05-10,BOSTON,1986,7,5,2322,130,1095,BOSTON:1986:5:7,61.5986683144689,63.578838665922,891,865.490838621555,988.42548100209
1986-05-11,BOSTON,1986,1,5,2323,131,1053,BOSTON:1986:5:1,61.9364575530259,52.802963259243,1147,1065.72497445432,1051.91160364829
1986-05-12,BOSTON,1986,2,5,2324,132,1084,BOSTON:1986:5:2,62.2717002066882,76.1647685952583,1145,1141.42225632064,1092.35761265935
1986-05-13,BOSTON,1986,3,5,2325,133,1113,BOSTON:1986:5:3,62.6042973597004,60.7636093695118,1144,1113.20116448657,1115.52692218128
1986-05-14,BOSTON,1986,4,5,2326,134,1138,BOSTON:1986:5:4,62.9341508737948,44.0907002367262,1018,982.011553670748,1120.62032549608
1986-05-15,BOSTON,1986,5,5,2327,135,1164,BOSTON:1986:5:5,63.2611634172755,60.0505921812984,1255,1300.40151811647,1097.86763226507
1986-05-16,BOSTON,1986,6,5,2328,136,1108,BOSTON:1986:5:6,63.5852384938655,34.1286728367006,1046,1014.29808268045,982.128094866181
1986-05-17,BOSTON,1986,7,5,2329,137,1071,BOSTON:1986:5:7,63.9062804713076,46.9439206326542,1146,1209.51717455264,952.312163711503
1986-05-18,BOSTON,1986,1,5,2330,138,1059,BOSTON:1986:5:1,64.2241946097113,68.0098296610289,1034,1060.16915012978,1045.77004779249
1986-05-19,BOSTON,1986,2,5,2331,139,1036,BOSTON:1986:5:2,64.5388870896381,31.0620726110023,1033,1104.58078525786,1051.60969475078
1986-05-20,BOSTON,1986,3,5,2332,140,1089,BOSTON:1986:5:3,64.8502650399142,44.627409503647,1093,1063.89938369268,1077.21312237867
1986-05-21,BOSTON,1986,4,5,2333,141,1160,BOSTON:1986:5:4,65.1582365651659,74.7057740209668,1124,1101.49214083172,1136.0477249135
1986-05-22,BOSTON,1986,5,5,2334,142,1176,BOSTON:1986:5:5,65.4627107730667,80.6508747506487,1029,1031.78159250009,1146.19145320489
1986-05-23,BOSTON,1986,6,5,2335,143,1149,BOSTON:1986:5:6,65.7635978012891,85.1439661844247,1054,1076.4943245434,1066.36060755998
1986-05-24,BOSTON,1986,7,5,2336,144,1054,BOSTON:1986:5:7,66.0608088441534,36.1854084192185,990,1033.84675258745,988.8809054645
1986-05-25,BOSTON,1986,1,5,2337,145,1026,BOSTON:1986:5:1,66.3542561789652,38.2666421819155,974,1031.1367309602,1044.19808896259
1986-05-26,BOSTON,1986,2,5,2338,146,1089,BOSTON:1986:5:2,66.6438531920335,97.8915424200728,1096,1088.33781939055,1144.434560111
1986-05-27,BOSTON,1986,3,5,2339,147,1132,BOSTON:1986:5:3,66.9295144043628,97.091352952155,1124,1139.96070428072,1225.74992196501
1986-05-28,BOSTON,1986,4,5,2340,148,1175,BOSTON:1986:5:4,67.2111554970099,96.7127634086711,1300,1254.19653457104,1280.50994025229
1986-05-29,BOSTON,1986,5,5,2341,149,1166,BOSTON:1986:5:5,67.4886933360993,77.9843987194634,1137,1161.31764521495,1221.5888497108
1986-05-30,BOSTON,1986,6,5,2342,150,1102,BOSTON:1986:5:6,67.7620459974895,43.7065716225806,1077,1077.53428909381,1059.2227849108
1986-05-31,BOSTON,1986,7,5,2343,151,1103,BOSTON:1986:5:7,68.0311327910819,96.7411896045157,999,993.874698944784,1075.97588010355
1986-06-01,BOSTON,1986,1,6,2344,152,1073,BOSTON:1986:6:1,68.2958742847667,97.8402064309456,1225,1224.71058614468,1054.40921095146
1986-06-02,BOSTON,1986,2,6,2345,153,1035,BOSTON:1986:6:2,68.5561923279969,45.4030353033526,1101,1063.14710050169,1084.42948904608
1986-06-03,BOSTON,1986,3,6,2346,154,1070,BOSTON:1986:6:3,68.8120100749859,38.9477221653999,1091,1061.38410523555,1154.55121326609
1986-06-04,BOSTON,1986,4,6,2347,155,1145,BOSTON:1986:6:4,69.0632520075178,73.6992771825044,1083,1056.59566212285,1068.90310318109
1986-06-05,BOSTON,1986,5,6,2348,156,1141,BOSTON:1986:6:5,69.3098439573688,59.8882147408468,1068,1089.92758084579,1226.56443461412
1986-06-06,BOSTON,1986,6,6,2349,157,1117,BOSTON:1986:6:6,69.5517131283282,66.7633764531797,931,968.313220135384,1107.30916979468
1986-06-07,BOSTON,1986,7,6,2350,158,1069,BOSTON:1986:6:7,69.7887881178158,67.3203719857829,951,926.074607668073,984.509738566442
1986-06-08,BOSTON,1986,1,6,2351,159,1059,BOSTON:1986:6:1,70.0209989380874,89.5444965065309,871,861.492549988752,975.927866357069
1986-06-09,BOSTON,1986,2,6,2352,160,1072,BOSTON:1986:6:2,70.2482770370238,92.9049233776436,1180,1195.39672860015,1100.60209572256
1986-06-10,BOSTON,1986,3,6,2353,161,1079,BOSTON:1986:6:3,70.4705553184942,55.2354089715265,1114,1096.37077898198,1184.14349425527
1986-06-11,BOSTON,1986,4,6,2354,162,1152,BOSTON:1986:6:4,70.6877681622919,86.7862501517576,1017,1048.23353185192,1105.79482196844
1986-06-12,BOSTON,1986,5,6,2355,163,1146,BOSTON:1986:6:5,70.8998514436331,70.617869461808,1363,1302.24969329184,1257.41966848338
1986-06-13,BOSTON,1986,6,6,2356,164,1087,BOSTON:1986:6:6,71.1067425522146,40.7455236294431,1196,1148.34000791858,1109.44476540073
1986-06-14,BOSTON,1986,7,6,2357,165,1039,BOSTON:1986:6:7,71.3083804108243,38.9437285496894,1073,1087.36868286302,972.235971274596
1986-06-15,BOSTON,1986,1,6,2358,166,1022,BOSTON:1986:6:1,71.5047054934992,53.1356606759807,998,956.331107957462,919.833621401787
1986-06-16,BOSTON,1986,2,6,2359,167,1030,BOSTON:1986:6:2,71.6956598432249,51.9833875591381,951,937.388144651721,1007.73963340617
1986-06-17,BOSTON,1986,3,6,2360,168,1085,BOSTON:1986:6:3,71.8811870891723,66.4482263325836,1006,1017.64466282636,1131.32068004577
1986-06-18,BOSTON,1986,4,6,2361,169,1135,BOSTON:1986:6:4,72.0612324634658,75.5438467790463,1129,1131.56099109053,1051.42107044916
1986-06-19,BOSTON,1986,5,6,2362,170,1157,BOSTON:1986:6:5,72.2357428174771,87.1973751446538,1227,1229.24804578285,1243.91131054538
1986-06-20,BOSTON,1986,6,6,2363,171,1095,BOSTON:1986:6:6,72.4046666376427,54.2042542450264,1248,1257.03634378443,1105.83118109249
1986-06-21,BOSTON,1986,7,6,2364,172,1090,BOSTON:1986:6:7,72.567954060796,100,1024,1049.24598259409,1050.35075990051
1986-06-22,BOSTON,1986,1,6,2365,173,1033,BOSTON:1986:6:1,72.725556889014,71.5092220533878,961,946.456515115361,993.057813345375
1986-06-23,BOSTON,1986,2,6,2366,174,1030,BOSTON:1986:6:2,72.8774286039703,56.2767187367723,1091,1042.54638648899,1055.55750652179
1986-06-24,BOSTON,1986,3,6,2367,175,1075,BOSTON:1986:6:3,73.0235243807931,60.4178376039874,1421,1436.60989192329,1161.98461243319
1986-06-25,BOSTON,1986,4,6,2368,176,1140,BOSTON:1986:6:4,73.1638011014222,84.664939297749,1082,1083.14099256321,1084.88100440407
1986-06-26,BOSTON,1986,5,6,2369,177,1155,BOSTON:1986:6:5,73.2982173674616,89.2618126651148,1355,1301.70972266655,1285.10458635456
1986-06-27,BOSTON,1986,6,6,2370,178,1114,BOSTON:1986:6:6,73.4267335125245,78.4272500775754,1100,1093.06515304026,1152.41488371517
1986-06-28,BOSTON,1986,7,6,2371,179,1086,BOSTON:1986:6:7,73.5493116140655,100,1036,1072.00064360458,1076.90353026306
1986-06-29,BOSTON,1986,1,6,2372,180,1026,BOSTON:1986:6:1,73.6659155046982,67.3101450229478,891,985.086122007591,1002.77148794787
1986-06-30,BOSTON,1986,2,6,2373,181,1024,BOSTON:1986:6:2,73.7765107829938,53.1542160538839,987,1016.01580509962,1061.67127530342
1986-07-01,BOSTON,1986,3,7,2374,182,1082,BOSTON:1986:7:3,73.8810648237574,71.8384940250995,1373,1274.9584900319,1075.0395328445
1986-07-02,BOSTON,1986,4,7,2375,183,1118,BOSTON:1986:7:4,73.9795467877794,65.5380910626647,1095,1133.91522737517,1012.17878763605
1986-07-03,BOSTON,1986,5,7,2376,184,1120,BOSTON:1986:7:5,74.0719276310595,56.4014749967213,1090,1138.98112378629,1059.69585341412
1986-07-04,BOSTON,1986,6,7,2377,185,1136,BOSTON:1986:7:6,74.1581801134989,100,1225,1226.19091486411,1216.66877509907
1986-07-05,BOSTON,1986,7,7,2378,186,1058,BOSTON:1986:7:7,74.2382788070597,71.8705082679287,1312,1297.54875483258,1149.46225942582
1986-07-06,BOSTON,1986,1,7,2379,187,1001,BOSTON:1986:7:1,74.3122001033887,40.288117937246,1099,1070.39257375566,1091.80147249516
1986-07-07,BOSTON,1986,2,7,2380,188,1069,BOSTON:1986:7:2,74.379922220903,100,935,942.298221774748,1077.65993855956
1986-07-08,BOSTON,1986,3,7,2381,189,1075,BOSTON:1986:7:3,74.441425211335,65.6596210925639,977,978.739156841377,1094.77784188291
1986-07-09,BOSTON,1986,4,7,2382,190,1092,BOSTON:1986:7:4,74.4966909657358,40.0595984510271,901,925.397093099448,1010.97477129902
1986-07-10,BOSTON,1986,5,7,2383,191,1168,BOSTON:1986:7:5,74.5457032199341,100,882,889.876369164833,1121.70530843383
1986-07-11,BOSTON,1986,6,7,2384,192,1098,BOSTON:1986:7:6,74.5884475594504,66.016251472116,1254,1257.03872833339,1213.40764367248
1986-07-12,BOSTON,1986,7,7,2385,193,1090,BOSTON:1986:7:7,74.6249114238625,100,1087,1069.99648360061,1212.8473507362
1986-07-13,BOSTON,1986,1,7,2386,194,1007,BOSTON:1986:7:1,74.6550841106243,49.4282314589388,1088,1060.41898310305,1127.27869807065
1986-07-14,BOSTON,1986,2,7,2387,195,1044,BOSTON:1986:7:2,74.6789567783339,79.0342239947854,1152,1192.28715327285,1060.36365309282
1986-07-15,BOSTON,1986,3,7,2388,196,1101,BOSTON:1986:7:3,74.6965224494518,95.3017360543193,1098,1077.77940316393,1138.65528135187
1986-07-16,BOSTON,1986,4,7,2389,197,1104,BOSTON:1986:7:4,74.7077760124669,53.2808718179442,1074,1098.18016676353,1032.98634225023
1986-07-17,BOSTON,1986,5,7,2390,198,1149,BOSTON:1986:7:5,74.712714223511,89.4616094383815,1270,1211.86701156396,1128.39221017433
1986-07-18,BOSTON,1986,6,7,2391,199,1110,BOSTON:1986:7:6,74.7113357074208,79.3108971076667,1108,1152.70378396076,1224.65068065773
1986-07-19,BOSTON,1986,7,7,2392,200,1028,BOSTON:1986:7:7,74.7036409582467,40.4117422778615,956,952.006982767965,1126.0308310146
1986-07-20,BOSTON,1986,1,7,2393,201,1014,BOSTON:1986:7:1,74.6896323392082,57.6761930871669,1085,1073.01232852114,1093.58210179626
1986-07-21,BOSTON,1986,2,7,2394,202,1038,BOSTON:1986:7:2,74.6693140820968,72.6380178838404,1091,1070.38525363209,1022.97225886326
1986-07-22,BOSTON,1986,3,7,2395,203,1110,BOSTON:1986:7:3,74.6426922861254,100,1102,1082.75761111464,1120.20212403225
1986-07-23,BOSTON,1986,4,7,2396,204,1158,BOSTON:1986:7:4,74.6097749162255,100,1045,1056.02390796903,1097.52756823036
1986-07-24,BOSTON,1986,5,7,2397,205,1115,BOSTON:1986:7:5,74.5705718007915,54.2693328294948,1189,1214.00819523563,1107.77183731911
1986-07-25,BOSTON,1986,6,7,2398,206,1109,BOSTON:1986:7:6,74.525094628874,77.6881782040743,1286,1311.80007645481,1218.27290056771
1986-07-26,BOSTON,1986,7,7,2399,207,1068,BOSTON:1986:7:7,74.4733569468225,84.6508580143416,1315,1261.39623783346,1181.65955882531
1986-07-27,BOSTON,1986,1,7,2400,208,1055,BOSTON:1986:7:1,74.4153741543773,100,1252,1201.98567831698,1211.33772764004
1986-07-28,BOSTON,1986,2,7,2401,209,1055,BOSTON:1986:7:2,74.3511635002141,90.6136858144236,1110,1052.87044570704,1127.00414948496
1986-07-29,BOSTON,1986,3,7,2402,210,1090,BOSTON:1986:7:3,74.2807440769399,81.9604932151276,1013,1081.50513236949,1134.32521988959
1986-07-30,BOSTON,1986,4,7,2403,211,1107,BOSTON:1986:7:4,74.2041368155441,54.9101861684284,1081,1074.97261487037,1042.33253058522
1986-07-31,BOSTON,1986,5,7,2404,212,1165,BOSTON:1986:7:5,74.1213644793042,100,1143,1167.54059378129,1156.4347906579
1986-08-01,BOSTON,1986,6,8,2405,213,1127,BOSTON:1986:8:6,74.0324516571499,95.2257233928329,1239,1272.14116366306,1184.9544671503
1986-08-02,BOSTON,1986,7,8,2406,214,1048,BOSTON:1986:8:7,73.9374247564859,60.8060276367627,1078,1106.23300427996,1067.96329593528
1986-08-03,BOSTON,1986,1,8,2407,215,1014,BOSTON:1986:8:1,73.8363119954768,54.7438957350853,795,849.040215338343,976.261135896427
1986-08-04,BOSTON,1986,2,8,2408,216,1051,BOSTON:1986:8:2,73.7291433947948,84.7608076717561,928,880.98868726204,931.001174634103
1986-08-05,BOSTON,1986,3,8,2409,217,1100,BOSTON:1986:8:3,73.6159507688348,90.1171317105394,1122,1117.52361398689,1112.36087037055
1986-08-06,BOSTON,1986,4,8,2410,218,1125,BOSTON:1986:8:4,73.4967677163968,71.0533655373456,1182,1148.51379314784,1106.14581207916
1986-08-07,BOSTON,1986,5,8,2411,219,1163,BOSTON:1986:8:5,73.3716296108412,98.8240026619258,879,949.28667140871,1254.88616927328
1986-08-08,BOSTON,1986,6,8,2412,220,1120,BOSTON:1986:8:6,73.2405735897173,85.4906144198302,1110,1073.29317610973,1151.03643871239
1986-08-09,BOSTON,1986,7,8,2413,221,1041,BOSTON:1986:8:7,73.1036385438692,49.4063907639411,1007,1067.75482628434,1047.97647185986
1986-08-10,BOSTON,1986,1,8,2414,222,1003,BOSTON:1986:8:1,72.9608651060237,38.8071865770592,1131,1159.47539448307,958.482024365611
1986-08-11,BOSTON,1986,2,8,2415,223,1067,BOSTON:1986:8:2,72.8122956388599,98.4370575602135,845,884.217844554023,944.650355113948
1986-08-12,BOSTON,1986,3,8,2416,224,1061,BOSTON:1986:8:3,72.6579742225681,44.7078693703611,931,930.502819426322,1061.40792142673
1986-08-13,BOSTON,1986,4,8,2417,225,1117,BOSTON:1986:8:4,72.4979466418985,59.3542037587863,995,981.571070027194,1058.69261790576
1986-08-14,BOSTON,1986,5,8,2418,226,1136,BOSTON:1986:8:5,72.332260372706,67.7469140841926,1092,1126.47386910725,1165.61239201547
1986-08-15,BOSTON,1986,6,8,2419,227,1119,BOSTON:1986:8:6,72.1609645679922,80.2638890611337,1145,1137.47423048264,1088.61983847593
1986-08-16,BOSTON,1986,7,8,2420,228,1055,BOSTON:1986:8:7,71.984110043452,60.7297940199011,980,997.071970393558,1021.15549161662
1986-08-17,BOSTON,1986,1,8,2421,229,1041,BOSTON:1986:8:1,71.8017492625262,77.4002164597954,855,866.486251727021,967.42953976059
1986-08-18,BOSTON,1986,2,8,2422,230,1068,BOSTON:1986:8:2,71.6139363209665,94.6911725114047,1010,1008.12011495982,943.066717926778
1986-08-19,BOSTON,1986,3,8,2423,231,1079,BOSTON:1986:8:3,71.4207269309156,59.8439971229129,1039,1020.38297198986,1063.27542357981
1986-08-20,BOSTON,1986,4,8,2424,232,1125,BOSTON:1986:8:4,71.2221784045096,62.963508136395,1098,1094.51751335465,1069.4338593433
1986-08-21,BOSTON,1986,5,8,2425,233,1151,BOSTON:1986:8:5,71.0183496370041,78.4166450651424,1346,1345.45694408517,1192.46935485219
1986-08-22,BOSTON,1986,6,8,2426,234,1115,BOSTON:1986:8:6,70.809301089433,70.51081353606,994,1031.40482703768,1089.16380989388
1986-08-23,BOSTON,1986,7,8,2427,235,1044,BOSTON:1986:8:7,70.5950947708011,43.2438466298886,1036,1024.34688133747,1001.75977130526
1986-08-24,BOSTON,1986,1,8,2428,236,1061,BOSTON:1986:8:1,70.375794219819,94.5907752155672,1068,981.143032376703,989.207555237726
1986-08-25,BOSTON,1986,2,8,2429,237,1047,BOSTON:1986:8:2,70.1514644861836,66.3614219437968,953,917.203267282094,917.281752325398
1986-08-26,BOSTON,1986,3,8,2430,238,1110,BOSTON:1986:8:3,69.9221721114108,87.4484854503052,1232,1191.34862480884,1086.95578462172
1986-08-27,BOSTON,1986,4,8,2431,239,1158,BOSTON:1986:8:4,69.6879851092256,90.3756884830675,1089,1066.41361531907,1129.72771066819
1986-08-28,BOSTON,1986,5,8,2432,240,1141,BOSTON:1986:8:5,69.4489729455148,61.7978929453006,1508,1520.79043956097,1212.03208385807
1986-08-29,BOSTON,1986,6,8,2433,241,1087,BOSTON:1986:8:6,69.2052065178505,35.2445587369367,1094,1094.60270683167,1068.22544577057
1986-08-30,BOSTON,1986,7,8,2434,242,1088,BOSTON:1986:8:7,68.9567581345871,85.9957960029677,1075,1094.61662515198,1037.14496928151
1986-08-31,BOSTON,1986,1,8,2435,243,1017,BOSTON:1986:8:1,68.7037014935406,38.4906640017645,1004,993.952105728863,961.619744740296
1986-09-01,BOSTON,1986,2,9,2436,244,1057,BOSTON:1986:9:2,68.4461116602552,70.6875558148977,1212,1241.44122075257,1067.46667788655
1986-09-02,BOSTON,1986,3,9,2437,245,1074,BOSTON:1986:9:3,68.1840650458645,41.7681940156791,1081,1106.68635981333,1071.4318429631
1986-09-03,BOSTON,1986,4,9,2438,246,1154,BOSTON:1986:9:4,67.9176393845522,80.2215393255868,1096,1097.21492915007,1236.71389549273
1986-09-04,BOSTON,1986,5,9,2439,247,1123,BOSTON:1986:9:5,67.6469137106215,36.5683184546543,929,966.134788007428,1083.46213242501
1986-09-05,BOSTON,1986,6,9,2440,248,1145,BOSTON:1986:9:6,67.3719683351775,88.232625342611,1005,1014.25130564792,1058.21052773041
1986-09-06,BOSTON,1986,7,9,2441,249,1088,BOSTON:1986:9:7,67.0928848224306,78.4752323424057,1015,999.118073115329,1078.37136297643
1986-09-07,BOSTON,1986,1,9,2442,250,1032,BOSTON:1986:9:1,66.8097459656281,48.9066437320878,1191,1148.0974535431,1082.60611242796
1986-09-08,BOSTON,1986,2,9,2443,251,1038,BOSTON:1986:9:2,66.5226357626207,42.7487063673734,967,993.541851165902,1042.0807483528
1986-09-09,BOSTON,1986,3,9,2444,252,1075,BOSTON:1986:9:3,66.2316393910707,35.2916324127265,960,959.183105413987,1054.97020253315
1986-09-10,BOSTON,1986,4,9,2445,253,1115,BOSTON:1986:9:4,65.9368431833108,32.0016267508735,1187,1149.26336861225,1177.9247814946
1986-09-11,BOSTON,1986,5,9,2446,254,1183,BOSTON:1986:9:5,65.6383346008588,88.9731686130617,1298,1308.66352738196,1112.37968520728
1986-09-12,BOSTON,1986,6,9,2447,255,1114,BOSTON:1986:9:6,65.3362022085971,48.6676074542961,986,1000.4212145605,1030.35563756444
1986-09-13,BOSTON,1986,7,9,2448,256,1054,BOSTON:1986:9:7,65.0305356486242,33.9095734786715,1011,969.686845724178,1012.33932123585
1986-09-14,BOSTON,1986,1,9,2449,257,1044,BOSTON:1986:9:1,64.7214256137868,54.0837659131994,1066,1036.90177073113,1048.09286524234
1986-09-15,BOSTON,1986,2,9,2450,258,1070,BOSTON:1986:9:2,64.4089638208974,70.0242524477657,997,1028.78302590855,1050.2092483841
1986-09-16,BOSTON,1986,3,9,2451,259,1130,BOSTON:1986:9:3,64.0932429836507,85.3885222830254,1140,1148.6856189848,1126.78783552276
1986-09-17,BOSTON,1986,4,9,2452,260,1143,BOSTON:1986:9:4,63.7743567852401,52.5929576358856,1353,1314.5242830759,1221.93014483519
1986-09-18,BOSTON,1986,5,9,2453,261,1140,BOSTON:1986:9:5,63.4523998506883,37.8919230125428,1133,1094.57032046372,1067.04119965474
1986-09-19,BOSTON,1986,6,9,2454,262,1155,BOSTON:1986:9:6,63.1274677188961,82.2803721325366,1085,1098.80756571659,1043.87948442055
1986-09-20,BOSTON,1986,7,9,2455,263,1114,BOSTON:1986:9:7,62.7996568144206,89.206306305239,1161,1166.14620820916,1090.57875862044
1986-09-21,BOSTON,1986,1,9,2456,264,1091,BOSTON:1986:9:1,62.4690644189883,96.6268268719483,1156,1110.06981277228,1169.72405207614
1986-09-22,BOSTON,1986,2,9,2457,265,1081,BOSTON:1986:9:2,62.1357886427544,72.9730896027289,1170,1176.87553890045,1119.40472478196
1986-09-23,BOSTON,1986,3,9,2458,266,1099,BOSTON:1986:9:3,61.7999283953144,44.5818396268918,1115,1086.59600331672,1111.3245215101
1986-09-24,BOSTON,1986,4,9,2459,267,1170,BOSTON:1986:9:4,61.4615833564779,71.3634725558689,1254,1226.80383222581,1253.43117817925
1986-09-25,BOSTON,1986,5,9,2460,268,1169,BOSTON:1986:9:5,61.120853946813,57.6637205912625,1010,982.471065655768,1107.11698271209
1986-09-26,BOSTON,1986,6,9,2461,269,1122,BOSTON:1986:9:6,60.7778412979697,39.5651250929241,1073,1081.5912118901,1016.55435028591
1986-09-27,BOSTON,1986,7,9,2462,270,1102,BOSTON:1986:9:7,60.4326472227907,67.8657712001799,1016,1000.93053951814,1021.71055716749
1986-09-28,BOSTON,1986,1,9,2463,271,1097,BOSTON:1986:9:1,60.0853741852209,93.3094566695966,998,955.592745221208,1110.57697025191
1986-09-29,BOSTON,1986,2,9,2464,272,1058,BOSTON:1986:9:2,59.7361252700201,38.678331962902,991,992.18540089284,1057.8386005937
1986-09-30,BOSTON,1986,3,9,2465,273,1118,BOSTON:1986:9:3,59.3850041522919,54.8181323001436,1147,1128.23053501239,1078.48559747249
1986-10-01,BOSTON,1986,4,10,2466,274,1156,BOSTON:1986:10:4,59.032115066836,47.7998264915704,1154,1126.43615584972,1238.8282277233
1986-10-02,BOSTON,1986,5,10,2467,275,1147,BOSTON:1986:10:5,58.6775627773328,26.0581397469228,1197,1177.81017124889,1116.13593906736
1986-10-03,BOSTON,1986,6,10,2468,276,1122,BOSTON:1986:10:6,58.3214525453699,30.2653519733762,1254,1169.20920416673,1081.58888425535
1986-10-04,BOSTON,1986,7,10,2469,277,1097,BOSTON:1986:10:7,57.9638900993204,52.3101883906683,1136,1121.34209381726,1057.36084995517
1986-10-05,BOSTON,1986,1,10,2470,278,1044,BOSTON:1986:10:1,57.6049816030801,25.9186654006855,988,952.132455959973,1053.50416126328
1986-10-06,BOSTON,1986,2,10,2471,279,1054,BOSTON:1986:10:2,57.2448336246748,24.1018830130202,878,871.500265494679,959.902133988688
1986-10-07,BOSTON,1986,3,10,2472,280,1107,BOSTON:1986:10:3,56.8835531047464,34.0293963568203,1075,1017.00830289079,1140.6975921687
1986-10-08,BOSTON,1986,4,10,2473,281,1166,BOSTON:1986:10:4,56.5212473249266,47.9873047279397,1221,1235.64445411233,1223.76903221824
1986-10-09,BOSTON,1986,5,10,2474,282,1193,BOSTON:1986:10:5,56.1580238761082,62.3406187761276,1060,1114.48012692309,1136.46670195505
1986-10-10,BOSTON,1986,6,10,2475,283,1146,BOSTON:1986:10:6,55.7939906266233,44.3440675420402,926,919.991191572607,1093.5677254991
1986-10-11,BOSTON,1986,7,10,2476,284,1109,BOSTON:1986:10:7,55.4292556903375,55.0476357647268,1143,1100.66909306998,1065.06929394654
1986-10-12,BOSTON,1986,1,10,2477,285,1096,BOSTON:1986:10:1,55.0639273946697,72.7267946278268,1069,1073.79235347191,1087.29890898767
1986-10-13,BOSTON,1986,2,10,2478,286,1070,BOSTON:1986:10:2,54.6981142485465,31.5324620880137,963,977.723707292492,973.466527123929
1986-10-14,BOSTON,1986,3,10,2479,287,1160,BOSTON:1986:10:3,54.3319249103025,78.3861394711949,1161,1138.58754483769,1191.36304775228
1986-10-15,BOSTON,1986,4,10,2480,288,1169,BOSTON:1986:10:4,53.9654681555327,41.3866681026627,1256,1288.40701937363,1242.838720261
1986-10-16,BOSTON,1986,5,10,2481,289,1175,BOSTON:1986:10:5,53.5988528449105,34.9709579865464,1266,1281.23647631529,1119.46901153281
1986-10-17,BOSTON,1986,6,10,2482,290,1151,BOSTON:1986:10:6,53.2321878919769,39.9317374966498,1030,1046.92943380375,1084.87555368024
1986-10-18,BOSTON,1986,7,10,2483,291,1136,BOSTON:1986:10:7,52.8655822309138,73.1592796593377,1084,1088.11493696945,1088.19435699351
1986-10-19,BOSTON,1986,1,10,2484,292,1070,BOSTON:1986:10:1,52.4991447843083,35.3146872219101,882,880.659688966791,1074.63467501505
1986-10-20,BOSTON,1986,2,10,2485,293,1126,BOSTON:1986:10:2,52.1329844309197,81.7306312321865,1036,1011.06264515322,1013.60838819006
1986-10-21,BOSTON,1986,3,10,2486,294,1120,BOSTON:1986:10:3,51.7672099734566,27.1519547982982,1361,1322.30943926442,1168.39444689091
1986-10-22,BOSTON,1986,4,10,2487,295,1170,BOSTON:1986:10:4,51.4019301063754,31.5553765576705,1251,1307.98664495106,1224.64923642538
1986-10-23,BOSTON,1986,5,10,2488,296,1211,BOSTON:1986:10:5,51.0372533837095,59.8636802101269,1123,1136.13547140521,1136.8457123608
1986-10-24,BOSTON,1986,6,10,2489,297,1155,BOSTON:1986:10:6,50.6732881869374,33.6682003162986,1068,1027.12904265614,1091.47665134563
1986-10-25,BOSTON,1986,7,10,2490,298,1137,BOSTON:1986:10:7,50.3101426929006,64.8123050325321,933,945.333434344173,1085.37549910906
1986-10-26,BOSTON,1986,1,10,2491,299,1109,BOSTON:1986:10:1,49.9479248417803,66.9162901231349,1367,1309.39169012169,1090.56225473592
1986-10-27,BOSTON,1986,2,10,2492,300,1090,BOSTON:1986:10:2,49.586742305142,32.9516898504842,1045,1049.81889013837,975.022950696156
1986-10-28,BOSTON,1986,3,10,2493,301,1156,BOSTON:1986:10:3,49.2267024540585,54.3100890075099,1060,1035.19419784221,1156.54491318595
1986-10-29,BOSTON,1986,4,10,2494,302,1228,BOSTON:1986:10:4,48.8679123273196,77.9633162728587,1314,1316.46927501014,1265.91478337397
1986-10-30,BOSTON,1986,5,10,2495,303,1225,BOSTON:1986:10:5,48.5104785997386,63.0998821228708,1019,1057.11591318454,1156.08263508603
1986-10-31,BOSTON,1986,6,10,2496,304,1204,BOSTON:1986:10:6,48.1545075505647,72.2593625017117,1206,1255.07357695864,1132.49118522193
1986-11-01,BOSTON,1986,7,11,2497,305,1159,BOSTON:1986:11:7,47.8001050320109,77.196074022877,1336,1310.70758353001,1164.69413160754
1986-11-02,BOSTON,1986,1,11,2498,306,1087,BOSTON:1986:11:1,47.4473764379059,33.0718036489112,1028,1035.77494743942,1116.10278546043
1986-11-03,BOSTON,1986,2,11,2499,307,1122,BOSTON:1986:11:2,47.096426672481,57.642113169834,1294,1255.38545381363,1162.97531353745
1986-11-04,BOSTON,1986,3,11,2500,308,1134,BOSTON:1986:11:3,46.7473601192994,21.6709934400221,1186,1161.42813349224,1154.05131233748
1986-11-05,BOSTON,1986,4,11,2501,309,1231,BOSTON:1986:11:4,46.4002806103382,71.1474983456138,1101,1107.49139379641,1291.10025602219
1986-11-06,BOSTON,1986,5,11,2502,310,1229,BOSTON:1986:11:5,46.0552913952318,57.6757545211051,1210,1247.11724619234,1112.44675689027
1986-11-07,BOSTON,1986,6,11,2503,311,1203,BOSTON:1986:11:6,45.7124951106859,62.0453626636779,1114,1073.1624353319,1217.10921600236
1986-11-08,BOSTON,1986,7,11,2504,312,1125,BOSTON:1986:11:7,45.3719937500718,32.4038182014774,993,1017.84076722218,1109.28988280221
1986-11-09,BOSTON,1986,1,11,2505,313,1118,BOSTON:1986:11:1,45.033888633208,56.774144445391,1218,1151.41197835745,1100.5059856869
1986-11-10,BOSTON,1986,2,11,2506,314,1117,BOSTON:1986:11:2,44.6982803763415,42.1703501822951,1029,1007.5587440558,1138.64303561143
1986-11-11,BOSTON,1986,3,11,2507,315,1176,BOSTON:1986:11:3,44.3652688623338,54.8850740520216,1117,1106.20011903773,1159.75779645129
1986-11-12,BOSTON,1986,4,11,2508,316,1233,BOSTON:1986:11:4,44.0349532110637,64.0392177813707,1315,1291.96446726865,1273.51502132445
1986-11-13,BOSTON,1986,5,11,2509,317,1254,BOSTON:1986:11:5,43.7074317500529,71.8267258043935,1044,1061.41042963547,1111.99306694554
1986-11-14,BOSTON,1986,6,11,2510,318,1196,BOSTON:1986:11:6,43.3828019853263,45.3013303563512,1289,1336.11764524701,1199.72608915663
1986-11-15,BOSTON,1986,7,11,2511,319,1121,BOSTON:1986:11:7,43.0611605725112,19.1287939592126,1351,1311.93138751862,1093.17492129007
1986-11-16,BOSTON,1986,1,11,2512,320,1098,BOSTON:1986:11:1,42.7426032881899,26.6159160059592,1102,1112.28251056771,1078.62190286113
1986-11-17,BOSTON,1986,2,11,2513,321,1101,BOSTON:1986:11:2,42.4272250015079,16.8450400120369,1081,1094.9107129994,1126.3412803561
1986-11-18,BOSTON,1986,3,11,2514,322,1154,BOSTON:1986:11:3,42.1151196460505,23.7441485181716,1064,1045.14234305134,1152.32488652119
1986-11-19,BOSTON,1986,4,11,2515,323,1235,BOSTON:1986:11:4,41.8063801919949,57.4203437377606,1244,1233.78376966163,1277.87063508134
1986-11-20,BOSTON,1986,5,11,2516,324,1241,BOSTON:1986:11:5,41.5010986185451,50.3998788759862,1054,1123.23031157375,1102.67367157148
1986-11-21,BOSTON,1986,6,11,2517,325,1197,BOSTON:1986:11:6,41.1993658866589,37.8648803753634,1169,1167.60263761179,1192.65968351911
1986-11-22,BOSTON,1986,7,11,2518,326,1160,BOSTON:1986:11:7,40.9012719120749,50.3027600602166,1020,1024.0962609096,1107.17188661683
1986-11-23,BOSTON,1986,1,11,2519,327,1121,BOSTON:1986:11:1,40.6069055386476,42.6716871071264,1112,1140.74683629183,1086.24490194844
1986-11-24,BOSTON,1986,2,11,2520,328,1120,BOSTON:1986:11:2,40.316354511997,28.4238015145457,1145,1126.1686358543,1121.04037049501
1986-11-25,BOSTON,1986,3,11,2521,329,1198,BOSTON:1986:11:3,40.0297054534832,58.98132070229,1257,1276.02028274796,1157.86600469083
1986-11-26,BOSTON,1986,4,11,2522,330,1236,BOSTON:1986:11:4,39.7470438345119,49.1962856454558,1441,1418.1400881637,1258.51408756827
1986-11-27,BOSTON,1986,5,11,2523,331,1258,BOSTON:1986:11:5,39.4684539511775,58.6739118313392,1110,1112.35466896231,1090.88650459123
1986-11-28,BOSTON,1986,6,11,2524,332,1184,BOSTON:1986:11:6,39.194018899255,16.7134603744154,1211,1235.92765822839,1173.50501132016
1986-11-29,BOSTON,1986,7,11,2525,333,1149,BOSTON:1986:11:7,38.9238205495438,31.6719797150379,865,943.930884945113,1090.66917768355
1986-11-30,BOSTON,1986,1,11,2526,334,1157,BOSTON:1986:11:1,38.6579395235732,71.0480501303665,1040,1054.34706939516,1118.52442404403
1986-12-01,BOSTON,1986,2,12,2527,335,1129,BOSTON:1986:12:2,38.3964551696768,29.8084085169462,1123,1183.03845220341,1069.16314087191
1986-12-02,BOSTON,1986,3,12,2528,336,1155,BOSTON:1986:12:3,38.1394455394414,8.56829202488856,1070,1029.70313491249,1125.73408505742
1986-12-03,BOSTON,1986,4,12,2529,337,1234,BOSTON:1986:12:4,37.8869873645393,39.9404449981315,1204,1223.11683179435,1133.00077018896
1986-12-04,BOSTON,1986,5,12,2530,338,1278,BOSTON:1986:12:5,37.6391560339494,69.1198355902111,1172,1120.64442537574,1216.41440404107
1986-12-05,BOSTON,1986,6,12,2531,339,1239,BOSTON:1986:12:6,37.3960255715744,62.3239393579521,1159,1146.28657920298,1134.78312199884
1986-12-06,BOSTON,1986,7,12,2532,340,1165,BOSTON:1986:12:7,37.157668614261,40.6181986825207,1051,1109.55699848086,1126.80433094786
1986-12-07,BOSTON,1986,1,12,2533,341,1142,BOSTON:1986:12:1,36.9241563902294,48.4709043098671,1009,1023.78339855723,1120.93265045702
1986-12-08,BOSTON,1986,2,12,2534,342,1143,BOSTON:1986:12:2,36.6955586979177,36.7269282592472,898,888.421874789413,1048.49134130385
1986-12-09,BOSTON,1986,3,12,2535,343,1221,BOSTON:1986:12:3,36.4719438852495,66.1569951448343,1153,1185.16508638761,1145.86407682924
1986-12-10,BOSTON,1986,4,12,2536,344,1207,BOSTON:1986:12:4,36.2533788293284,7.68833557643563,1182,1204.80810651188,1122.23170343262
1986-12-11,BOSTON,1986,5,12,2537,345,1249,BOSTON:1986:12:5,36.0399289165677,35.8266639399396,1162,1203.56335286595,1171.38041657229
1986-12-12,BOSTON,1986,6,12,2538,346,1239,BOSTON:1986:12:6,35.8316580232593,55.5873446053254,1060,1122.22709532392,1103.78407843345
1986-12-13,BOSTON,1986,7,12,2539,347,1193,BOSTON:1986:12:7,35.628628496589,61.5179096870551,1217,1244.98030099315,1138.48522707145
1986-12-14,BOSTON,1986,1,12,2540,348,1163,BOSTON:1986:12:1,35.4309011361029,63.539564187492,1269,1238.42703786722,1151.62214814051
1986-12-15,BOSTON,1986,2,12,2541,349,1169,BOSTON:1986:12:2,35.238535175631,57.035309327366,887,880.980519556192,1078.17044682569
1986-12-16,BOSTON,1986,3,12,2542,350,1170,BOSTON:1986:12:3,35.0515882656728,10.812662181892,1227,1249.59947388352,1117.57328731391
1986-12-17,BOSTON,1986,4,12,2543,351,1259,BOSTON:1986:12:4,34.8701164562514,50.9532274043446,975,1003.15526997474,1130.87291605164
1986-12-18,BOSTON,1986,5,12,2544,352,1274,BOSTON:1986:12:5,34.6941741802389,52.8593794991853,1195,1169.25200779589,1191.05601866124
1986-12-19,BOSTON,1986,6,12,2545,353,1234,BOSTON:1986:12:6,34.5238142371605,45.7811783560979,1008,1045.45925938811,1099.63356515519
1986-12-20,BOSTON,1986,7,12,2546,354,1200,BOSTON:1986:12:7,34.359087777481,62.9215438139332,1037,1068.91612586016,1128.49643774886
1986-12-21,BOSTON,1986,1,12,2547,355,1132,BOSTON:1986:12:1,34.2000442873778,26.4849149403254,1245,1225.74123845907,1110.67258211868
1986-12-22,BOSTON,1986,2,12,2548,356,1183,BOSTON:1986:12:2,34.0467315740058,66.0352157116974,1179,1184.16687896785,1070.45328655318
1986-12-23,BOSTON,1986,3,12,2549,357,1196,BOSTON:1986:12:3,33.8991957512594,30.8602416031904,1218,1192.03222299708,1130.42403070471
1986-12-24,BOSTON,1986,4,12,2550,358,1224,BOSTON:1986:12:4,33.7574812260329,12.4080828440248,909,948.065916959089,1117.91217748137
1986-12-25,BOSTON,1986,5,12,2551,359,1265,BOSTON:1986:12:5,33.621630684987,39.9719769973795,1226,1227.15813141113,1176.14916072524
1986-12-26,BOSTON,1986,6,12,2552,360,1201,BOSTON:1986:12:6,33.4916850818227,9.36959361991834,1194,1222.81801994899,1082.79923441087
1986-12-27,BOSTON,1986,7,12,2553,361,1176,BOSTON:1986:12:7,33.3676836250676,34.7324091435736,1202,1220.87527786158,1113.21400422997
1986-12-28,BOSTON,1986,1,12,2554,362,1137,BOSTON:1986:12:1,33.2496637663779,27.1484421309058,980,982.265413415537,1119.77261928296
1986-12-29,BOSTON,1986,2,12,2555,363,1178,BOSTON:1986:12:2,33.1376611893599,56.042847706524,1256,1232.22584744863,1076.72178444657
1986-12-30,BOSTON,1986,3,12,2556,364,1207,BOSTON:1986:12:3,33.031709798914,37.4484214133812,991,993.989000871059,1139.40452009092
1986-12-31,BOSTON,1986,4,12,2557,365,1246,BOSTON:1986:12:4,32.9318417111041,29.8851254410671,1360,1404.53617185577,1125.98243284366
1987-01-01,BOSTON,1987,5,1,2558,1,1239,BOSTON:1987:1:5,32.8380872435562,11.3024910130232,1122,1084.17647383448,1183.1261937234
1987-01-02,BOSTON,1987,6,1,2559,2,1228,BOSTON:1987:1:6,32.750474906389,30.7867533437464,1301,1256.25204823229,1163.4780682617
1987-01-03,BOSTON,1987,7,1,2560,3,1159,BOSTON:1987:1:7,32.6690313936778,13.9440485015147,1142,1137.80027693925,1131.04882631429
1987-01-04,BOSTON,1987,1,1,2561,4,1133,BOSTON:1987:1:1,32.5937815754567,19.57936132782,1020,972.403114983262,1081.11298436343
1987-01-05,BOSTON,1987,2,1,2562,5,1183,BOSTON:1987:1:2,32.5247484902592,58.2043916607016,1288,1269.02423620865,1197.56749406444
1987-01-06,BOSTON,1987,3,1,2563,6,1201,BOSTON:1987:1:3,32.4619533382004,28.611064833088,1169,1152.17684624382,1203.53859528366
1987-01-07,BOSTON,1987,4,1,2564,7,1247,BOSTON:1987:1:4,32.4054154746037,27.7804047979217,1321,1287.89924264507,1292.80524729853
1987-01-08,BOSTON,1987,5,1,2565,8,1262,BOSTON:1987:1:5,32.355152404172,30.4363180843682,1201,1226.00183070065,1198.91686357203
1987-01-09,BOSTON,1987,6,1,2566,9,1257,BOSTON:1987:1:6,32.311179775707,55.6492996406365,1242,1297.96591518971,1184.33106184554
1987-01-10,BOSTON,1987,7,1,2567,10,1146,BOSTON:1987:1:7,32.2735113773769,0,1131,1095.42660511341,1130.19998366773
1987-01-11,BOSTON,1987,1,1,2568,11,1134,BOSTON:1987:1:1,32.2421591325349,18.8812223441584,1202,1213.84248487459,1075.45868150981
1987-01-12,BOSTON,1987,2,1,2569,12,1131,BOSTON:1987:1:2,32.217133096089,3.24784110034386,1061,1054.20652483807,1165.11837477135
1987-01-13,BOSTON,1987,3,1,2570,13,1230,BOSTON:1987:1:3,32.1984414514248,54.8089379645046,1308,1250.35376593534,1220.06554232281
1987-01-14,BOSTON,1987,4,1,2571,14,1252,BOSTON:1987:1:4,32.1860905078814,30.1635954709367,1231,1251.37341346391,1323.59350109605
1987-01-15,BOSTON,1987,5,1,2572,15,1268,BOSTON:1987:1:5,32.1800846987826,34.4435994917949,1303,1325.61185555467,1222.30953170633
1987-01-16,BOSTON,1987,6,1,2573,16,1226,BOSTON:1987:1:6,32.1804265800222,24.8581066174723,1131,1098.19527652861,1173.2804885355
1987-01-17,BOSTON,1987,7,1,2574,17,1178,BOSTON:1987:1:7,32.1871168292058,28.9977186927502,1167,1138.66629608531,1130.91967620095
1987-01-18,BOSTON,1987,1,1,2575,18,1122,BOSTON:1987:1:1,32.2001542453474,5.24322054114258,1003,1006.35824682402,1067.33315830635
1987-01-19,BOSTON,1987,2,1,2576,19,1128,BOSTON:1987:1:2,32.2195357491227,0,1174,1188.36553886638,1158.49819151164
1987-01-20,BOSTON,1987,3,1,2577,20,1174,BOSTON:1987:1:3,32.2452563836778,0,1068,1070.95127337337,1190.88110431536
1987-01-21,BOSTON,1987,4,1,2578,21,1223,BOSTON:1987:1:4,32.2773093159935,2.70366348909868,1433,1427.30140123709,1313.49908304493
1987-01-22,BOSTON,1987,5,1,2579,22,1256,BOSTON:1987:1:5,32.3156858388054,22.622862513056,1320,1333.05934405981,1242.42568435239
1987-01-23,BOSTON,1987,6,1,2580,23,1253,BOSTON:1987:1:6,32.3603753730784,50.6589861269239,1187,1223.08118191993,1230.82047496319
1987-01-24,BOSTON,1987,7,1,2581,24,1199,BOSTON:1987:1:7,32.4113654710349,49.4410803929899,1326,1309.58941384218,1184.35399015089
1987-01-25,BOSTON,1987,1,1,2582,25,1121,BOSTON:1987:1:1,32.4686418197367,4.30709606299811,1088,1075.0297122683,1089.09517581989
1987-01-26,BOSTON,1987,2,1,2583,26,1193,BOSTON:1987:1:2,32.5321882452191,64.8655674700931,1194,1215.41498338416,1195.81593964943
1987-01-27,BOSTON,1987,3,1,2584,27,1182,BOSTON:1987:1:3,32.6019867171751,7.62629671136233,1261,1199.44615440502,1191.5147580796
1987-01-28,BOSTON,1987,4,1,2585,28,1254,BOSTON:1987:1:4,32.6780173541906,31.6043392369452,1244,1254.79340028932,1299.1021685635
1987-01-29,BOSTON,1987,5,1,2586,29,1271,BOSTON:1987:1:5,32.7602584295263,37.3040277425488,1118,1146.39153863314,1217.22172664533
1987-01-30,BOSTON,1987,6,1,2587,30,1266,BOSTON:1987:1:6,32.8486863774465,63.1100777112166,1100,1072.58515896574,1209.08990639098
1987-01-31,BOSTON,1987,7,1,2588,31,1204,BOSTON:1987:1:7,32.9432758000932,55.345009748011,978,969.046311394326,1167.4775236636
1987-02-01,BOSTON,1987,1,2,2589,32,1151,BOSTON:1987:2:1,33.0439994749011,35.3598122447127,1051,1044.9042898752,1079.87651731706
1987-02-02,BOSTON,1987,2,2,2590,33,1152,BOSTON:1987:2:2,33.1508283625547,25.0636569882002,1102,1165.69793147999,1040.05795535302
1987-02-03,BOSTON,1987,3,2,2591,34,1210,BOSTON:1987:2:3,33.2637316154827,36.4829134711576,1145,1113.78076215847,1067.63187543789
1987-02-04,BOSTON,1987,4,2,2592,35,1276,BOSTON:1987:2:4,33.3826765868873,54.1536320265443,1065,1065.79367860738,1176.16098207823
1987-02-05,BOSTON,1987,5,2,2593,36,1275,BOSTON:1987:2:5,33.5076288403077,42.4216641941173,1529,1487.32403632262,1309.83922435209
1987-02-06,BOSTON,1987,6,2,2594,37,1204,BOSTON:1987:2:6,33.6385521597129,5.91554220550626,1230,1225.71610289313,1175.01782475634
1987-02-07,BOSTON,1987,7,2,2595,38,1158,BOSTON:1987:2:7,33.775408560122,12.2148842352355,1312,1343.16195579914,1149.31508988926
1987-02-08,BOSTON,1987,1,2,2596,39,1171,BOSTON:1987:2:1,33.9181582987484,57.8658886518505,1184,1261.99792480079,1093.1405195884
1987-02-09,BOSTON,1987,2,2,2597,40,1157,BOSTON:1987:2:2,34.0667598866647,32.6231227591423,1024,1038.09673404291,1072.22704287318
1987-02-10,BOSTON,1987,3,2,2598,41,1226,BOSTON:1987:2:3,34.2211701009854,53.6294112621307,1059,1122.49592869566,1104.91178929382
1987-02-11,BOSTON,1987,4,2,2599,42,1276,BOSTON:1987:2:4,34.3813439975628,56.6538834460215,1079,1054.9874305109,1195.24638151341
1987-02-12,BOSTON,1987,5,2,2600,43,1248,BOSTON:1987:2:5,34.5472349241933,20.3326107181235,1262,1277.07195548763,1298.80577008852
1987-02-13,BOSTON,1987,6,2,2601,44,1211,BOSTON:1987:2:6,34.7187945343301,15.5884902857922,1386,1351.76418722192,1172.30213163448
1987-02-14,BOSTON,1987,7,2,2602,45,1187,BOSTON:1987:2:7,34.8959728012972,43.3210253235132,1019,1025.90820490957,1163.42755143553
1987-02-15,BOSTON,1987,1,2,2603,46,1137,BOSTON:1987:2:1,35.0787180330026,26.2500081298295,961,955.194560217631,1074.63833629372
1987-02-16,BOSTON,1987,2,2,2604,47,1184,BOSTON:1987:2:2,35.266976887144,62.285046155814,1209,1229.80634069737,1078.6353018118
1987-02-17,BOSTON,1987,3,2,2605,48,1176,BOSTON:1987:2:3,35.4606943869042,9.24790693102504,1027,967.974789725084,1082.85760636768
1987-02-18,BOSTON,1987,4,2,2606,49,1224,BOSTON:1987:2:4,35.6598139371311,11.7195752871742,1469,1424.99858282929,1162.6121577821
1987-02-19,BOSTON,1987,5,2,2607,50,1271,BOSTON:1987:2:5,35.8642773409974,45.5566541464668,1311,1285.64999398258,1318.06673842202
1987-02-20,BOSTON,1987,6,2,2608,51,1205,BOSTON:1987:2:6,36.074024817135,14.1031641477456,934,974.238660298147,1198.38713961446
1987-02-21,BOSTON,1987,7,2,2609,52,1187,BOSTON:1987:2:7,36.2889950172397,47.80460259266,1152,1175.61453761713,1187.83541034485
1987-02-22,BOSTON,1987,1,2,2610,53,1143,BOSTON:1987:2:1,36.5091250441399,37.350934862661,1140,1101.74503466872,1088.34462680126
1987-02-23,BOSTON,1987,2,2,2611,54,1170,BOSTON:1987:2:2,36.734350470325,53.6477393051256,924,866.77769308639,1068.07969996156
1987-02-24,BOSTON,1987,3,2,2612,55,1188,BOSTON:1987:2:3,36.9646053569282,25.5205174320268,1100,1117.33517203876,1075.59872889894
1987-02-25,BOSTON,1987,4,2,2613,56,1218,BOSTON:1987:2:4,37.1998222731563,9.98861374338589,1073,1092.77846921372,1151.98047862535
1987-02-26,BOSTON,1987,5,2,2614,57,1250,BOSTON:1987:2:5,37.4399323161631,30.6002060189783,1119,1083.48556779872,1294.28826713704
1987-02-27,BOSTON,1987,6,2,2615,58,1228,BOSTON:1987:2:6,37.6848651313598,40.6737769496071,1192,1190.87619845099,1196.29290399598
1987-02-28,BOSTON,1987,7,2,2616,59,1189,BOSTON:1987:2:7,37.9345489331544,54.7528390368469,1206,1226.59268272953,1188.42194833175
1987-03-01,BOSTON,1987,1,3,2617,60,1117,BOSTON:1987:3:1,38.1889105261176,15.2688161934599,1223,1264.42129320205,1055.92690616272
1987-03-02,BOSTON,1987,2,3,2618,61,1156,BOSTON:1987:3:2,38.4478753265662,44.501855207674,819,843.701472013189,1010.89054325066
1987-03-03,BOSTON,1987,3,3,2619,62,1196,BOSTON:1987:3:3,38.7113673845583,38.7006253423447,1221,1215.38967587254,1131.23406159635
1987-03-04,BOSTON,1987,4,3,2620,63,1275,BOSTON:1987:3:4,38.9793094062944,69.5244090866064,1137,1101.39585538008,1146.27811279124
1987-03-05,BOSTON,1987,5,3,2621,64,1285,BOSTON:1987:3:5,39.2516227769177,67.9728404948931,1417,1380.4015920094,1313.87853928453
1987-03-06,BOSTON,1987,6,3,2622,65,1195,BOSTON:1987:3:6,39.5282275837052,15.231690230048,1201,1189.27515692192,1219.36176970309
1987-03-07,BOSTON,1987,7,3,2623,66,1155,BOSTON:1987:3:7,39.8090426396462,26.319868004031,1252,1277.04098149018,1113.44757949332
1987-03-08,BOSTON,1987,1,3,2624,67,1149,BOSTON:1987:3:1,40.0939855073973,53.9745772910699,955,946.39967991029,1066.42484106986
1987-03-09,BOSTON,1987,2,3,2625,68,1164,BOSTON:1987:3:2,40.3829725236098,58.8080394114765,1159,1166.61121191966,1035.64939267441
1987-03-10,BOSTON,1987,3,3,2626,69,1193,BOSTON:1987:3:3,40.6759188236208,41.3667946500243,1192,1165.95056152355,1147.88528036296
1987-03-11,BOSTON,1987,4,3,2627,70,1218,BOSTON:1987:3:4,40.9727383665017,21.843640408872,1284,1283.87894703899,1108.04783576862
1987-03-12,BOSTON,1987,5,3,2628,71,1224,BOSTON:1987:3:5,41.2733439604549,17.8836436445622,1171,1134.0226011258,1243.98887968427
1987-03-13,BOSTON,1987,6,3,2629,72,1202,BOSTON:1987:3:6,41.5776472885541,28.7072478325485,1309,1275.21995421152,1201.67926800574
1987-03-14,BOSTON,1987,7,3,2630,73,1132,BOSTON:1987:3:7,41.8855589348174,10.0314349773623,1002,1031.33596529739,1113.83114206891
1987-03-15,BOSTON,1987,1,3,2631,74,1142,BOSTON:1987:3:1,42.1969884106086,54.0667773488106,997,1042.91032512116,1074.32607948422
1987-03-16,BOSTON,1987,2,3,2632,75,1158,BOSTON:1987:3:2,42.5118441813556,59.7512463111361,1035,1110.31693170661,1042.48469576027
1987-03-17,BOSTON,1987,3,3,2633,76,1169,BOSTON:1987:3:3,42.8300336935817,25.2273690701722,1022,1003.24846249884,1144.90752215778
1987-03-18,BOSTON,1987,4,3,2634,77,1230,BOSTON:1987:3:4,43.1514634022383,40.8381889544321,1044,1116.47982391886,1120.19845998288
1987-03-19,BOSTON,1987,5,3,2635,78,1210,BOSTON:1987:3:5,43.4760387983332,11.5761516705314,1300,1289.48412576337,1251.19037097051
1987-03-20,BOSTON,1987,6,3,2636,79,1182,BOSTON:1987:3:6,43.8036644368459,15.682277456208,1305,1326.80265851626,1199.06565514975
1987-03-21,BOSTON,1987,7,3,2637,80,1186,BOSTON:1987:3:7,44.1342439649207,71.9308606612076,1283,1273.91145803434,1160.87875791141
1987-03-22,BOSTON,1987,1,3,2638,81,1133,BOSTON:1987:3:1,44.4676801503307,52.5280739657252,1014,1043.42832926075,1094.55051939114
1987-03-23,BOSTON,1987,2,3,2639,82,1146,BOSTON:1987:3:2,44.8038749102035,54.6535749229135,1116,1134.73534436977,1040.25655139019
1987-03-24,BOSTON,1987,3,3,2640,83,1179,BOSTON:1987:3:3,45.1427293399996,42.4128778086691,1127,1138.96164542314,1145.82162722927
1987-03-25,BOSTON,1987,4,3,2641,84,1211,BOSTON:1987:3:4,45.4841437427358,30.0653454478861,1018,1013.38192861721,1108.47559145576
1987-03-26,BOSTON,1987,5,3,2642,85,1271,BOSTON:1987:3:5,45.8280176584453,76.9745348797956,1224,1246.14893587209,1302.94221005849
1987-03-27,BOSTON,1987,6,3,2643,86,1171,BOSTON:1987:3:6,46.1742498938644,12.7892706057706,1024,1033.0174239908,1218.8933071407
1987-03-28,BOSTON,1987,7,3,2644,87,1131,BOSTON:1987:3:7,46.522738552338,23.9346293831826,971,975.724222509746,1119.84252052422
1987-03-29,BOSTON,1987,1,3,2645,88,1152,BOSTON:1987:3:1,46.8733810639352,79.8733499721967,1210,1206.50536003027,1107.77165388981
1987-03-30,BOSTON,1987,2,3,2646,89,1151,BOSTON:1987:3:2,47.2260742157661,68.2077171619014,1073,1049.28473996621,1072.71881692454
1987-03-31,BOSTON,1987,3,3,2647,90,1211,BOSTON:1987:3:3,47.5807141824888,82.5562851699332,1239,1183.83319407558,1231.15150865137
1987-04-01,BOSTON,1987,4,4,2648,91,1203,BOSTON:1987:4:4,47.9371965570016,31.1892382461218,1075,1074.7089462756,1187.55079788211
1987-04-02,BOSTON,1987,5,4,2649,92,1237,BOSTON:1987:4:5,48.2954163813072,54.0482024672481,1254,1211.99246272393,1146.6057354109
1987-04-03,BOSTON,1987,6,4,2650,93,1168,BOSTON:1987:4:6,48.6552681775429,18.7158598030582,1187,1185.77488382835,1146.55970218701
1987-04-04,BOSTON,1987,7,4,2651,94,1168,BOSTON:1987:4:7,49.0166459791653,70.1765050017566,1166,1184.17370704659,1050.85501919396
1987-04-05,BOSTON,1987,1,4,2652,95,1140,BOSTON:1987:4:1,49.3794433622827,76.0190189177376,1033,993.221357845412,1078.66420866666
1987-04-06,BOSTON,1987,2,4,2653,96,1151,BOSTON:1987:4:2,49.7435534771223,77.0176212142844,1232,1276.94982638117,1118.85497119663
1987-04-07,BOSTON,1987,3,4,2654,97,1136,BOSTON:1987:4:3,50.1088690796274,15.9017595594155,1319,1291.60509682619,1191.1263924141
1987-04-08,BOSTON,1987,4,4,2655,98,1196,BOSTON:1987:4:4,50.4752825631719,32.3733221961144,1213,1209.82954467645,1155.26333851741
1987-04-09,BOSTON,1987,5,4,2656,99,1233,BOSTON:1987:4:5,50.8426859903839,58.3515088212435,1176,1209.52823036209,1146.19409301691
1987-04-10,BOSTON,1987,6,4,2657,100,1182,BOSTON:1987:4:6,51.2109711250692,41.6014106708049,1163,1138.5203209844,1161.85546069646
1987-04-11,BOSTON,1987,7,4,2658,101,1155,BOSTON:1987:4:7,51.5800294642247,66.2246356195681,1159,1131.07011379698,1049.86616924483
1987-04-12,BOSTON,1987,1,4,2659,102,1078,BOSTON:1987:4:1,51.9497522701327,19.8948595150191,1076,1067.21030714896,1018.16458099197
1987-04-13,BOSTON,1987,2,4,2660,103,1129,BOSTON:1987:4:2,52.3200306025257,63.3220027558429,1081,1090.75909644523,1064.7772455135
1987-04-14,BOSTON,1987,3,4,2661,104,1144,BOSTON:1987:4:3,52.6907553508146,33.8390162920779,1119,1160.88547785981,1169.41498218376
1987-04-15,BOSTON,1987,4,4,2662,105,1191,BOSTON:1987:4:4,53.0618172663668,37.170233350567,1081,1092.01057664201,1145.91031080187
1987-04-16,BOSTON,1987,5,4,2663,106,1235,BOSTON:1987:4:5,53.4331069948289,69.7545714365456,1304,1319.54425005626,1149.73954235704
1987-04-17,BOSTON,1987,6,4,2664,107,1163,BOSTON:1987:4:6,53.8045151084815,31.2824491686341,1117,1103.20340814055,1148.50029385521
1987-04-18,BOSTON,1987,7,4,2665,108,1127,BOSTON:1987:4:7,54.1759321386169,46.1703309429984,924,895.413952278883,1022.7551204239
1987-04-19,BOSTON,1987,1,4,2666,109,1114,BOSTON:1987:4:1,54.5472486079323,67.4520678557108,1080,1049.91414082568,1040.19309219059
1987-04-20,BOSTON,1987,2,4,2667,110,1107,BOSTON:1987:4:2,54.9183550629256,48.9817283943718,1070,1099.26162949531,1064.33964903714
1987-04-21,BOSTON,1987,3,4,2668,111,1160,BOSTON:1987:4:3,55.2891421062875,58.240470825788,1271,1245.27289776079,1182.20560084301
1987-04-22,BOSTON,1987,4,4,2669,112,1198,BOSTON:1987:4:4,55.659500429277,52.5227920444316,1156,1140.95903949773,1154.21694576993
1987-04-23,BOSTON,1987,5,4,2670,113,1184,BOSTON:1987:4:5,56.0293208440747,29.92383152535,884,921.111660900614,1110.10798897258
1987-04-24,BOSTON,1987,6,4,2671,114,1146,BOSTON:1987:4:6,56.3984943160993,23.581391540656,1113,1083.11594423218,1123.08454326402
1987-04-25,BOSTON,1987,7,4,2672,115,1106,BOSTON:1987:4:7,56.7669119962832,33.3626362655653,881,924.163594182599,1006.52369113728
1987-04-26,BOSTON,1987,1,4,2673,116,1116,BOSTON:1987:4:1,57.134465253293,78.056115069739,1004,968.027279123171,1055.97811815357
1987-04-27,BOSTON,1987,2,4,2674,117,1083,BOSTON:1987:4:2,57.5010457056886,32.4682083241022,936,934.527222677796,1071.02813425401
1987-04-28,BOSTON,1987,3,4,2675,118,1121,BOSTON:1987:4:3,57.8665452540092,28.0774041797206,1002,990.289963089062,1168.25302456009
1987-04-29,BOSTON,1987,4,4,2676,119,1161,BOSTON:1987:4:4,58.2308561127785,25.231036642209,1258,1242.88054289827,1140.05860703092
1987-04-30,BOSTON,1987,5,4,2677,120,1198,BOSTON:1987:4:5,58.5938708424176,52.8113040687124,1065,1048.00911933112,1130.3526402503
1987-05-01,BOSTON,1987,6,5,2678,121,1197,BOSTON:1987:5:6,58.9554823810582,83.7374450072062,1071,1107.20680955977,1190.73728010352
1987-05-02,BOSTON,1987,7,5,2679,122,1110,BOSTON:1987:5:7,59.3155840762457,47.4498099090098,1103,1088.00529593743,1008.06567328897
1987-05-03,BOSTON,1987,1,5,2680,123,1086,BOSTON:1987:5:1,59.6740697165222,55.7846258142234,1140,1141.84189001927,968.337063872422
1987-05-04,BOSTON,1987,2,5,2681,124,1094,BOSTON:1987:5:2,60.0308335628815,53.9746600818343,963,980.358362528624,959.483076715336
1987-05-05,BOSTON,1987,3,5,2682,125,1134,BOSTON:1987:5:3,60.3857703800856,50.0083252662404,927,992.640539655716,974.491729796925
1987-05-06,BOSTON,1987,4,5,2683,126,1218,BOSTON:1987:5:4,60.7387754678337,90.6882950322313,1137,1124.54832413767,1083.59624654356
1987-05-07,BOSTON,1987,5,5,2684,127,1229,BOSTON:1987:5:5,61.0897446917751,91.1935636359648,1076,1086.93832258198,1188.13851900917
1987-05-08,BOSTON,1987,6,5,2685,128,1150,BOSTON:1987:5:6,61.4385745143555,46.0569957066365,1233,1250.00026370307,1184.52618014186
1987-05-09,BOSTON,1987,7,5,2686,129,1131,BOSTON:1987:5:7,61.7851620254897,77.8368584945657,894,909.128168822491,1039.01184335684
1987-05-10,BOSTON,1987,1,5,2687,130,1065,BOSTON:1987:5:1,62.1294049730485,42.3043479442557,973,997.997359765103,983.339995746243
1987-05-11,BOSTON,1987,2,5,2688,131,1123,BOSTON:1987:5:2,62.4712017931546,93.2885462100188,955,976.253044639561,1035.60237144785
1987-05-12,BOSTON,1987,3,5,2689,132,1108,BOSTON:1987:5:3,62.8104516402742,32.3113797632901,911,898.632696527523,1012.16168289848
1987-05-13,BOSTON,1987,4,5,2690,133,1216,BOSTON:1987:5:4,63.1470544171,97.3538783938104,1208,1230.56473143517,1116.0388398838
1987-05-14,BOSTON,1987,5,5,2691,134,1171,BOSTON:1987:5:5,63.4809108042123,43.1955044214578,1368,1365.3223737384,1155.53015869117
1987-05-15,BOSTON,1987,6,5,2692,135,1147,BOSTON:1987:5:6,63.8119222895134,51.1091926084723,1336,1332.48485956044,1169.26191495778
1987-05-16,BOSTON,1987,7,5,2693,136,1085,BOSTON:1987:5:7,64.1399911974231,37.6638832498947,1012,997.475050190151,998.760069451562
1987-05-17,BOSTON,1987,1,5,2694,137,1083,BOSTON:1987:5:1,64.4650207178295,70.3600179471634,1018,975.127240536795,977.613929027373
1987-05-18,BOSTON,1987,2,5,2695,138,1098,BOSTON:1987:5:2,64.7869149347842,75.8709537409321,1018,1007.35732638124,1000.9966683195
1987-05-19,BOSTON,1987,3,5,2696,139,1166,BOSTON:1987:5:3,65.1055788549354,99.837130787572,1277,1247.24951027611,1063.93693589857
1987-05-20,BOSTON,1987,4,5,2697,140,1153,BOSTON:1987:5:4,65.4209184356887,44.0056481178771,864,886.701468542327,1077.8198405973
1987-05-21,BOSTON,1987,5,5,2698,141,1208,BOSTON:1987:5:5,65.7328406130888,87.887610952928,1177,1254.31242421251,1181.22391384178
1987-05-22,BOSTON,1987,6,5,2699,142,1162,BOSTON:1987:5:6,66.0412533294129,74.4028975271339,1157,1130.59493205848,1222.00341679048
1987-05-23,BOSTON,1987,7,5,2700,143,1136,BOSTON:1987:5:7,66.346065560467,100,1101,1092.39913290173,1107.64798993265
1987-05-24,BOSTON,1987,1,5,2701,144,1069,BOSTON:1987:5:1,66.64718734258,62.5726249038163,863,892.669506505989,1042.07422079931
1987-05-25,BOSTON,1987,2,5,2702,145,1097,BOSTON:1987:5:2,66.9445297992823,82.6374953924713,1094,1096.19988857308,1033.91788351201
1987-05-26,BOSTON,1987,3,5,2703,146,1098,BOSTON:1987:5:3,67.2380051676671,37.54740879019,955,934.230111899346,1019.40965140676
1987-05-27,BOSTON,1987,4,5,2704,147,1178,BOSTON:1987:5:4,67.5275268244216,76.6515194626184,1153,1171.88729099315,1084.54507297448
1987-05-28,BOSTON,1987,5,5,2705,148,1159,BOSTON:1987:5:5,67.813009311524,47.8340609107024,1039,1036.40429241135,1135.10740845867
1987-05-29,BOSTON,1987,6,5,2706,149,1177,BOSTON:1987:5:6,68.0943683615949,97.4332969903078,1193,1178.73533782295,1223.47120800814
1987-05-30,BOSTON,1987,7,5,2707,150,1119,BOSTON:1987:5:7,68.3715209229006,90.2081611523493,1133,1190.89375930031,1089.51442396879
1987-05-31,BOSTON,1987,1,5,2708,151,1091,BOSTON:1987:5:1,68.644385183995,93.5725000731846,1050,1076.38016389476,1072.6347905591
1987-06-01,BOSTON,1987,2,6,2709,152,1098,BOSTON:1987:6:2,68.9128805979982,91.0858878124401,995,1046.43577039662,1108.11728554557
1987-06-02,BOSTON,1987,3,6,2710,153,1115,BOSTON:1987:6:3,69.1769279065009,63.3740462284002,1060,1091.52979782231,1194.92577742112
1987-06-03,BOSTON,1987,4,6,2711,154,1198,BOSTON:1987:6:4,69.4364491630892,100,1210,1185.29295264267,1245.55800338296
1987-06-04,BOSTON,1987,5,6,2712,155,1174,BOSTON:1987:6:5,69.6913677564828,69.6468239481566,961,1047.27248994252,1244.25419452889
1987-06-05,BOSTON,1987,6,6,2713,156,1143,BOSTON:1987:6:6,69.9416084332783,69.8416249525193,1085,1076.0959471162,1073.09234564809
1987-06-06,BOSTON,1987,7,6,2714,157,1084,BOSTON:1987:6:7,70.1870973202933,59.2301549696897,1030,1059.28193230709,1116.76769371174
1987-06-07,BOSTON,1987,1,6,2715,158,1036,BOSTON:1987:6:1,70.4277619465021,40.1422195324441,987,988.737950914735,1005.46276947599
1987-06-08,BOSTON,1987,2,6,2716,159,1100,BOSTON:1987:6:2,70.6635312645582,99.1791049859372,1121,1134.61165871213,1057.97317872169
1987-06-09,BOSTON,1987,3,6,2717,160,1098,BOSTON:1987:6:3,70.8943356718967,51.3727171654912,1167,1228.40779317052,1139.52631552697
1987-06-10,BOSTON,1987,4,6,2718,161,1145,BOSTON:1987:6:4,71.1201070314104,56.9565795473585,1205,1157.21338144366,1121.37361393094
1987-06-11,BOSTON,1987,5,6,2719,162,1180,BOSTON:1987:6:5,71.3407786916928,82.4387510754154,1400,1350.94915170418,1186.96257120955
1987-06-12,BOSTON,1987,6,6,2720,163,1143,BOSTON:1987:6:6,71.556285506843,76.219679178933,1018,1062.72015244504,1055.76112144632
1987-06-13,BOSTON,1987,7,6,2721,164,1121,BOSTON:1987:6:7,71.7665638558264,100,1278,1307.44381568051,1189.49086291649
1987-06-14,BOSTON,1987,1,6,2722,165,1034,BOSTON:1987:6:1,71.9715516613845,44.3168079871733,1152,1100.71701947551,1043.99773379731
1987-06-15,BOSTON,1987,2,6,2723,166,1072,BOSTON:1987:6:2,72.1711884084893,75.237113215941,926,957.991889739355,1033.20000696561
1987-06-16,BOSTON,1987,3,6,2724,167,1140,BOSTON:1987:6:3,72.3654151623368,100,1181,1223.81750370267,1219.79752359665
1987-06-17,BOSTON,1987,4,6,2725,168,1181,BOSTON:1987:6:4,72.554174585873,98.6597928392233,1075,1095.80105966824,1252.53756314359
1987-06-18,BOSTON,1987,5,6,2726,169,1194,BOSTON:1987:6:5,72.7374109568488,100,1388,1406.0685250658,1321.74326162839
1987-06-19,BOSTON,1987,6,6,2727,170,1154,BOSTON:1987:6:6,72.9150701843971,92.4297096295119,1116,1181.12382812123,1149.5485241278
1987-06-20,BOSTON,1987,7,6,2728,171,1065,BOSTON:1987:6:7,73.0870998251293,49.7890747334849,1098,1100.45689386236,1171.71377270053
1987-06-21,BOSTON,1987,1,6,2729,172,1032,BOSTON:1987:6:1,73.2534490987441,46.7503927388011,908,988.324936002612,1054.86563736704
1987-06-22,BOSTON,1987,2,6,2730,173,1042,BOSTON:1987:6:2,73.4140689031451,46.6946580413028,906,947.091173818254,1008.29979326479
1987-06-23,BOSTON,1987,3,6,2731,174,1104,BOSTON:1987:6:3,73.5689118290634,68.8136432152555,1264,1270.2199390327,1132.58900328707
1987-06-24,BOSTON,1987,4,6,2732,175,1171,BOSTON:1987:6:4,73.7179321741787,93.1350198543733,1302,1270.64877803967,1172.53081954364
1987-06-25,BOSTON,1987,5,6,2733,176,1191,BOSTON:1987:6:5,73.8610859567379,100,1256,1290.24558355018,1252.03997263145
1987-06-26,BOSTON,1987,6,6,2734,177,1127,BOSTON:1987:6:6,73.998330928663,68.8509705376795,1137,1155.5114539765,1077.59800877354
1987-06-27,BOSTON,1987,7,6,2735,178,1104,BOSTON:1987:6:7,74.1296265881488,95.7954040241407,1261,1240.4705468878,1189.02767066956
1987-06-28,BOSTON,1987,1,6,2736,179,1051,BOSTON:1987:6:1,74.2549341917432,72.0411914564132,1148,1165.66627444954,1090.67385936019
1987-06-29,BOSTON,1987,2,6,2737,180,1075,BOSTON:1987:6:2,74.3742167659083,86.8764335790628,1348,1311.33314658293,1088.40973550055
1987-06-30,BOSTON,1987,3,6,2738,181,1124,BOSTON:1987:6:3,74.4874391180584,92.5982510076957,1249,1275.99467671435,1234.16138016731
1987-07-01,BOSTON,1987,4,7,2739,182,1162,BOSTON:1987:7:4,74.5945678470712,87.429740916105,1232,1188.23293480545,1157.09776784973
1987-07-02,BOSTON,1987,5,7,2740,183,1184,BOSTON:1987:7:5,74.6955713532701,99.0261442862287,1267,1231.73322883796,1306.8920304489
1987-07-03,BOSTON,1987,6,7,2741,184,1117,BOSTON:1987:7:6,74.7904198478731,61.6003135174337,1124,1110.2880459814,1137.47682191095
1987-07-04,BOSTON,1987,7,7,2742,185,1061,BOSTON:1987:7:7,74.8790853619071,52.6727615445348,1020,1042.17121814145,1085.53217559134
1987-07-05,BOSTON,1987,1,7,2743,186,1026,BOSTON:1987:7:1,74.9615417545839,46.5079536600216,1024,992.994555816206,996.777067438897
1987-07-06,BOSTON,1987,2,7,2744,187,1031,BOSTON:1987:7:2,75.0377647211353,41.07338627852,1119,1125.84800112314,1020.50788543906
1987-07-07,BOSTON,1987,3,7,2745,188,1132,BOSTON:1987:7:3,75.1077318001056,100,859,884.766493324197,1060.47294790199
1987-07-08,BOSTON,1987,4,7,2746,189,1168,BOSTON:1987:7:4,75.1714223800995,95.8951266450644,1092,1098.84260417041,1142.2030870933
1987-07-09,BOSTON,1987,5,7,2747,190,1129,BOSTON:1987:7:5,75.2288177059817,45.6728506074141,1166,1119.68402965816,1200.45020748856
1987-07-10,BOSTON,1987,6,7,2748,191,1101,BOSTON:1987:7:6,75.2799008845288,47.4019172147784,946,965.213287050285,1069.58208967611
1987-07-11,BOSTON,1987,7,7,2749,192,1059,BOSTON:1987:7:7,75.3246568895296,52.4971032941134,1208,1224.42417504082,1046.32005041846
1987-07-12,BOSTON,1987,1,7,2750,193,1052,BOSTON:1987:7:1,75.3630725663338,77.3705339987014,1018,1006.94208517968,1018.21425947638
1987-07-13,BOSTON,1987,2,7,2751,194,1076,BOSTON:1987:7:2,75.3951366358465,91.8671176578878,961,952.335651790267,1096.28655079969
1987-07-14,BOSTON,1987,3,7,2752,195,1079,BOSTON:1987:7:3,75.4208396979684,48.6961462487543,949,966.540878983986,1019.08375518463
1987-07-15,BOSTON,1987,4,7,2753,196,1120,BOSTON:1987:7:4,75.4401742344802,47.6809316784223,1204,1191.59891433246,1046.65491558403
1987-07-16,BOSTON,1987,5,7,2754,197,1161,BOSTON:1987:7:5,75.4531346113695,79.1115770969814,1388,1376.23257184158,1180.0904415699
1987-07-17,BOSTON,1987,6,7,2755,198,1113,BOSTON:1987:7:6,75.4597170806015,60.7960168334181,1024,1072.98497550007,1076.68793277801
1987-07-18,BOSTON,1987,7,7,2756,199,1076,BOSTON:1987:7:7,75.4599197813303,71.2907565034919,1093,1057.8749894132,1065.84148969518
1987-07-19,BOSTON,1987,1,7,2757,200,1026,BOSTON:1987:7:1,75.4537427405528,48.7448440518863,947,897.596493522143,975.870712012434
1987-07-20,BOSTON,1987,2,7,2758,201,1087,BOSTON:1987:7:2,75.4411878732035,100,1223,1234.35549064101,1088.36423066962
1987-07-21,BOSTON,1987,3,7,2759,202,1119,BOSTON:1987:7:3,75.4222589816911,91.7035238367518,1212,1225.1549178648,1090.75495651359
1987-07-22,BOSTON,1987,4,7,2760,203,1144,BOSTON:1987:7:4,75.3969617548756,72.7040941698834,869,923.497064117354,1120.98325689503
1987-07-23,BOSTON,1987,5,7,2761,204,1169,BOSTON:1987:7:5,75.3653037664884,87.4273136468076,1092,1131.77188713494,1248.12640996348
1987-07-24,BOSTON,1987,6,7,2762,205,1113,BOSTON:1987:7:6,75.327294472993,60.5219032540141,1145,1107.03871286287,1110.59027794322
1987-07-25,BOSTON,1987,7,7,2763,206,1090,BOSTON:1987:7:7,75.2829452108901,86.7241239983898,1000,997.104765141103,1123.30628429724
1987-07-26,BOSTON,1987,1,7,2764,207,1042,BOSTON:1987:7:1,75.2322691934647,66.48707421259,1033,1017.14311867407,1031.13796106947
1987-07-27,BOSTON,1987,2,7,2765,208,1072,BOSTON:1987:7:2,75.1752815069786,87.1399294305748,996,965.761737542338,1093.84133308994
1987-07-28,BOSTON,1987,3,7,2766,209,1098,BOSTON:1987:7:3,75.111999106308,69.0027185107521,1201,1140.66568154324,1050.68834040395
1987-07-29,BOSTON,1987,4,7,2767,210,1162,BOSTON:1987:7:4,75.0424408100283,89.8348572061135,1192,1218.22641728665,1122.06097257635
1987-07-30,BOSTON,1987,5,7,2768,211,1143,BOSTON:1987:7:5,74.9666272949462,59.6419443011319,1226,1243.78376988368,1203.44091053019
1987-07-31,BOSTON,1987,6,7,2769,212,1145,BOSTON:1987:7:6,74.8845810900831,91.5938945432582,1284,1212.62177743452,1128.66287769321
1987-08-01,BOSTON,1987,7,8,2770,213,1086,BOSTON:1987:8:7,74.7963265701084,80.0408283387197,1328,1296.97434159812,1225.28671622364
1987-08-02,BOSTON,1987,1,8,2771,214,1022,BOSTON:1987:8:1,74.7018899482275,41.4166089396524,947,982.97263075101,1042.42248593525
1987-08-03,BOSTON,1987,2,8,2772,215,1053,BOSTON:1987:8:2,74.6012992685248,64.9899300624204,849,839.844666550036,1048.2939758226
1987-08-04,BOSTON,1987,3,8,2773,216,1102,BOSTON:1987:8:3,74.4945843977648,70.3540334588643,1067,1083.353966247,1105.15464813878
1987-08-05,BOSTON,1987,4,8,2774,217,1143,BOSTON:1987:8:4,74.3817770166526,67.6199137058312,1161,1189.37963539774,1114.9476351924
1987-08-06,BOSTON,1987,5,8,2775,218,1163,BOSTON:1987:8:5,74.2629106105582,77.3969623651632,1107,1090.50557786891,1177.77935127741
1987-08-07,BOSTON,1987,6,8,2776,219,1155,BOSTON:1987:8:6,74.1380204597057,99.5617758749553,1361,1337.00991387,1220.69612171131
1987-08-08,BOSTON,1987,7,8,2777,220,1100,BOSTON:1987:8:7,74.0071436288306,92.6043695668229,1331,1265.99349511432,1253.48230031196
1987-08-09,BOSTON,1987,1,8,2778,221,1026,BOSTON:1987:8:1,73.8703189563089,43.4498525276863,1141,1104.46398661492,1063.92655721274
1987-08-10,BOSTON,1987,2,8,2779,222,1040,BOSTON:1987:8:2,73.7275870427607,46.9538453527844,1014,1051.02020098622,1042.29604784401
1987-08-11,BOSTON,1987,3,8,2780,223,1095,BOSTON:1987:8:3,73.5789902391312,60.2641647494798,1070,1022.8483186523,1099.61343467239
1987-08-12,BOSTON,1987,4,8,2781,224,1139,BOSTON:1987:8:4,73.4245726342538,60.0320541315937,1036,1084.1583327148,1103.76767268962
1987-08-13,BOSTON,1987,5,8,2782,225,1179,BOSTON:1987:8:5,73.2643800418975,89.5279556726257,1208,1207.40921505,1196.24132883083
1987-08-14,BOSTON,1987,6,8,2783,226,1109,BOSTON:1987:8:6,73.098459987304,48.0028551079881,1154,1182.75464641937,1143.25663644954
1987-08-15,BOSTON,1987,7,8,2784,227,1117,BOSTON:1987:8:7,72.9268616932166,100,1085,1088.57173863996,1215.36731073546
1987-08-16,BOSTON,1987,1,8,2785,228,1079,BOSTON:1987:8:1,72.749636065407,97.5855671793281,1071,1038.06842109117,1124.66688280294
1987-08-17,BOSTON,1987,2,8,2786,229,1073,BOSTON:1987:8:2,72.5668356777021,78.4414969291391,1362,1429.76041218759,1122.19505348442
1987-08-18,BOSTON,1987,3,8,2787,230,1138,BOSTON:1987:8:3,72.3785147565181,100,1308,1275.10271850819,1223.66204685419
1987-08-19,BOSTON,1987,4,8,2788,231,1122,BOSTON:1987:8:4,72.1847291649026,37.8388471817304,1096,1064.61835045722,1152.00246672277
1987-08-20,BOSTON,1987,5,8,2789,232,1186,BOSTON:1987:8:5,71.9855363860931,91.9045324188862,1388,1360.25364452124,1257.39908497865
1987-08-21,BOSTON,1987,6,8,2790,233,1165,BOSTON:1987:8:6,71.7809955065947,100,1268,1235.74946594202,1283.91412318297
1987-08-22,BOSTON,1987,7,8,2791,234,1064,BOSTON:1987:8:7,71.5711671987821,44.3255963933927,1263,1187.62343490499,1213.71415838484
1987-08-23,BOSTON,1987,1,8,2792,235,1057,BOSTON:1987:8:1,71.3561137030316,68.963583934628,1167,1076.82469197548,1070.45088062445
1987-08-24,BOSTON,1987,2,8,2793,236,1082,BOSTON:1987:8:2,71.1358988093883,83.340277061306,1072,1087.32460752229,1084.42434356237
1987-08-25,BOSTON,1987,3,8,2794,237,1113,BOSTON:1987:8:3,70.9105878387734,68.4922600951202,1124,1123.88080636593,1140.56987033751
1987-08-26,BOSTON,1987,4,8,2795,238,1186,BOSTON:1987:8:4,70.6802476237377,96.9316855438834,1261,1254.58701152403,1183.28222539786
1987-08-27,BOSTON,1987,5,8,2796,239,1164,BOSTON:1987:8:5,70.4449464887664,63.5209340247609,1125,1099.27900581489,1196.58023491371
1987-08-28,BOSTON,1987,6,8,2797,240,1146,BOSTON:1987:8:6,70.204754230142,74.8727144306007,1054,1080.22667567923,1189.13311865635
1987-08-29,BOSTON,1987,7,8,2798,241,1103,BOSTON:1987:8:7,69.9597420953691,80.7191443271481,1108,1092.38548773132,1207.14951434146
1987-08-30,BOSTON,1987,1,8,2799,242,1050,BOSTON:1987:8:1,69.7099827621709,54.7061638273876,1020,1059.81949365618,1044.53319342643
1987-08-31,BOSTON,1987,2,8,2800,243,1101,BOSTON:1987:8:2,69.4555503170592,96.8916898727072,1105,1078.93972284112,1104.7905792899
1987-09-01,BOSTON,1987,3,9,2801,244,1096,BOSTON:1987:9:3,69.1965202334873,43.9064543461032,1123,1124.56531798893,1125.49344668014
1987-09-02,BOSTON,1987,4,9,2802,245,1168,BOSTON:1987:9:4,68.9329693495912,72.9365592339692,1028,1039.86719772394,1153.19372199763
1987-09-03,BOSTON,1987,5,9,2803,246,1158,BOSTON:1987:9:5,68.6649758455259,51.3699656834742,996,983.547767544928,1100.36412647735
1987-09-04,BOSTON,1987,6,9,2804,247,1117,BOSTON:1987:9:6,68.3926192204029,38.545051170376,1286,1303.02313780186,1150.35605914857
1987-09-05,BOSTON,1987,7,9,2805,248,1116,BOSTON:1987:9:7,68.1159802688361,86.5013840397895,1143,1135.38920920415,1136.21647967155
1987-09-06,BOSTON,1987,1,9,2806,249,1075,BOSTON:1987:9:1,67.8351410571039,75.2809553732648,968,1011.11647482669,1102.02051836506
1987-09-07,BOSTON,1987,2,9,2807,250,1069,BOSTON:1987:9:2,67.5501848989325,55.8597554661493,1021,1014.58399167208,1082.23541761066
1987-09-08,BOSTON,1987,3,9,2808,251,1153,BOSTON:1987:9:3,67.26119633091,95.9376496451659,1211,1250.10622578555,1165.63421289499
1987-09-09,BOSTON,1987,4,9,2809,252,1176,BOSTON:1987:9:4,66.9682610875357,73.2701648634289,1083,1158.88624750399,1180.22464504752
1987-09-10,BOSTON,1987,5,9,2810,253,1214,BOSTON:1987:9:5,66.6714660759154,97.9212671361002,1281,1276.44661637492,1196.02991209747
1987-09-11,BOSTON,1987,6,9,2811,254,1180,BOSTON:1987:9:6,66.3708993501062,94.5340370607594,1189,1204.28920585951,1297.41108945656
1987-09-12,BOSTON,1987,7,9,2812,255,1096,BOSTON:1987:9:7,66.0666500851229,58.1544127971582,1060,1077.10224117955,1170.73647017437
1987-09-13,BOSTON,1987,1,9,2813,256,1088,BOSTON:1987:9:1,65.7588085506093,81.0524781953525,1177,1192.12440864768,1147.87500246225
1987-09-14,BOSTON,1987,2,9,2814,257,1107,BOSTON:1987:9:2,65.4474660841848,88.3617599233154,1191,1157.88819765192,1156.27377577714
1987-09-15,BOSTON,1987,3,9,2815,258,1159,BOSTON:1987:9:3,65.1327150644741,94.100258187764,1344,1374.67895962327,1224.39652707768
1987-09-16,BOSTON,1987,4,9,2816,259,1150,BOSTON:1987:9:4,64.8146488838261,38.9579647983788,1026,1044.15550073604,1170.48932919004
1987-09-17,BOSTON,1987,5,9,2817,260,1156,BOSTON:1987:9:5,64.4933619207326,32.6025572928223,1142,1136.2638950556,1089.61888360275
1987-09-18,BOSTON,1987,6,9,2818,261,1192,BOSTON:1987:9:6,64.1689495119528,98.3453202579432,1202,1187.3689691178,1249.30829533262
1987-09-19,BOSTON,1987,7,9,2819,262,1102,BOSTON:1987:9:7,63.8415079243533,56.1050626897305,996,988.684363320117,1151.80793043765
1987-09-20,BOSTON,1987,1,9,2820,263,1094,BOSTON:1987:9:1,63.5111343264711,78.2848732439001,1289,1205.10077700925,1124.01281021481
1987-09-21,BOSTON,1987,2,9,2821,264,1093,BOSTON:1987:9:2,63.1779267598075,64.9937321437654,1084,1068.73965659234,1094.99022969648
1987-09-22,BOSTON,1987,3,9,2822,265,1129,BOSTON:1987:9:3,62.841984109864,54.925073377699,941,963.204218093572,1110.70929352948
1987-09-23,BOSTON,1987,4,9,2823,266,1198,BOSTON:1987:9:4,62.5034060769239,77.8030842284197,1150,1107.59777937543,1154.36046828226
1987-09-24,BOSTON,1987,5,9,2824,267,1222,BOSTON:1987:9:5,62.1622931465949,88.7749433678086,1111,1085.36977324288,1143.98707782074
1987-09-25,BOSTON,1987,6,9,2825,268,1139,BOSTON:1987:9:6,61.8187465601143,35.2999603062411,1201,1244.54470112023,1180.92455606493
1987-09-26,BOSTON,1987,7,9,2826,269,1107,BOSTON:1987:9:7,61.472868284431,52.1665248607627,1353,1392.0562571475,1093.23911971766
1987-09-27,BOSTON,1987,1,9,2827,270,1105,BOSTON:1987:9:1,61.1247609820702,81.4199914303162,1037,1016.60610792411,1097.09166895833
1987-09-28,BOSTON,1987,2,9,2828,271,1080,BOSTON:1987:9:2,60.7745279807914,40.866544213457,1111,1041.68639639667,1073.50057691359
1987-09-29,BOSTON,1987,3,9,2829,272,1152,BOSTON:1987:9:3,60.4222732430467,68.8731465090209,1121,1148.21943558276,1113.76651981954
1987-09-30,BOSTON,1987,4,9,2830,273,1181,BOSTON:1987:9:4,60.0681013352511,51.5086663206382,1480,1486.26878776015,1108.73183548446
1987-10-01,BOSTON,1987,5,10,2831,274,1209,BOSTON:1987:10:5,59.7121173968713,66.9945883947599,916,920.685803341449,1152.92456333231
1987-10-02,BOSTON,1987,6,10,2832,275,1176,BOSTON:1987:10:6,59.3544271093432,63.870705884752,1055,1072.7832360976,1226.91387882191
1987-10-03,BOSTON,1987,7,10,2833,276,1136,BOSTON:1987:10:7,58.9951366648283,72.6061676741783,996,970.599743400497,1116.85937365279
1987-10-04,BOSTON,1987,1,10,2834,277,1114,BOSTON:1987:10:1,58.6343527348164,80.6244107936892,1025,1064.33366857316,1116.61905359151
1987-10-05,BOSTON,1987,2,10,2835,278,1102,BOSTON:1987:10:2,58.2721824385845,55.0300788554051,1036,1043.22526765694,1084.60712664837
1987-10-06,BOSTON,1987,3,10,2836,279,1142,BOSTON:1987:10:3,57.908733311523,48.8062619664187,1028,1027.1771673256,1062.9835546092
1987-10-07,BOSTON,1987,4,10,2837,280,1220,BOSTON:1987:10:4,57.5441132733349,80.1302459501412,1490,1430.56897076088,1289.80960136022
1987-10-08,BOSTON,1987,5,10,2838,281,1210,BOSTON:1987:10:5,57.1784305961213,58.0621295974001,1175,1204.16964959861,1163.55172520786
1987-10-09,BOSTON,1987,6,10,2839,282,1196,BOSTON:1987:10:6,56.8117938723603,73.722521643825,1454,1477.23803291057,1245.94282107707
1987-10-10,BOSTON,1987,7,10,2840,283,1154,BOSTON:1987:10:7,56.4443119827885,80.8980054551032,1207,1230.13721454247,1143.92343454249
1987-10-11,BOSTON,1987,1,10,2841,284,1096,BOSTON:1987:10:1,56.0760940641968,51.8970741408749,901,943.410864086647,1094.92996571381
1987-10-12,BOSTON,1987,2,10,2842,285,1106,BOSTON:1987:10:2,55.7072494771481,49.1208309387938,975,994.031110620725,1070.24698879268
1987-10-13,BOSTON,1987,3,10,2843,286,1183,BOSTON:1987:10:3,55.3378877736267,79.9021205300105,1237,1185.2979662528,1090.83926738563
1987-10-14,BOSTON,1987,4,10,2844,287,1221,BOSTON:1987:10:4,54.9681186646297,70.8598415058181,1154,1125.36368467014,1297.9696507877
1987-10-15,BOSTON,1987,5,10,2845,288,1225,BOSTON:1987:10:5,54.5980519877096,62.652969593769,1237,1232.98005603715,1169.03760544371
1987-10-16,BOSTON,1987,6,10,2846,289,1201,BOSTON:1987:10:6,54.2277976744772,68.227872104846,1206,1254.13835915181,1233.23978348132
1987-10-17,BOSTON,1987,7,10,2847,290,1154,BOSTON:1987:10:7,53.8574657180753,71.229573195934,1134,1172.98330338514,1124.99857758688
1987-10-18,BOSTON,1987,1,10,2848,291,1091,BOSTON:1987:10:1,53.4871661406328,36.8165011307543,1083,1040.50710011854,1074.70807033883
1987-10-19,BOSTON,1987,2,10,2849,292,1104,BOSTON:1987:10:2,53.1170089607075,37.450774574554,948,989.986950803327,1046.54975567144
1987-10-20,BOSTON,1987,3,10,2850,293,1145,BOSTON:1987:10:3,52.7471041607288,31.7095681766597,907,955.96312494785,1033.89166667796
1987-10-21,BOSTON,1987,4,10,2851,294,1245,BOSTON:1987:10:4,52.3775616544492,83.3872814383551,1202,1242.63805901589,1285.90606049175
1987-10-22,BOSTON,1987,5,10,2852,295,1208,BOSTON:1987:10:5,52.0084912544146,35.9886889350631,1336,1271.8363461064,1148.10311001131
1987-10-23,BOSTON,1987,6,10,2853,296,1194,BOSTON:1987:10:6,51.6400026394618,51.5286080776347,1168,1133.78492202952,1207.81538863368
1987-10-24,BOSTON,1987,7,10,2854,297,1113,BOSTON:1987:10:7,51.2722053222555,18.8403570565591,1135,1149.65458479543,1073.81767697558
1987-10-25,BOSTON,1987,1,10,2855,298,1134,BOSTON:1987:10:1,50.9052086168708,72.0268149151274,1363,1365.25945184944,1085.74291035398
1987-10-26,BOSTON,1987,2,10,2856,299,1120,BOSTON:1987:10:2,50.5391216064342,43.9048412181907,1314,1300.036302651,1071.59612888837
1987-10-27,BOSTON,1987,3,10,2857,300,1170,BOSTON:1987:10:3,50.1740531108306,47.3828664768451,1069,1058.15957895664,1053.28551132537
1987-10-28,BOSTON,1987,4,10,2858,301,1252,BOSTON:1987:10:4,49.8101116544859,79.9907621895255,1313,1275.77594314303,1285.3146873621
1987-10-29,BOSTON,1987,5,10,2859,302,1224,BOSTON:1987:10:5,49.4474054342365,41.7390562296143,1114,1097.66246783495,1144.38299600728
1987-10-30,BOSTON,1987,6,10,2860,303,1220,BOSTON:1987:10:6,49.0860422872925,66.2931881225655,1253,1256.20942961329,1222.08812798389
1987-10-31,BOSTON,1987,7,10,2861,304,1172,BOSTON:1987:10:7,48.7261296593072,68.5787244251417,1101,1122.47278845875,1113.4009372406
1987-11-01,BOSTON,1987,1,11,2862,305,1102,BOSTON:1987:11:1,48.3677745725595,27.8897122990907,1127,1088.31562708304,1123.05754917288
1987-11-02,BOSTON,1987,2,11,2863,306,1104,BOSTON:1987:11:2,48.0110835942603,16.9679546665563,971,972.047309197728,1039.52085136341
1987-11-03,BOSTON,1987,3,11,2864,307,1169,BOSTON:1987:11:3,47.6561628049916,35.8621311654082,1234,1255.58265142705,1247.25187021214
1987-11-04,BOSTON,1987,4,11,2865,308,1241,BOSTON:1987:11:4,47.3031177672887,60.1694807594971,1129,1171.57761396539,1134.07701446984
1987-11-05,BOSTON,1987,5,11,2866,309,1260,BOSTON:1987:11:5,46.9520534943723,65.6962522744134,1159,1150.01825519848,1156.23826424814
1987-11-06,BOSTON,1987,6,11,2867,310,1221,BOSTON:1987:11:6,46.6030744190437,57.3165318213513,1099,1156.22825404459,1063.4084032864
1987-11-07,BOSTON,1987,7,11,2868,311,1190,BOSTON:1987:11:7,46.2562843627483,76.6225639573485,1098,1157.74551962384,1163.51801884349
1987-11-08,BOSTON,1987,1,11,2869,312,1095,BOSTON:1987:11:1,45.9117865048189,11.1579031145971,1193,1246.12591424422,1118.59254674843
1987-11-09,BOSTON,1987,2,11,2870,313,1132,BOSTON:1987:11:2,45.5696833519073,37.0569198358612,993,974.373914434943,1046.47003932033
1987-11-10,BOSTON,1987,3,11,2871,314,1198,BOSTON:1987:11:3,45.2300767076138,55.2893602882448,1498,1467.94942274374,1275.26399721667
1987-11-11,BOSTON,1987,4,11,2872,315,1206,BOSTON:1987:11:4,44.8930676423219,16.8281504257788,1131,1068.36548960485,1116.41901139323
1987-11-12,BOSTON,1987,5,11,2873,316,1212,BOSTON:1987:11:5,44.5587564632498,10.6131987925821,1193,1183.5334655506,1114.0732859367
1987-11-13,BOSTON,1987,6,11,2874,317,1191,BOSTON:1987:11:6,44.2272426847252,19.6267976176808,936,929.460325530817,1031.50106150185
1987-11-14,BOSTON,1987,7,11,2875,318,1183,BOSTON:1987:11:7,43.8986249986928,61.0703469297741,1100,1059.69833713048,1144.80701008225
1987-11-15,BOSTON,1987,1,11,2876,319,1159,BOSTON:1987:11:1,43.5730012454648,68.2652738103268,1188,1200.55339024082,1168.19059215364
1987-11-16,BOSTON,1987,2,11,2877,320,1135,BOSTON:1987:11:2,43.2504683847209,30.9966503942986,1113,1149.0315292349,1068.3657806779
1987-11-17,BOSTON,1987,3,11,2878,321,1178,BOSTON:1987:11:3,42.9311224667666,26.5979880805438,1186,1176.3167384111,1253.90937412933
1987-11-18,BOSTON,1987,4,11,2879,322,1223,BOSTON:1987:11:4,42.6150586040613,24.6633795536045,1057,1111.91454900621,1100.69919272654
1987-11-19,BOSTON,1987,5,11,2880,323,1290,BOSTON:1987:11:5,42.3023709430202,74.2398913515575,1010,1028.13465861474,1152.14810827519
1987-11-20,BOSTON,1987,6,11,2881,324,1223,BOSTON:1987:11:6,41.9931526361017,41.8019643933496,1016,1049.41037352652,1060.86565579962
1987-11-21,BOSTON,1987,7,11,2882,325,1186,BOSTON:1987:11:7,41.6874958141867,55.2991060922082,1021,1106.06437707035,1139.01348804984
1987-11-22,BOSTON,1987,1,11,2883,326,1170,BOSTON:1987:11:1,41.3854915592595,70.4447255367189,1134,1195.9371110377,1149.83152094595
1987-11-23,BOSTON,1987,2,11,2884,327,1161,BOSTON:1987:11:2,41.0872298773968,48.7117549676106,1138,1206.77522509941,1062.71562139588
1987-11-24,BOSTON,1987,3,11,2885,328,1184,BOSTON:1987:11:3,40.7927996720742,24.1754197198521,1108,1093.45453229927,1249.57475844351
1987-11-25,BOSTON,1987,4,11,2886,329,1281,BOSTON:1987:11:4,40.5022887177976,69.8274403615134,1167,1205.46192361208,1132.80478140878
1987-11-26,BOSTON,1987,5,11,2887,330,1278,BOSTON:1987:11:5,40.2157836340663,55.0286991361824,1201,1199.84268612958,1140.54034154157
1987-11-27,BOSTON,1987,6,11,2888,331,1197,BOSTON:1987:11:6,39.9333698596779,8.00137142566697,1140,1154.5910918807,1035.22487941302
1987-11-28,BOSTON,1987,7,11,2889,332,1188,BOSTON:1987:11:7,39.6551316273799,49.0006655054568,1351,1323.07832282847,1122.66148302353
1987-11-29,BOSTON,1987,1,11,2890,333,1171,BOSTON:1987:11:1,39.3811519388776,64.0724190874692,1060,1043.32391742124,1142.3277909789
1987-11-30,BOSTON,1987,2,11,2891,334,1133,BOSTON:1987:11:2,39.1115125402046,12.4482226947492,1054,1064.23716312604,1051.92770724081
1987-12-01,BOSTON,1987,3,12,2892,335,1241,BOSTON:1987:12:3,38.8462938974641,70.4889471247822,1229,1205.88100747633,1245.09185369862
1987-12-02,BOSTON,1987,4,12,2893,336,1221,BOSTON:1987:12:4,38.5855751729464,6.44436535545492,997,1037.08079115938,1221.62857870614
1987-12-03,BOSTON,1987,5,12,2894,337,1243,BOSTON:1987:12:5,38.3294342016324,15.2714329190075,1107,1096.70029291808,1130.40964425225
1987-12-04,BOSTON,1987,6,12,2895,338,1201,BOSTON:1987:12:6,38.0779474680877,4.69868613971462,1137,1193.12949766287,1084.33126891999
1987-12-05,BOSTON,1987,7,12,2896,339,1177,BOSTON:1987:12:7,37.831190083755,30.1248835419508,1114,1191.98304659058,1163.34229673929
1987-12-06,BOSTON,1987,1,12,2897,340,1167,BOSTON:1987:12:1,37.5892357646522,52.2386356282083,1235,1258.95284271704,1213.20365791688
1987-12-07,BOSTON,1987,2,12,2898,341,1176,BOSTON:1987:12:2,37.3521568094821,48.2550450092623,1015,1076.32223703326,1104.94068213095
1987-12-08,BOSTON,1987,3,12,2899,342,1212,BOSTON:1987:12:3,37.1200240781597,36.1500142566926,1344,1333.09134090074,1215.89152469643
1987-12-09,BOSTON,1987,4,12,2900,343,1230,BOSTON:1987:12:4,36.8929069707645,7.54352836259736,1056,1076.0854838099,1194.06223446751
1987-12-10,BOSTON,1987,5,12,2901,344,1310,BOSTON:1987:12:5,36.6708734069245,69.4227814507896,1060,1066.08435329047,1149.39735872042
1987-12-11,BOSTON,1987,6,12,2902,345,1246,BOSTON:1987:12:6,36.453989805635,40.6730903717502,958,976.94503331666,1097.41357295075
1987-12-12,BOSTON,1987,7,12,2903,346,1205,BOSTON:1987:12:7,36.242321065523,51.4257523551474,1255,1281.63898062597,1165.19689626394
1987-12-13,BOSTON,1987,1,12,2904,347,1142,BOSTON:1987:12:1,36.0359305455588,20.8756634672411,1123,1123.63354775072,1171.45065514008
1987-12-14,BOSTON,1987,2,12,2905,348,1191,BOSTON:1987:12:2,35.8348800462222,56.9925832968688,1071,1121.04799182799,1083.50534308385
1987-12-15,BOSTON,1987,3,12,2906,349,1227,BOSTON:1987:12:3,35.6392297911296,44.6845848736191,1175,1125.27316622584,1212.37242411707
1987-12-16,BOSTON,1987,4,12,2907,350,1298,BOSTON:1987:12:4,35.4490384091262,64.0763022428949,1426,1440.45176329328,1232.27608486457
1987-12-17,BOSTON,1987,5,12,2908,351,1271,BOSTON:1987:12:5,35.2643629168493,27.9931261488569,1360,1358.07827711142,1127.68959859782
1987-12-18,BOSTON,1987,6,12,2909,352,1232,BOSTON:1987:12:6,35.0852587017679,21.6651676818245,1121,1058.42438592041,1065.08757493135
1987-12-19,BOSTON,1987,7,12,2910,353,1211,BOSTON:1987:12:7,34.9117795057032,51.1303709196296,995,996.55915710729,1144.70820716785
1987-12-20,BOSTON,1987,1,12,2911,354,1175,BOSTON:1987:12:1,34.7439774088354,48.3945772014351,1269,1236.83631186352,1181.30435624607
1987-12-21,BOSTON,1987,2,12,2912,355,1169,BOSTON:1987:12:2,34.5819028142012,30.0529144030168,1216,1167.28706043787,1072.2965244646
1987-12-22,BOSTON,1987,3,12,2913,356,1245,BOSTON:1987:12:3,34.425604432687,55.9519967584459,1058,1117.31057572824,1212.53279977839
1987-12-23,BOSTON,1987,4,12,2914,357,1256,BOSTON:1987:12:4,34.2751292685216,20.6680424102751,1204,1236.01276691225,1199.10018225755
1987-12-24,BOSTON,1987,5,12,2915,358,1315,BOSTON:1987:12:5,34.1305226052736,63.1493945361671,994,1017.36261091968,1141.59044475084
1987-12-25,BOSTON,1987,6,12,2916,359,1260,BOSTON:1987:12:6,33.9918279923572,43.0798852579742,1119,1115.9675292369,1088.16758320009
1987-12-26,BOSTON,1987,7,12,2917,360,1218,BOSTON:1987:12:7,33.85908723205,53.2605852964488,1265,1204.99060139148,1155.75259982629
1987-12-27,BOSTON,1987,1,12,2918,361,1180,BOSTON:1987:12:1,33.7323403670275,48.9324128287667,1118,1106.61739676019,1179.04133069588
1987-12-28,BOSTON,1987,2,12,2919,362,1189,BOSTON:1987:12:2,33.6116256684177,45.0339589270875,1030,986.332502547851,1071.25745032097
1987-12-29,BOSTON,1987,3,12,2920,363,1241,BOSTON:1987:12:3,33.4969796243788,47.7134196719819,1280,1288.86588086933,1200.11139770848
1987-12-30,BOSTON,1987,4,12,2921,364,1251,BOSTON:1987:12:4,33.3884369292045,11.8729462859901,1351,1325.34107709919,1186.93291970414
1987-12-31,BOSTON,1987,5,12,2922,365,1294,BOSTON:1987:12:5,33.2860304729593,40.1515054923994,1145,1110.04960727118,1116.91295367816
1988-01-01,BOSTON,1988,6,1,2923,1,1274,BOSTON:1988:1:6,33.189791331647,51.8917278643903,1221,1179.13120635708,1249.85386982006
1988-01-02,BOSTON,1988,7,1,2924,2,1182,BOSTON:1988:1:7,33.0997487579155,14.6460639897416,1224,1205.70334136351,1190.08660629347
1988-01-03,BOSTON,1988,1,1,2925,3,1182,BOSTON:1988:1:1,33.0159301723011,46.4248545507558,1195,1221.45851391106,1083.51255722787
1988-01-04,BOSTON,1988,2,1,2926,4,1152,BOSTON:1988:1:2,32.9383611550142,4.39509659181877,1018,1045.70906860783,1051.26034683171
1988-01-05,BOSTON,1988,3,1,2927,5,1246,BOSTON:1988:1:3,32.8670654382686,49.4599522610324,1076,1085.85765153551,1187.47153526508
1988-01-06,BOSTON,1988,4,1,2928,6,1312,BOSTON:1988:1:4,32.8020648991585,63.9297399002024,1281,1298.18434290568,1317.26630897127
1988-01-07,BOSTON,1988,5,1,2929,7,1302,BOSTON:1988:1:5,32.743379553083,44.2295151765008,1015,1026.58140570028,1106.23078489105
1988-01-08,BOSTON,1988,6,1,2930,8,1269,BOSTON:1988:1:6,32.6910275477214,44.4101177738277,1044,1095.04080869588,1252.44034280443
1988-01-09,BOSTON,1988,7,1,2931,9,1197,BOSTON:1988:1:7,32.6450251575613,27.0465423629673,1168,1227.43008832465,1184.47396776505
1988-01-10,BOSTON,1988,1,1,2932,10,1145,BOSTON:1988:1:1,32.6053867789805,7.26307135288415,919,915.808350725955,1056.5254842657
1988-01-11,BOSTON,1988,2,1,2933,11,1180,BOSTON:1988:1:2,32.5721249258839,30.4276828812197,972,992.181306361549,1050.9110603509
1988-01-12,BOSTON,1988,3,1,2934,12,1201,BOSTON:1988:1:3,32.5452502258981,4.10804721069725,1147,1121.16531793349,1170.84122949649
1988-01-13,BOSTON,1988,4,1,2935,13,1299,BOSTON:1988:1:4,32.5247714171234,50.3099059980411,1247,1205.77219173828,1300.63387077031
1988-01-14,BOSTON,1988,5,1,2936,14,1281,BOSTON:1988:1:5,32.5106953454451,23.1536487347694,977,1030.92581367315,1098.90886871016
1988-01-15,BOSTON,1988,6,1,2937,15,1263,BOSTON:1988:1:6,32.5030269624044,37.2725736802754,1319,1270.75959023896,1256.94544400741
1988-01-16,BOSTON,1988,7,1,2938,16,1196,BOSTON:1988:1:7,32.5017693236294,24.3132613150227,1051,1027.12817229824,1195.50669875943
1988-01-17,BOSTON,1988,1,1,2939,17,1151,BOSTON:1988:1:1,32.5069235878284,11.7336325913886,1100,1082.58414476679,1070.23354055837
1988-01-18,BOSTON,1988,2,1,2940,18,1186,BOSTON:1988:1:2,32.5184890163426,34.9870660273653,1060,1102.37258339943,1058.12111183217
1988-01-19,BOSTON,1988,3,1,2941,19,1223,BOSTON:1988:1:3,32.536462973262,24.5457704080443,1295,1246.28413102291,1178.68961108935
1988-01-20,BOSTON,1988,4,1,2942,20,1308,BOSTON:1988:1:4,32.5608409261014,57.9208160768877,1256,1234.84172010795,1301.47189887519
1988-01-21,BOSTON,1988,5,1,2943,21,1261,BOSTON:1988:1:5,32.5916164470388,4.14106458281341,1140,1193.60646622115,1085.57391761061
1988-01-22,BOSTON,1988,6,1,2944,22,1226,BOSTON:1988:1:6,32.6287812147138,2.07017886348419,1432,1398.85994780895,1236.01159968317
1988-01-23,BOSTON,1988,7,1,2945,23,1181,BOSTON:1988:1:7,32.6723250165871,9.34580762184323,1132,1187.15395900213,1197.10212853671
1988-01-24,BOSTON,1988,1,1,2946,24,1203,BOSTON:1988:1:1,32.7222357518593,63.2181019466923,1204,1244.00874431851,1124.94491477446
1988-01-25,BOSTON,1988,2,1,2947,25,1180,BOSTON:1988:1:2,32.778499434949,28.7541277043196,1207,1198.24557103968,1096.70748098732
1988-01-26,BOSTON,1988,3,1,2948,26,1245,BOSTON:1988:1:3,32.8411001995289,45.0488399927587,1229,1273.03062310017,1209.99762415155
1988-01-27,BOSTON,1988,4,1,2949,27,1245,BOSTON:1988:1:4,32.9100203031181,0.435480236212783,1410,1376.23393843873,1274.62792138516
1988-01-28,BOSTON,1988,5,1,2950,28,1289,BOSTON:1988:1:5,32.9852401322306,30.7747162968473,1240,1227.98731572273,1081.28642879052
1988-01-29,BOSTON,1988,6,1,2951,29,1225,BOSTON:1988:1:6,33.0667382080773,1.26248812281653,1218,1206.50229864788,1238.74874368546
1988-01-30,BOSTON,1988,7,1,2952,30,1214,BOSTON:1988:1:7,33.1544911928201,41.5568497541087,1406,1418.21417656768,1213.83059864641
1988-01-31,BOSTON,1988,1,1,2953,31,1197,BOSTON:1988:1:1,33.2484738963774,58.790913072147,1035,1089.5620039619,1117.78350317198
1988-02-01,BOSTON,1988,2,2,2954,32,1162,BOSTON:1988:2:2,33.3486592837768,12.0595005246038,1372,1276.13520961506,1349.64548426442
1988-02-02,BOSTON,1988,3,2,2955,33,1215,BOSTON:1988:2:3,33.4550184830554,18.2019102111921,1111,1097.62955593761,1162.56654511954
1988-02-03,BOSTON,1988,4,2,2956,34,1308,BOSTON:1988:2:4,33.5675207937033,59.1306170045295,1486,1490.45146264935,1297.71198164867
1988-02-04,BOSTON,1988,5,2,2957,35,1255,BOSTON:1988:2:5,33.6861336956488,0.92858699883687,1145,1129.35866566627,1317.77265835061
1988-02-05,BOSTON,1988,6,2,2958,36,1279,BOSTON:1988:2:6,33.8108228587831,53.5756991336407,1154,1133.74263017082,1196.6929036676
1988-02-06,BOSTON,1988,7,2,2959,37,1201,BOSTON:1988:2:7,33.9415521530203,30.7964167307831,1280,1279.77593657959,1275.55102000094
1988-02-07,BOSTON,1988,1,2,2960,38,1141,BOSTON:1988:2:1,34.0782836588914,4.68681585713049,1235,1210.22306055386,1047.15996404542
1988-02-08,BOSTON,1988,2,2,2961,39,1211,BOSTON:1988:2:2,34.2209776786678,62.6942385796048,1277,1231.02263198587,1367.00217156209
1988-02-09,BOSTON,1988,3,2,2962,40,1207,BOSTON:1988:2:3,34.3695927480121,12.6000585662086,1219,1198.6094610872,1176.74711224193
1988-02-10,BOSTON,1988,4,2,2963,41,1297,BOSTON:1988:2:4,34.5240856481519,51.7507964286756,1307,1272.13717162775,1297.64476158834
1988-02-11,BOSTON,1988,5,2,2964,42,1284,BOSTON:1988:2:5,34.6844114185738,29.8938970067034,1566,1509.24611778393,1327.6834115412
1988-02-12,BOSTON,1988,6,2,2965,43,1269,BOSTON:1988:2:6,34.8505233702334,46.7877771760421,1059,1048.80445038635,1181.9468387495
1988-02-13,BOSTON,1988,7,2,2966,44,1180,BOSTON:1988:2:7,35.0223730992773,13.1439579859623,1014,1016.33005215908,1248.82388562787
1988-02-14,BOSTON,1988,1,2,2967,45,1195,BOSTON:1988:2:1,35.1999105012736,61.9219326030224,1038,1002.19781041527,1063.78014508712
1988-02-15,BOSTON,1988,2,2,2968,46,1148,BOSTON:1988:2:2,35.3830837859465,3.80380517855942,1174,1209.63873545343,1329.7780480868
1988-02-16,BOSTON,1988,3,2,2969,47,1207,BOSTON:1988:2:3,35.5718394924101,15.9861815647368,1112,1132.8168934733,1161.76392938937
1988-02-17,BOSTON,1988,4,2,2970,48,1257,BOSTON:1988:2:4,35.7661225048981,19.0921551322721,1183,1195.12567378914,1278.05055531708
1988-02-18,BOSTON,1988,5,2,2971,49,1307,BOSTON:1988:2:5,35.9658760689833,54.6705693514721,1481,1504.53394928441,1349.92160323819
1988-02-19,BOSTON,1988,6,2,2972,50,1244,BOSTON:1988:2:6,36.1710418082836,28.1884171019371,1103,1123.91961962389,1191.29587721763
1988-02-20,BOSTON,1988,7,2,2973,51,1184,BOSTON:1988:2:7,36.3815597416484,20.8816773765371,1379,1389.40774249088,1261.51815170019
1988-02-21,BOSTON,1988,1,2,2974,52,1137,BOSTON:1988:2:1,36.597368300821,7.03045414567298,954,946.699470579426,1039.04443697639
1988-02-22,BOSTON,1988,2,2,2975,53,1177,BOSTON:1988:2:2,36.8184043485718,36.8397447485523,1375,1280.61892044071,1334.40317371556
1988-02-23,BOSTON,1988,3,2,2976,54,1221,BOSTON:1988:2:3,37.0446031972968,33.6462046568484,1232,1197.84950981888,1172.92241325189
1988-02-24,BOSTON,1988,4,2,2977,55,1310,BOSTON:1988:2:4,37.2758986280753,71.3380115541152,1221,1208.81799135432,1323.59270144398
1988-02-25,BOSTON,1988,5,2,2978,56,1256,BOSTON:1988:2:5,37.5122229101824,12.4616267437803,1134,1189.37604209542,1330.62232686901
1988-02-26,BOSTON,1988,6,2,2979,57,1275,BOSTON:1988:2:6,37.7535068210497,61.1220094272219,1451,1403.96081629068,1197.06438036454
1988-02-27,BOSTON,1988,7,2,2980,58,1163,BOSTON:1988:2:7,37.9996796666692,5.06674396964262,1372,1329.64381699806,1259.10694266954
1988-02-28,BOSTON,1988,1,2,2981,59,1182,BOSTON:1988:2:1,38.2506693024321,57.7637785636021,995,963.124954641184,1072.01545389321
1988-02-29,BOSTON,1988,2,2,2982,60,1155,BOSTON:1988:2:2,38.5064021544004,19.5135779748144,1532,1565.99138197249,1349.17112237139
1988-03-01,BOSTON,1988,3,3,2983,61,1194,BOSTON:1988:3:3,38.7668032410003,13.1370115328029,1444,1490.10496338046,1211.20614717661
1988-03-02,BOSTON,1988,4,3,2984,62,1245,BOSTON:1988:3:4,39.0317961951348,17.3745608614388,1133,1135.67094240788,1235.92506360724
1988-03-03,BOSTON,1988,5,3,2985,63,1257,BOSTON:1988:3:5,39.3013032867068,19.4118280677551,1168,1202.55403335466,1123.18517562918
1988-03-04,BOSTON,1988,6,3,2986,64,1278,BOSTON:1988:3:6,39.5752454455477,69.9672428937164,1092,1152.02628305556,1233.5091705951
1988-03-05,BOSTON,1988,7,3,2987,65,1227,BOSTON:1988:3:7,39.8535422847422,74.0707781032475,1190,1184.44504290555,1176.80230723092
1988-03-06,BOSTON,1988,1,3,2988,66,1145,BOSTON:1988:3:1,40.136112124346,26.8378571217543,1218,1197.55432345789,1145.19035340732
1988-03-07,BOSTON,1988,2,3,2989,67,1144,BOSTON:1988:3:2,40.4228720154858,15.0220335686824,1137,1120.17927612669,1088.05938920794
1988-03-08,BOSTON,1988,3,3,2990,68,1228,BOSTON:1988:3:3,40.7137377648368,51.9827442355207,1182,1204.00815912382,1222.35047457486
1988-03-09,BOSTON,1988,4,3,2991,69,1270,BOSTON:1988:3:4,41.0086239594698,46.9525603297829,1400,1403.39203517949,1254.52088525005
1988-03-10,BOSTON,1988,5,3,2992,70,1262,BOSTON:1988:3:5,41.3074439920607,30.39201727073,945,960.007299711317,1124.20499958057
1988-03-11,BOSTON,1988,6,3,2993,71,1264,BOSTON:1988:3:6,41.6101100864544,63.5870677778221,1127,1142.71836333222,1203.17392282564
1988-03-12,BOSTON,1988,7,3,2994,72,1172,BOSTON:1988:3:7,41.9165333235765,26.7394104917662,1171,1128.15374364334,1102.3165620477
1988-03-13,BOSTON,1988,1,3,2995,73,1178,BOSTON:1988:3:1,42.2266236676841,66.4354979114613,1070,1034.91743610851,1133.10588590892
1988-03-14,BOSTON,1988,2,3,2996,74,1140,BOSTON:1988:3:2,42.5402899929486,17.131821976991,1181,1209.26118289354,1086.91434653168
1988-03-15,BOSTON,1988,3,3,2997,75,1238,BOSTON:1988:3:3,42.8574401103632,68.1937830486075,1119,1137.28596944409,1240.85219175215
1988-03-16,BOSTON,1988,4,3,2998,76,1226,BOSTON:1988:3:4,43.1779807949653,12.8764241169421,1089,1130.92058886835,1244.04428988768
1988-03-17,BOSTON,1988,5,3,2999,77,1264,BOSTON:1988:3:5,43.501817813368,38.9664082915909,1378,1365.73952057366,1126.82713018028
1988-03-18,BOSTON,1988,6,3,3000,78,1249,BOSTON:1988:3:6,43.8288559515915,56.4383031179152,1330,1298.23609222917,1208.83790044235
1988-03-19,BOSTON,1988,7,3,3001,79,1161,BOSTON:1988:3:7,44.1589990431847,23.5668834588895,1075,1092.04315951753,1109.04020899877
1988-03-20,BOSTON,1988,1,3,3002,80,1180,BOSTON:1988:3:1,44.4921499976324,75.4698833191204,1127,1097.80692184514,1155.447509265
1988-03-21,BOSTON,1988,2,3,3003,81,1151,BOSTON:1988:3:2,44.8282108290359,36.3808762652107,978,954.526082432486,1105.23113758091
1988-03-22,BOSTON,1988,3,3,3004,82,1215,BOSTON:1988:3:3,45.1670826850607,54.0038925707489,1084,1080.36895126406,1226.72742419459
1988-03-23,BOSTON,1988,4,3,3005,83,1229,BOSTON:1988:3:4,45.5086658761421,23.3538340108054,1497,1519.16014406702,1231.8956783909
1988-03-24,BOSTON,1988,5,3,3006,84,1275,BOSTON:1988:3:5,45.8528599049406,56.9973931880178,1141,1209.5380384326,1129.12388397951
1988-03-25,BOSTON,1988,6,3,3007,85,1247,BOSTON:1988:3:6,46.1995634960368,62.6280672440663,1308,1298.74153120394,1211.47900613745
1988-03-26,BOSTON,1988,7,3,3008,86,1176,BOSTON:1988:3:7,46.5486746258595,46.246234935292,1067,1092.60851424097,1114.84092172159
1988-03-27,BOSTON,1988,1,3,3009,87,1169,BOSTON:1988:3:1,46.9000905528358,72.7104026181317,1165,1187.34241822013,1146.25625141775
1988-03-28,BOSTON,1988,2,3,3010,88,1177,BOSTON:1988:3:2,47.253707847756,70.4823639595067,1112,1127.96039209886,1127.79512667608
1988-03-29,BOSTON,1988,3,3,3011,89,1235,BOSTON:1988:3:3,47.6094224243432,81.4403401976459,1354,1382.46003366169,1281.86376230365
1988-03-30,BOSTON,1988,4,3,3012,90,1259,BOSTON:1988:3:4,47.9671295700198,59.6466453248239,1136,1168.29478221133,1288.61408286562
1988-03-31,BOSTON,1988,5,3,3013,91,1268,BOSTON:1988:3:5,48.3267239768594,58.3269339202508,1024,1039.18761533655,1152.65881063031
1988-04-01,BOSTON,1988,6,4,3014,92,1190,BOSTON:1988:4:6,48.6880997727182,16.8482697122288,1243,1261.62044988055,1153.21950439434
1988-04-02,BOSTON,1988,7,4,3015,93,1149,BOSTON:1988:4:7,49.0511505525345,27.4104015259789,1046,1077.19432932073,1110.2849286363
1988-04-03,BOSTON,1988,1,4,3016,94,1106,BOSTON:1988:4:1,49.4157694097872,16.6968764694671,1196,1223.91876310361,1126.61969227193
1988-04-04,BOSTON,1988,2,4,3017,95,1172,BOSTON:1988:4:2,49.7818489681049,74.0854624222084,1131,1140.42868219592,1098.33467719868
1988-04-05,BOSTON,1988,3,4,3018,96,1188,BOSTON:1988:4:3,50.1492814130161,44.8612893318769,1311,1317.74086751198,1120.77511768007
1988-04-06,BOSTON,1988,4,4,3019,97,1263,BOSTON:1988:4:4,50.5179585238295,72.7221992263878,1293,1266.98690896223,1173.52784255577
1988-04-07,BOSTON,1988,5,4,3020,98,1224,BOSTON:1988:4:5,50.8877717056374,26.5039712311762,1124,1139.69070271566,1048.13723189452
1988-04-08,BOSTON,1988,6,4,3021,99,1210,BOSTON:1988:4:6,51.2586120214314,44.6676994162612,1276,1247.14220805674,1155.91140077185
1988-04-09,BOSTON,1988,7,4,3022,100,1180,BOSTON:1988:4:7,51.6303702243206,67.2059954315958,1121,1078.09479288503,1143.14650113339
1988-04-10,BOSTON,1988,1,4,3023,101,1102,BOSTON:1988:4:1,52.0029367898441,21.1773047825172,1270,1244.19731788192,1135.41623118751
1988-04-11,BOSTON,1988,2,4,3024,102,1130,BOSTON:1988:4:2,52.376201948366,40.5006475739468,1131,1090.14413332939,1062.23905101315
1988-04-12,BOSTON,1988,3,4,3025,103,1207,BOSTON:1988:4:3,52.7500557175468,72.1235358526561,920,942.858988820097,1117.49880080135
1988-04-13,BOSTON,1988,4,4,3026,104,1258,BOSTON:1988:4:4,53.1243879348771,76.9565420947769,1140,1161.09299175656,1180.91087570687
1988-04-14,BOSTON,1988,5,4,3027,105,1271,BOSTON:1988:4:5,53.4990882902683,79.4397954089844,1054,1060.05690672272,1106.93394435118
1988-04-15,BOSTON,1988,6,4,3028,106,1244,BOSTON:1988:4:6,53.8740463586881,85.5869794692269,981,1000.91025277754,1248.75615816899
1988-04-16,BOSTON,1988,7,4,3029,107,1150,BOSTON:1988:4:7,54.2491516328313,46.1260543062248,1121,1146.63848426456,1167.60588657796
1988-04-17,BOSTON,1988,1,4,3030,108,1156,BOSTON:1988:4:1,54.6242935558174,86.1685312165272,1264,1239.11702663982,1221.7937988337
1988-04-18,BOSTON,1988,2,4,3031,109,1149,BOSTON:1988:4:2,54.999361553905,69.2866853473014,1084,1063.30158824925,1136.25167907965
1988-04-19,BOSTON,1988,3,4,3032,110,1175,BOSTON:1988:4:3,55.3742450692114,49.9129426369798,997,1011.73482083224,1134.30749028899
1988-04-20,BOSTON,1988,4,4,3033,111,1218,BOSTON:1988:4:4,55.7488335924307,48.140960170337,1070,1110.65812124617,1146.54678407382
1988-04-21,BOSTON,1988,5,4,3034,112,1215,BOSTON:1988:4:5,56.1230166955392,35.8626888879116,914,994.247463605852,1033.63372601951
1988-04-22,BOSTON,1988,6,4,3035,113,1222,BOSTON:1988:4:6,56.4966840644781,74.1702967298631,1191,1257.92980313546,1187.39940122434
1988-04-23,BOSTON,1988,7,4,3036,114,1148,BOSTON:1988:4:7,56.8697255318038,53.0251750656388,1168,1157.19428631179,1137.34646830623
1988-04-24,BOSTON,1988,1,4,3037,115,1116,BOSTON:1988:4:1,57.2420311092984,53.974070078938,901,903.588158322369,1147.1702777055
1988-04-25,BOSTON,1988,2,4,3038,116,1101,BOSTON:1988:4:2,57.6134910205264,28.441051170591,1005,981.906747982726,1054.17459270747
1988-04-26,BOSTON,1988,3,4,3039,117,1165,BOSTON:1988:4:3,57.9839957333329,48.5458277459415,1229,1224.76566767049,1084.41859123174
1988-04-27,BOSTON,1988,4,4,3040,118,1248,BOSTON:1988:4:4,58.3534359922693,86.000139400369,1176,1184.53500315272,1178.01449766907
1988-04-28,BOSTON,1988,5,4,3041,119,1233,BOSTON:1988:4:5,58.7217028509405,61.8323520664636,1175,1191.14919754917,1078.29509773667
1988-04-29,BOSTON,1988,6,4,3042,120,1163,BOSTON:1988:4:6,59.0886877042613,26.2465823519415,1218,1170.28614072856,1163.7135354383
1988-04-30,BOSTON,1988,7,4,3043,121,1137,BOSTON:1988:4:7,59.4542823206144,51.6445981441508,1229,1164.49125273777,1126.61621534665
1988-05-01,BOSTON,1988,1,5,3044,122,1087,BOSTON:1988:5:1,59.8183788738987,32.7560460924014,1154,1170.78288950231,1158.28294346269
1988-05-02,BOSTON,1988,2,5,3045,123,1108,BOSTON:1988:5:2,60.18086997546,44.5886821042348,1107,1134.25917197244,955.164518151606
1988-05-03,BOSTON,1988,3,5,3046,124,1183,BOSTON:1988:5:3,60.5416487058938,75.9080368764081,900,982.742264944818,1128.77697263077
1988-05-04,BOSTON,1988,4,5,3047,125,1203,BOSTON:1988:5:4,60.9006086467113,52.2223715959396,1051,1105.77196276225,1092.13763385206
1988-05-05,BOSTON,1988,5,5,3048,126,1232,BOSTON:1988:5:5,61.257643911858,70.6698407236122,1213,1218.27016940116,1148.37642974159
1988-05-06,BOSTON,1988,6,5,3049,127,1190,BOSTON:1988:5:6,61.6126491790778,61.3849946516707,1120,1131.73508595482,1139.58812625539
1988-05-07,BOSTON,1988,7,5,3050,128,1160,BOSTON:1988:5:7,61.9655197211108,83.4895717636248,892,911.545871313032,1033.30592568261
1988-05-08,BOSTON,1988,1,5,3051,129,1112,BOSTON:1988:5:1,62.3161514367168,68.0693400053498,1025,1009.51013070879,1220.0099786135
1988-05-09,BOSTON,1988,2,5,3052,130,1095,BOSTON:1988:5:2,62.6644408815162,39.7053371179471,1167,1176.41766379048,969.004830783157
1988-05-10,BOSTON,1988,3,5,3053,131,1192,BOSTON:1988:5:3,63.0102852986375,93.6206580720091,1269,1204.97201176001,1177.06630522337
1988-05-11,BOSTON,1988,4,5,3054,132,1174,BOSTON:1988:5:4,63.3535826491624,32.1203438780703,994,998.57788245751,1110.68264686647
1988-05-12,BOSTON,1988,5,5,3055,133,1186,BOSTON:1988:5:5,63.6942316423622,34.800484743387,1189,1182.23836080685,1134.68862792668
1988-05-13,BOSTON,1988,6,5,3056,134,1208,BOSTON:1988:5:6,64.0321317657114,87.9411921619655,1195,1174.91873131456,1182.10894441343
1988-05-14,BOSTON,1988,7,5,3057,135,1127,BOSTON:1988:5:7,64.3671833146756,58.8294315808845,1147,1183.28464124553,1032.32446802012
1988-05-15,BOSTON,1988,1,5,3058,136,1115,BOSTON:1988:5:1,64.6992874222596,79.9233111164321,1360,1361.44541634713,1247.31610579015
1988-05-16,BOSTON,1988,2,5,3059,137,1126,BOSTON:1988:5:2,65.0283460883112,81.5588972652951,978,963.330608168867,1023.21199188419
1988-05-17,BOSTON,1988,3,5,3060,138,1189,BOSTON:1988:5:3,65.3542622085684,99.4772003660933,1147,1159.89187589149,1229.71511352994
1988-05-18,BOSTON,1988,4,5,3061,139,1233,BOSTON:1988:5:4,65.6769396034446,97.9446379719679,1239,1278.6148645045,1236.40529089435
1988-05-19,BOSTON,1988,5,5,3062,140,1184,BOSTON:1988:5:5,65.9962830465399,40.9218444541209,952,987.646882252885,1205.48906476337
1988-05-20,BOSTON,1988,6,5,3063,141,1189,BOSTON:1988:5:6,66.3121982928738,77.8587904022448,1222,1221.1819697274,1210.23329532066
1988-05-21,BOSTON,1988,7,5,3064,142,1096,BOSTON:1988:5:7,66.624592106828,33.9453890612735,996,1038.03201309887,1028.06365796679
1988-05-22,BOSTON,1988,1,5,3065,143,1094,BOSTON:1988:5:1,66.9333722897916,66.5493068275153,1321,1349.64434665604,1222.80680731991
1988-05-23,BOSTON,1988,2,5,3066,144,1125,BOSTON:1988:5:2,67.2384477075024,87.6331172947606,792,831.244735035436,1029.39011050289
1988-05-24,BOSTON,1988,3,5,3067,145,1141,BOSTON:1988:5:3,67.5397283170732,59.084411068483,1288,1295.9064358228,1149.9282727827
1988-05-25,BOSTON,1988,4,5,3068,146,1226,BOSTON:1988:5:4,67.8371251936976,99.2180804911975,1338,1369.95163772573,1182.77442838661
1988-05-26,BOSTON,1988,5,5,3069,147,1215,BOSTON:1988:5:5,68.1305505570254,79.3778551837659,1357,1330.13943809542,1222.4458775688
1988-05-27,BOSTON,1988,6,5,3070,148,1167,BOSTON:1988:5:6,68.4199177972022,63.7134744655322,1188,1197.10591744923,1193.06963400709
1988-05-28,BOSTON,1988,7,5,3071,149,1144,BOSTON:1988:5:7,68.7051415005628,92.4129233746719,1144,1092.19950294106,1085.30594833009
1988-05-29,BOSTON,1988,1,5,3072,150,1110,BOSTON:1988:5:1,68.9861374749726,90.3150480781605,1289,1281.39272539959,1300.58416481493
1988-05-30,BOSTON,1988,2,5,3073,151,1095,BOSTON:1988:5:2,69.2628227748083,64.1571841357382,975,1023.10550312592,1042.22854867898
1988-05-31,BOSTON,1988,3,5,3074,152,1132,BOSTON:1988:5:3,69.5351157255726,57.5924513919534,1237,1214.03996935507,1155.51333583398
1988-06-01,BOSTON,1988,4,6,3075,153,1193,BOSTON:1988:6:4,69.8029359481317,74.3557718540561,1255,1235.6073044053,1180.53990863277
1988-06-02,BOSTON,1988,5,6,3076,154,1224,BOSTON:1988:6:5,70.0662043825731,95.3522464209244,1495,1378.71230233194,1255.2703161876
1988-06-03,BOSTON,1988,6,6,3077,155,1173,BOSTON:1988:6:6,70.3248433116728,76.3358150445761,1061,1112.89236874991,1116.03014717156
1988-06-04,BOSTON,1988,7,6,3078,156,1126,BOSTON:1988:6:7,70.5787763839674,80.7371853643184,1082,1074.63428060136,1106.02111526692
1988-06-05,BOSTON,1988,1,6,3079,157,1102,BOSTON:1988:6:1,70.8279286364223,89.5238135049249,1181,1167.39348554758,1164.86811339406
1988-06-06,BOSTON,1988,2,6,3080,158,1108,BOSTON:1988:6:2,71.0722265166916,84.572218198584,1219,1182.43226132937,1116.7646141587
1988-06-07,BOSTON,1988,3,6,3081,159,1164,BOSTON:1988:6:3,71.31159790496,96.9874357030041,1365,1403.23810117014,1222.8706338045
1988-06-08,BOSTON,1988,4,6,3082,160,1155,BOSTON:1988:6:4,71.545972135364,43.1748007940864,1228,1244.57367078745,1203.55810862248
1988-06-09,BOSTON,1988,5,6,3083,161,1201,BOSTON:1988:6:5,71.7752800169822,79.471030608793,1297,1245.95123747585,1230.65657020819
1988-06-10,BOSTON,1988,6,6,3084,162,1144,BOSTON:1988:6:6,71.9994538543914,53.860689130256,1257,1244.60316511535,1081.65467151368
1988-06-11,BOSTON,1988,7,6,3085,163,1110,BOSTON:1988:6:7,72.2184274677806,70.0933435938008,955,1037.11563887142,1075.32466295005
1988-06-12,BOSTON,1988,1,6,3086,164,1067,BOSTON:1988:6:1,72.4321362126184,57.3066822818046,1197,1155.20223469703,1092.09301081677
1988-06-13,BOSTON,1988,2,6,3087,165,1119,BOSTON:1988:6:2,72.6405169988663,100,970,1005.29686960967,1085.77424534074
1988-06-14,BOSTON,1988,3,6,3088,166,1128,BOSTON:1988:6:3,72.8435083097332,65.8255917523541,1170,1160.93680598095,1141.92366725155
1988-06-15,BOSTON,1988,4,6,3089,167,1183,BOSTON:1988:6:4,73.0410502199659,77.6151764416711,1042,997.463815960282,1194.44935417998
1988-06-16,BOSTON,1988,5,6,3090,168,1160,BOSTON:1988:6:5,73.2330844136691,43.8944752774937,1205,1176.98374939098,1176.56476424695
1988-06-17,BOSTON,1988,6,6,3091,169,1189,BOSTON:1988:6:6,73.41955420165,100,1031,1031.41004320137,1123.07183611524
1988-06-18,BOSTON,1988,7,6,3092,170,1124,BOSTON:1988:6:7,73.6004045382836,90.1049069115655,1108,1128.92288035716,1150.38277407866
1988-06-19,BOSTON,1988,1,6,3093,171,1076,BOSTON:1988:6:1,73.7755820378905,72.0474371724075,941,920.816181556772,1150.94825941061
1988-06-20,BOSTON,1988,2,6,3094,172,1067,BOSTON:1988:6:2,73.9450349906265,51.674062396939,973,1007.75677484653,1058.3724370417
1988-06-21,BOSTON,1988,3,6,3095,173,1147,BOSTON:1988:6:3,74.1087133778756,90.234395015662,1123,1078.92244660618,1162.38329134836
1988-06-22,BOSTON,1988,4,6,3096,174,1183,BOSTON:1988:6:4,74.2665688871445,82.2904619636053,1203,1272.38241800489,1237.02501600935
1988-06-23,BOSTON,1988,5,6,3097,175,1155,BOSTON:1988:6:5,74.4185549264521,43.6914662305944,1099,1083.72317768544,1193.38994825617
1988-06-24,BOSTON,1988,6,6,3098,176,1124,BOSTON:1988:6:6,74.564626638211,43.2953034643006,1013,1017.9133957796,1041.24334520134
1988-06-25,BOSTON,1988,7,6,3099,177,1102,BOSTON:1988:6:7,74.7047409125971,71.5726829589712,1242,1214.51157982688,1055.27144770333
1988-06-26,BOSTON,1988,1,6,3100,178,1054,BOSTON:1988:6:1,74.8388564004014,52.5062059866647,1173,1201.25497998447,1084.09061637527
1988-06-27,BOSTON,1988,2,6,3101,179,1084,BOSTON:1988:6:2,74.9669335253628,74.3583482068123,1138,1165.21026771624,1039.08870346025
1988-06-28,BOSTON,1988,3,6,3102,180,1162,BOSTON:1988:6:3,75.0889344959761,100,1033,995.992465286115,1163.82240759635
1988-06-29,BOSTON,1988,4,6,3103,181,1153,BOSTON:1988:6:4,75.2048233167729,55.8933708250984,1272,1301.57716029655,1184.42761255777
1988-06-30,BOSTON,1988,5,6,3104,182,1198,BOSTON:1988:6:5,75.3145657990717,90.191571670457,998,1074.92188878969,1238.11840110031
1988-07-01,BOSTON,1988,6,7,3105,183,1128,BOSTON:1988:7:6,75.418129571193,50.926953722668,1123,1122.42580761408,1077.44426354894
1988-07-02,BOSTON,1988,7,7,3106,184,1105,BOSTON:1988:7:7,75.5154840881387,77.3162928480105,1249,1192.56840803563,1106.14728833308
1988-07-03,BOSTON,1988,1,7,3107,185,1094,BOSTON:1988:7:1,75.6066006407303,98.5999082782467,1134,1093.63813754431,1082.16950063616
1988-07-04,BOSTON,1988,2,7,3108,186,1059,BOSTON:1988:7:2,75.6914523642049,49.5716904664883,1080,1045.75683027538,1077.16630472147
1988-07-05,BOSTON,1988,3,7,3109,187,1149,BOSTON:1988:7:3,75.7700142462658,98.1478439656006,1159,1195.17085194479,1168.57647483714
1988-07-06,BOSTON,1988,4,7,3110,188,1153,BOSTON:1988:7:4,75.8422631345851,58.0625022802663,1234,1217.76616220387,1067.77532387875
1988-07-07,BOSTON,1988,5,7,3111,189,1153,BOSTON:1988:7:5,75.9081777437565,47.699435329621,1125,1197.49950236708,1131.78887498108
1988-07-08,BOSTON,1988,6,7,3112,190,1128,BOSTON:1988:7:6,75.9677386616959,52.4268404052264,898,927.35332684827,1053.14788743275
1988-07-09,BOSTON,1988,7,7,3113,191,1113,BOSTON:1988:7:7,76.0209283554885,87.525792633738,1023,1074.77957898633,1096.81543028638
1988-07-10,BOSTON,1988,1,7,3114,192,1083,BOSTON:1988:7:1,76.0677311766791,88.4876993519152,1128,1112.40147008327,1059.62760332614
1988-07-11,BOSTON,1988,2,7,3115,193,1058,BOSTON:1988:7:2,76.1081333660058,50.4147646964065,1095,1106.6049252646,1060.12181917164
1988-07-12,BOSTON,1988,3,7,3116,194,1159,BOSTON:1988:7:3,76.1421230575751,100,1084,1143.92072158731,1155.18164169143
1988-07-13,BOSTON,1988,4,7,3117,195,1145,BOSTON:1988:7:4,76.1696902824759,51.4325635763079,1039,1076.85994489742,1062.81979080711
1988-07-14,BOSTON,1988,5,7,3118,196,1212,BOSTON:1988:7:5,76.1908269718337,100,1095,1092.29208089258,1215.77188972598
1988-07-15,BOSTON,1988,6,7,3119,197,1164,BOSTON:1988:7:6,76.2055269593011,90.230149101616,1125,1126.60280822802,1158.15800825431
1988-07-16,BOSTON,1988,7,7,3120,198,1106,BOSTON:1988:7:7,76.2137859829873,80.9711892300457,1154,1136.5459548824,1156.75996391627
1988-07-17,BOSTON,1988,1,7,3121,199,1054,BOSTON:1988:7:1,76.2156016868224,58.4600309468491,996,1012.4888417748,1048.8898122923
1988-07-18,BOSTON,1988,2,7,3122,200,1071,BOSTON:1988:7:2,76.2109736213588,65.0719808926933,1128,1140.94985803065,1070.5926523567
1988-07-19,BOSTON,1988,3,7,3123,201,1149,BOSTON:1988:7:3,76.1999032440082,99.9832394233391,1213,1219.46428245449,1174.03600950041
1988-07-20,BOSTON,1988,4,7,3124,202,1199,BOSTON:1988:7:4,76.1823939187141,100,1049,1061.03023592238,1142.08799257912
1988-07-21,BOSTON,1988,5,7,3125,203,1181,BOSTON:1988:7:5,76.1584509150606,77.2339930185598,1296,1264.71657729304,1209.64074784293
1988-07-22,BOSTON,1988,6,7,3126,204,1177,BOSTON:1988:7:6,76.1280814068167,100,1335,1319.07513322836,1169.88750277776
1988-07-23,BOSTON,1988,7,7,3127,205,1115,BOSTON:1988:7:7,76.091294469917,90.3763486814218,1176,1164.32893343051,1194.94994583214
1988-07-24,BOSTON,1988,1,7,3128,206,1066,BOSTON:1988:7:1,76.0481010798802,70.7114963585016,1091,1120.70124611281,1089.54602030417
1988-07-25,BOSTON,1988,2,7,3129,207,1069,BOSTON:1988:7:2,75.9985141086641,62.0173513449977,1003,1049.0844662429,1098.11922374895
1988-07-26,BOSTON,1988,3,7,3130,208,1158,BOSTON:1988:7:3,75.9425483209603,100,1218,1164.45694950064,1176.2058739719
1988-07-27,BOSTON,1988,4,7,3131,209,1144,BOSTON:1988:7:4,75.8802203699283,49.6176620950259,1026,1046.44675967757,1075.31689273501
1988-07-28,BOSTON,1988,5,7,3132,210,1194,BOSTON:1988:7:5,75.8115487923696,88.4353860962055,1224,1263.8811728662,1182.79848745067
1988-07-29,BOSTON,1988,6,7,3133,211,1173,BOSTON:1988:7:6,75.7365540033458,98.1252940595402,1127,1073.311360861,1149.36233798528
1988-07-30,BOSTON,1988,7,7,3134,212,1084,BOSTON:1988:7:7,75.6552582902394,55.7944958230972,1074,1042.87409405271,1121.32737163575
1988-07-31,BOSTON,1988,1,7,3135,213,1078,BOSTON:1988:7:1,75.5676858062599,82.1537883398798,991,1005.48422310307,1059.76706343774
1988-08-01,BOSTON,1988,2,8,3136,214,1061,BOSTON:1988:8:2,75.4738625633991,51.7925777082792,940,972.071814704187,1082.15526703285
1988-08-02,BOSTON,1988,3,8,3137,215,1121,BOSTON:1988:8:3,75.3738164248338,68.7606727912484,1121,1070.50706133694,1059.73559945127
1988-08-03,BOSTON,1988,4,8,3138,216,1154,BOSTON:1988:8:4,75.2675770967821,56.989534031562,1088,1068.94940070238,1046.73476956236
1988-08-04,BOSTON,1988,5,8,3139,217,1185,BOSTON:1988:8:5,75.1551761198127,77.0870953075857,1081,1073.47172997407,1170.02309191734
1988-08-05,BOSTON,1988,6,8,3140,218,1165,BOSTON:1988:8:6,75.0366468596112,87.0034829395663,1211,1122.95903248183,1157.78102251997
1988-08-06,BOSTON,1988,7,8,3141,219,1132,BOSTON:1988:8:7,74.9120244972062,100,1020,984.284626820461,1140.15147025844
1988-08-07,BOSTON,1988,1,8,3142,220,1063,BOSTON:1988:8:1,74.781346018657,63.0771487930304,1075,1093.14372713498,1059.19268393518
1988-08-08,BOSTON,1988,2,8,3143,221,1069,BOSTON:1988:8:2,74.6446502042072,56.6222051620552,1156,1145.75068905348,1084.83272912943
1988-08-09,BOSTON,1988,3,8,3144,222,1117,BOSTON:1988:8:3,74.5019776169064,61.2011891491565,982,976.128514929097,1049.16203998967
1988-08-10,BOSTON,1988,4,8,3145,223,1155,BOSTON:1988:8:4,74.3533705907038,55.2297580345629,953,977.089422029291,1043.19059514662
1988-08-11,BOSTON,1988,5,8,3146,224,1159,BOSTON:1988:8:5,74.1988732180168,47.8090926332941,1337,1384.61101831368,1140.3235252564
1988-08-12,BOSTON,1988,6,8,3147,225,1140,BOSTON:1988:8:6,74.0385313367794,57.7814251243459,1058,1104.06649311247,1078.68713019347
1988-08-13,BOSTON,1988,7,8,3148,226,1135,BOSTON:1988:8:7,73.8723925169722,100,1164,1118.49478127882,1095.32282214924
1988-08-14,BOSTON,1988,1,8,3149,227,1048,BOSTON:1988:8:1,73.7005060466402,42.6543972149887,996,1004.35992877005,1015.64795129232
1988-08-15,BOSTON,1988,2,8,3150,228,1088,BOSTON:1988:8:2,73.5229229174006,73.6247831947553,1141,1125.77325577821,1078.9161565606
1988-08-16,BOSTON,1988,3,8,3151,229,1153,BOSTON:1988:8:3,73.3396958094462,93.9047113433852,1079,1168.89972484662,1097.57735426668
1988-08-17,BOSTON,1988,4,8,3152,230,1202,BOSTON:1988:8:4,73.1508790760477,96.8057932391008,1183,1178.68738157882,1145.18856893069
1988-08-18,BOSTON,1988,5,8,3153,231,1195,BOSTON:1988:8:5,72.956528727561,78.2956855102813,1119,1186.30818138611,1263.02289464587
1988-08-19,BOSTON,1988,6,8,3154,232,1141,BOSTON:1988:8:6,72.7567024149423,54.6862087135626,1113,1121.1846296846,1147.87734090114
1988-08-20,BOSTON,1988,7,8,3155,233,1116,BOSTON:1988:8:7,72.5514594127773,78.2958151528029,1114,1098.01627878708,1101.25362607658
1988-08-21,BOSTON,1988,1,8,3156,234,1057,BOSTON:1988:8:1,72.3408606018288,46.9669503088458,954,973.00632363019,1025.91347318752
1988-08-22,BOSTON,1988,2,8,3157,235,1091,BOSTON:1988:8:2,72.1249684511087,70.9148311318232,1162,1189.33103811105,1079.36899514349
1988-08-23,BOSTON,1988,3,8,3158,236,1109,BOSTON:1988:8:3,71.9038469994775,43.4618398941456,995,1077.40855895246,1018.65656022191
1988-08-24,BOSTON,1988,4,8,3159,237,1168,BOSTON:1988:8:4,71.6775618367798,58.025428796184,1036,1033.51946388571,1020.50764304632
1988-08-25,BOSTON,1988,5,8,3160,238,1206,BOSTON:1988:8:5,71.4461800845194,83.8155549059477,1216,1242.19177520133,1179.63048817778
1988-08-26,BOSTON,1988,6,8,3161,239,1143,BOSTON:1988:8:6,71.2097703760795,50.5692195568539,1107,1141.63216700411,1104.65450638685
1988-08-27,BOSTON,1988,7,8,3162,240,1108,BOSTON:1988:8:7,70.9684028364948,63.6126982588551,1087,1055.17940967725,1048.2720815145
1988-08-28,BOSTON,1988,1,8,3163,241,1104,BOSTON:1988:8:1,70.7221490617812,91.9218664856598,1121,1135.61343819939,1045.24589158252
1988-08-29,BOSTON,1988,2,8,3164,242,1078,BOSTON:1988:8:2,70.4710820978293,51.4535307148257,1002,967.593776270216,1075.72685213534
1988-08-30,BOSTON,1988,3,8,3165,243,1113,BOSTON:1988:8:3,70.2152764188664,40.5988026686551,1072,1062.14230255721,1023.86844607451
1988-08-31,BOSTON,1988,4,8,3166,244,1207,BOSTON:1988:8:4,69.9548079054968,89.4305514525788,1066,1079.43148482948,1070.37842331354
1988-09-01,BOSTON,1988,5,9,3167,245,1211,BOSTON:1988:9:5,69.6897538223228,81.5995325900538,1130,1074.57629542094,1202.26691680124
1988-09-02,BOSTON,1988,6,9,3168,246,1169,BOSTON:1988:9:6,69.4201927951555,70.197869950721,1108,1127.25756450704,1214.11442834884
1988-09-03,BOSTON,1988,7,9,3169,247,1100,BOSTON:1988:9:7,69.1462047878224,49.1263490045014,1128,1099.89103023312,1148.83905697502
1988-09-04,BOSTON,1988,1,9,3170,248,1069,BOSTON:1988:9:1,68.8678710785764,47.0064019941794,950,950.058409123194,987.066211527462
1988-09-05,BOSTON,1988,2,9,3171,249,1108,BOSTON:1988:9:2,68.5852742361154,76.3655765404242,1097,1061.19605739085,1062.14191774748
1988-09-06,BOSTON,1988,3,9,3172,250,1115,BOSTON:1988:9:3,68.2984980952187,36.0104023699841,941,891.534182099776,1124.36331327506
1988-09-07,BOSTON,1988,4,9,3173,251,1173,BOSTON:1988:9:4,68.0076277320071,49.0684664662726,1061,1067.75169340242,1180.32762976209
1988-09-08,BOSTON,1988,5,9,3174,252,1228,BOSTON:1988:9:5,67.7127494388345,90.3884017146277,1339,1345.11665933654,1171.21450400962
1988-09-09,BOSTON,1988,6,9,3175,253,1160,BOSTON:1988:9:6,67.4139506988179,53.4397281905588,1026,1005.2781162425,1172.36327704501
1988-09-10,BOSTON,1988,7,9,3176,254,1093,BOSTON:1988:9:7,67.1113201600146,33.2377468162794,981,938.704828801818,1125.84354760858
1988-09-11,BOSTON,1988,1,9,3177,255,1125,BOSTON:1988:9:1,66.8049476092513,99.1157990327868,1032,1096.99459664771,1045.96721378037
1988-09-12,BOSTON,1988,2,9,3178,256,1080,BOSTON:1988:9:2,66.4949239456174,37.6371924920086,1130,1126.77711146229,1063.40760847813
1988-09-13,BOSTON,1988,3,9,3179,257,1170,BOSTON:1988:9:3,66.1813411536254,83.5429789475725,1360,1323.98185772073,1196.45361476754
1988-09-14,BOSTON,1988,4,9,3180,258,1223,BOSTON:1988:9:4,65.8642922760503,89.3848671530889,1590,1615.8561132509,1293.80934783308
1988-09-15,BOSTON,1988,5,9,3181,259,1176,BOSTON:1988:9:5,65.5438713864529,31.6625088169345,1296,1278.77994261313,1168.87811352947
1988-09-16,BOSTON,1988,6,9,3182,260,1206,BOSTON:1988:9:6,65.2201735613976,89.9204784388762,1240,1309.85993570085,1236.68369325365
1988-09-17,BOSTON,1988,7,9,3183,261,1134,BOSTON:1988:9:7,64.893294852372,68.4141034145427,1413,1394.90194509972,1191.49532706561
1988-09-18,BOSTON,1988,1,9,3184,262,1090,BOSTON:1988:9:1,64.563332257415,53.3414508463766,1066,1048.65542179464,1021.26324126463
1988-09-19,BOSTON,1988,2,9,3185,263,1101,BOSTON:1988:9:2,64.2303836924654,52.0295147245448,1022,1050.28836953108,1046.7496964849
1988-09-20,BOSTON,1988,3,9,3186,264,1169,BOSTON:1988:9:3,63.8945479624355,73.6399558026725,1173,1164.76625261168,1148.69318757548
1988-09-21,BOSTON,1988,4,9,3187,265,1179,BOSTON:1988:9:4,63.555924732021,37.5052354976227,969,982.759083125867,1195.72936140094
1988-09-22,BOSTON,1988,5,9,3188,266,1204,BOSTON:1988:9:5,63.2146144962546,49.9930916006353,891,952.521884585086,1111.26028015776
1988-09-23,BOSTON,1988,6,9,3189,267,1193,BOSTON:1988:9:6,62.8707185508121,68.6865010093336,1410,1363.30303395369,1147.98196967852
1988-09-24,BOSTON,1988,7,9,3190,268,1155,BOSTON:1988:9:7,62.5243389620802,80.6680756635389,1109,1056.12969502857,1164.8220683487
1988-09-25,BOSTON,1988,1,9,3191,269,1110,BOSTON:1988:9:1,62.1755785369947,65.7947984608523,1020,1029.83329531909,1013.70333342657
1988-09-26,BOSTON,1988,2,9,3192,270,1132,BOSTON:1988:9:2,61.8245407926578,74.9696521658179,988,1002.76190721394,1064.70077729473
1988-09-27,BOSTON,1988,3,9,3193,271,1157,BOSTON:1988:9:3,61.4713299257433,52.459833555085,1135,1142.74455940071,1139.48988437944
1988-09-28,BOSTON,1988,4,9,3194,272,1242,BOSTON:1988:9:4,61.1160507816992,89.5883307624779,1309,1308.04531480281,1259.13366100459
1988-09-29,BOSTON,1988,5,9,3195,273,1260,BOSTON:1988:9:5,60.7588088237572,94.0602814853083,1228,1249.17284024079,1230.3801855013
1988-09-30,BOSTON,1988,6,9,3196,274,1213,BOSTON:1988:9:6,60.3997101017564,79.026302803523,1227,1238.11455648422,1239.85663167198
1988-10-01,BOSTON,1988,7,10,3197,275,1111,BOSTON:1988:10:7,60.0388612207932,25.8974891766881,1246,1232.93269954172,1236.05953089594
1988-10-02,BOSTON,1988,1,10,3198,276,1115,BOSTON:1988:10:1,59.6763693097042,61.2586476186285,1084,1109.75186001382,1074.50561351206
1988-10-03,BOSTON,1988,2,10,3199,277,1146,BOSTON:1988:10:2,59.3123419893927,80.2455795913957,1058,1079.84888121623,1247.726348316
1988-10-04,BOSTON,1988,3,10,3200,278,1153,BOSTON:1988:10:3,58.9468873410078,38.4687772650795,1096,1118.79048315356,1210.95121842798
1988-10-05,BOSTON,1988,4,10,3201,279,1212,BOSTON:1988:10:4,58.5801138739855,50.6198387487614,1059,1072.04349585287,1271.79604413987
1988-10-06,BOSTON,1988,5,10,3202,280,1235,BOSTON:1988:10:5,58.2121304939614,61.1789250122497,1215,1195.31880643734,1196.47417262698
1988-10-07,BOSTON,1988,6,10,3203,281,1219,BOSTON:1988:10:6,57.8430464705649,74.9407622246268,1134,1073.61384869193,1243.64229243787
1988-10-08,BOSTON,1988,7,10,3204,282,1140,BOSTON:1988:10:7,57.4729714051026,45.8062416265855,1276,1254.77816644398,1203.83468634828
1988-10-09,BOSTON,1988,1,10,3205,283,1109,BOSTON:1988:10:1,57.1020151981435,44.8460818714744,821,822.451717564408,1031.49355222905
1988-10-10,BOSTON,1988,2,10,3206,284,1128,BOSTON:1988:10:2,56.7302880170123,51.3923005936035,1070,1113.46603105958,1159.68423314865
1988-10-11,BOSTON,1988,3,10,3207,285,1165,BOSTON:1988:10:3,56.3579002632033,40.6989946965333,1025,1047.61262554554,1157.97212125942
1988-10-12,BOSTON,1988,4,10,3208,286,1237,BOSTON:1988:10:4,55.9849625397218,64.8112730136817,1476,1426.77905859763,1264.76691622061
1988-10-13,BOSTON,1988,5,10,3209,287,1207,BOSTON:1988:10:5,55.6115856183658,23.6634347610141,1182,1113.35344467099,1166.78569382028
1988-10-14,BOSTON,1988,6,10,3210,288,1217,BOSTON:1988:10:6,55.2378804069547,62.69531547982,1178,1211.34022705804,1208.07200714064
1988-10-15,BOSTON,1988,7,10,3211,289,1153,BOSTON:1988:10:7,54.863957916516,49.0573946993231,1193,1135.97556588593,1189.20444447597
1988-10-16,BOSTON,1988,1,10,3212,290,1097,BOSTON:1988:10:1,54.4899292284406,22.5432608014687,1059,1067.48975022585,1023.18807383571
1988-10-17,BOSTON,1988,2,10,3213,291,1175,BOSTON:1988:10:2,54.1159054616146,88.6544472959503,1236,1203.45338808061,1220.5137548272
1988-10-18,BOSTON,1988,3,10,3214,292,1197,BOSTON:1988:10:3,53.741997739538,62.6012706088418,1454,1424.03680036286,1220.72399134495
1988-10-19,BOSTON,1988,4,10,3215,293,1261,BOSTON:1988:10:4,53.3683171574419,77.0871277744343,1359,1360.36627330781,1328.10696179687
1988-10-20,BOSTON,1988,5,10,3216,294,1240,BOSTON:1988:10:5,52.9949747494101,45.7908988397247,1206,1235.84505670847,1217.21320955772
1988-10-21,BOSTON,1988,6,10,3217,295,1251,BOSTON:1988:10:6,52.6220814555184,84.3383104584411,1486,1483.42188013581,1273.9438948688
1988-10-22,BOSTON,1988,7,10,3218,296,1158,BOSTON:1988:10:7,52.2497480889995,43.7375927056398,1160,1200.06688484531,1224.15886367368
1988-10-23,BOSTON,1988,1,10,3219,297,1157,BOSTON:1988:10:1,51.878085303444,74.2707414290379,1233,1206.13370174195,1075.91532478094
1988-10-24,BOSTON,1988,2,10,3220,298,1114,BOSTON:1988:10:2,51.5072035600455,17.0130621592538,1256,1227.68505760303,1174.65172843361
1988-10-25,BOSTON,1988,3,10,3221,299,1223,BOSTON:1988:10:3,51.1372130949035,77.2991988903828,1229,1215.52315764953,1214.35266896666
1988-10-26,BOSTON,1988,4,10,3222,300,1212,BOSTON:1988:10:4,50.7682238863881,20.9443034343522,1249,1269.13034153322,1278.33007784353
1988-10-27,BOSTON,1988,5,10,3223,301,1280,BOSTON:1988:10:5,50.4003456225814,72.5696431836309,1205,1214.29332878687,1227.52692399643
1988-10-28,BOSTON,1988,6,10,3224,302,1231,BOSTON:1988:10:6,50.0336876688019,56.0567002268002,1173,1210.79990718672,1245.3418055485
1988-10-29,BOSTON,1988,7,10,3225,303,1187,BOSTON:1988:10:7,49.6683590352233,62.4606038495596,1198,1153.81581451799,1219.74247460776
1988-10-30,BOSTON,1988,1,10,3226,304,1157,BOSTON:1988:10:1,49.3044683445956,64.2955089958164,1073,1045.866206291,1064.89743564236
1988-10-31,BOSTON,1988,2,10,3227,305,1140,BOSTON:1988:10:2,48.9421238000807,33.5494933016901,1345,1336.71248509531,1162.42393527443
1988-11-01,BOSTON,1988,3,11,3228,306,1216,BOSTON:1988:11:3,48.5814331532091,60.727382229139,1053,1095.53764265979,1130.49164392356
1988-11-02,BOSTON,1988,4,11,3229,307,1236,BOSTON:1988:11:4,48.2225036719689,34.0152601623782,1083,1130.10658109581,1209.73855515525
1988-11-03,BOSTON,1988,5,11,3230,308,1269,BOSTON:1988:11:5,47.865442109036,52.8386463403913,1392,1369.81845258422,1225.68556539897
1988-11-04,BOSTON,1988,6,11,3231,309,1200,BOSTON:1988:11:6,47.5103546701557,16.3397873681224,1161,1134.48154128751,1083.96848761124
1988-11-05,BOSTON,1988,7,11,3232,310,1170,BOSTON:1988:11:7,47.1573469826834,36.4899361591668,1246,1242.92656620771,1278.06566787334
1988-11-06,BOSTON,1988,1,11,3233,311,1149,BOSTON:1988:11:1,46.8065240642956,46.6440599657564,1040,1019.87453688169,1153.97954022527
1988-11-07,BOSTON,1988,2,11,3234,312,1164,BOSTON:1988:11:2,46.4579902918796,48.6762192220214,1098,1095.45487518718,1133.8639868082
1988-11-08,BOSTON,1988,3,11,3235,313,1234,BOSTON:1988:11:3,46.1118493706101,68.2156357878933,1178,1141.73343526329,1144.8447176136
1988-11-09,BOSTON,1988,4,11,3236,314,1260,BOSTON:1988:11:4,45.7682043032245,46.4910569598422,1105,1084.76032227225,1226.15008553487
1988-11-10,BOSTON,1988,5,11,3237,315,1299,BOSTON:1988:11:5,45.4271573595027,69.8533634723419,1223,1200.33974692581,1248.89075020842
1988-11-11,BOSTON,1988,6,11,3238,316,1247,BOSTON:1988:11:6,45.0888100459636,51.6823104706057,1134,1111.09641895554,1110.28348279271
1988-11-12,BOSTON,1988,7,11,3239,317,1191,BOSTON:1988:11:7,44.7532630757846,47.4059334699482,1219,1231.6079210529,1294.88265964292
1988-11-13,BOSTON,1988,1,11,3240,318,1165,BOSTON:1988:11:1,44.4206163389555,53.313445279835,1057,1071.5308463981,1157.31236280653
1988-11-14,BOSTON,1988,2,11,3241,319,1155,BOSTON:1988:11:2,44.0909688726731,29.5291355361894,1093,1080.87865855892,1115.10191327614
1988-11-15,BOSTON,1988,3,11,3242,320,1223,BOSTON:1988:11:3,43.7644188319875,48.4711585128291,1029,1059.71945364966,1112.47226266696
1988-11-16,BOSTON,1988,4,11,3243,321,1305,BOSTON:1988:11:4,43.4410634607071,78.4060622326093,1283,1271.50609241592,1252.75099906751
1988-11-17,BOSTON,1988,5,11,3244,322,1312,BOSTON:1988:11:5,43.1209990625727,72.5527768546241,1078,1076.43340438679,1279.34424292166
1988-11-18,BOSTON,1988,6,11,3245,323,1267,BOSTON:1988:11:6,42.8043209727063,61.6583445424355,956,912.150699029749,1138.0729785757
1988-11-19,BOSTON,1988,7,11,3246,324,1220,BOSTON:1988:11:7,42.491123529348,66.5524133431832,1498,1429.06483455313,1335.67466785113
1988-11-20,BOSTON,1988,1,11,3247,325,1193,BOSTON:1988:11:1,42.1815000458832,71.7410908414263,1344,1252.94040347092,1201.61245386071
1988-11-21,BOSTON,1988,2,11,3248,326,1183,BOSTON:1988:11:2,41.8755427831737,48.9308523540338,1241,1218.0009686019,1156.29232674907
1988-11-22,BOSTON,1988,3,11,3249,327,1215,BOSTON:1988:11:3,41.5733429221975,32.3194778957943,949,929.603062845136,1117.78031808693
1988-11-23,BOSTON,1988,4,11,3250,328,1292,BOSTON:1988:11:4,41.2749905370079,58.5652355940916,1322,1316.57336590658,1222.48401654602
1988-11-24,BOSTON,1988,5,11,3251,329,1285,BOSTON:1988:11:5,40.9805745680171,39.9208263123694,1284,1281.7154017616,1223.07944146834
1988-11-25,BOSTON,1988,6,11,3252,330,1217,BOSTON:1988:11:6,40.6901827956156,6.02694036565508,1162,1148.3515232901,1080.67505102187
1988-11-26,BOSTON,1988,7,11,3253,331,1214,BOSTON:1988:11:7,40.403901814132,52.5238730158871,1238,1250.52076614254,1292.37700463197
1988-11-27,BOSTON,1988,1,11,3254,332,1162,BOSTON:1988:11:1,40.1218170061429,33.3771475049389,1227,1232.80277781941,1155.09564310745
1988-11-28,BOSTON,1988,2,11,3255,333,1214,BOSTON:1988:11:2,39.8440125171404,71.5667549433496,1139,1146.81048534882,1165.74177316385
1988-11-29,BOSTON,1988,3,11,3256,334,1204,BOSTON:1988:11:3,39.5705712305636,13.9765705911697,1424,1405.22266858668,1127.41105770756
1988-11-30,BOSTON,1988,4,11,3257,335,1270,BOSTON:1988:11:4,39.3015747432024,30.741970928701,1332,1345.9995295859,1213.87634370034
1988-12-01,BOSTON,1988,5,12,3258,336,1324,BOSTON:1988:12:5,39.037103340981,67.0270956377698,1384,1433.76034225444,1277.26292957015
1988-12-02,BOSTON,1988,6,12,3259,337,1283,BOSTON:1988:12:6,38.777235975128,60.0111066672134,1239,1192.54097810629,1228.43637973996
1988-12-03,BOSTON,1988,7,12,3260,338,1208,BOSTON:1988:12:7,38.5220502387396,38.9719643141738,1118,1138.55352410694,1197.15462133674
1988-12-04,BOSTON,1988,1,12,3261,339,1141,BOSTON:1988:12:1,38.2716223437444,4.53818385751099,1032,998.884349284693,1022.58676772368
1988-12-05,BOSTON,1988,2,12,3262,340,1170,BOSTON:1988:12:2,38.0260270982742,20.5451463381521,1193,1165.68957020774,1106.61872960391
1988-12-06,BOSTON,1988,3,12,3263,341,1222,BOSTON:1988:12:3,37.7853378844507,24.2045083646722,1265,1198.08826076808,1152.49896759292
1988-12-07,BOSTON,1988,4,12,3264,342,1298,BOSTON:1988:12:4,37.5496266365917,48.8703094239281,1309,1246.9219779919,1180.80979596572
1988-12-08,BOSTON,1988,5,12,3265,343,1267,BOSTON:1988:12:5,37.3189638198451,9.19135375107688,1124,1134.1858916797,1252.31126873599
1988-12-09,BOSTON,1988,6,12,3266,344,1301,BOSTON:1988:12:6,37.0934184092568,69.6637499762238,1180,1227.95626084487,1231.08029157949
1988-12-10,BOSTON,1988,7,12,3267,345,1240,BOSTON:1988:12:7,36.8730578692771,62.5787139223098,1463,1455.86991206394,1224.90783366898
1988-12-11,BOSTON,1988,1,12,3268,346,1165,BOSTON:1988:12:1,36.6579481337149,21.5983281151321,1055,1020.83973442942,1046.96936188026
1988-12-12,BOSTON,1988,2,12,3269,347,1188,BOSTON:1988:12:2,36.4481535861422,31.8762602429059,1079,1092.2303982069,1121.74050338657
1988-12-13,BOSTON,1988,3,12,3270,348,1230,BOSTON:1988:12:3,36.243737040757,25.1101699808787,938,1022.57450997866,1147.94780236847
1988-12-14,BOSTON,1988,4,12,3271,349,1279,BOSTON:1988:12:4,36.0447597237095,25.4138579837769,1077,1072.24540758972,1154.68647191872
1988-12-15,BOSTON,1988,5,12,3272,350,1288,BOSTON:1988:12:5,35.8512812548974,22.1434065209427,1127,1187.05887731446,1239.29714607417
1988-12-16,BOSTON,1988,6,12,3273,351,1303,BOSTON:1988:12:6,35.6633596302347,64.6794774027879,1160,1194.2006519859,1216.3792807378
1988-12-17,BOSTON,1988,7,12,3274,352,1202,BOSTON:1988:12:7,35.4810512044015,20.3315707926186,1028,1077.82222375304,1187.19082430537
1988-12-18,BOSTON,1988,1,12,3275,353,1211,BOSTON:1988:12:1,35.3044106740768,61.0537230036485,1082,1071.81887360516,1057.44099942371
1988-12-19,BOSTON,1988,2,12,3276,354,1220,BOSTON:1988:12:2,35.1334910616629,57.3018816961326,1142,1142.93247798279,1147.42866186179
1988-12-20,BOSTON,1988,3,12,3277,355,1223,BOSTON:1988:12:3,34.9683436995031,12.8894423494706,1328,1311.88653073635,1152.96477110457
1988-12-21,BOSTON,1988,4,12,3278,356,1274,BOSTON:1988:12:4,34.8090182145989,15.7148715638487,1158,1176.88808390216,1150.62768855794
1988-12-22,BOSTON,1988,5,12,3279,357,1321,BOSTON:1988:12:5,34.6555625138314,46.2493711154418,1139,1108.864539204,1251.45642233868
1988-12-23,BOSTON,1988,6,12,3280,358,1272,BOSTON:1988:12:6,34.5080227696904,32.2735706007676,1069,1085.44496561756,1195.94006422885
1988-12-24,BOSTON,1988,7,12,3281,359,1193,BOSTON:1988:12:7,34.3664434065165,7.04124788307193,895,933.331017625841,1174.39880803696
1988-12-25,BOSTON,1988,1,12,3282,360,1163,BOSTON:1988:12:1,34.2308670872593,9.42624792072493,987,943.42486413764,1029.00287097585
1988-12-26,BOSTON,1988,2,12,3283,361,1187,BOSTON:1988:12:2,34.1013347007566,21.3035380373941,1084,1057.67458478349,1122.21210514577
1988-12-27,BOSTON,1988,3,12,3284,362,1258,BOSTON:1988:12:3,33.9778853495374,41.4820952349111,1096,1089.69779729978,1173.5884589357
1988-12-28,BOSTON,1988,4,12,3285,363,1334,BOSTON:1988:12:4,33.8605563381532,65.1516246927747,1151,1142.29277220793,1208.87604356017
1988-12-29,BOSTON,1988,5,12,3286,364,1306,BOSTON:1988:12:5,33.7493831620405,28.3304150312061,1514,1529.50271159707,1267.67223328128
1988-12-30,BOSTON,1988,6,12,3287,365,1311,BOSTON:1988:12:6,33.6443994969184,63.498599995585,1439,1495.08539161568,1215.16398371056
1988-12-31,BOSTON,1988,7,12,3288,366,1195,BOSTON:1988:12:7,33.5456371887236,5.52051375132273,1452,1481.2754340943,1172.34791265313
1989-01-01,BOSTON,1989,1,1,3289,1,1217,BOSTON:1989:1:1,33.4531262440871,59.0933533774953,1222,1259.36398976097,1226.48527297915
1989-01-02,BOSTON,1989,2,1,3290,2,1186,BOSTON:1989:1:2,33.3668948213535,16.6010709565098,1142,1120.1584971301,1112.89031692054
1989-01-03,BOSTON,1989,3,1,3291,3,1236,BOSTON:1989:1:3,33.2869692221482,18.1692371731822,1099,1069.95412614602,1092.09525487538
1989-01-04,BOSTON,1989,4,1,3292,4,1276,BOSTON:1989:1:4,33.2133738834923,9.82343442491722,1098,1101.84713897329,1200.55463919966
1989-01-05,BOSTON,1989,5,1,3293,5,1278,BOSTON:1989:1:5,33.1461313704699,0.243095337666489,1164,1182.55042041893,1279.23088544478
1989-01-06,BOSTON,1989,6,1,3294,6,1250,BOSTON:1989:1:6,33.0852623694478,4.95356726841013,1397,1382.67580097718,1259.34377446212
1989-01-07,BOSTON,1989,7,1,3295,7,1199,BOSTON:1989:1:7,33.0307856818521,6.42082830535711,1209,1256.76621566198,1309.41070220583
1989-01-08,BOSTON,1989,1,1,3296,8,1171,BOSTON:1989:1:1,32.9827182185015,11.5732258864788,1321,1256.59008333209,1240.4634012649
1989-01-09,BOSTON,1989,2,1,3297,9,1230,BOSTON:1989:1:2,32.9410749944994,56.0125567825647,1233,1180.55024701454,1160.64999629932
1989-01-10,BOSTON,1989,3,1,3298,10,1219,BOSTON:1989:1:3,32.9058691246879,0,1009,1024.08249465902,1120.22042495499
1989-01-11,BOSTON,1989,4,1,3299,11,1295,BOSTON:1989:1:4,32.8771118196626,24.8754753271085,1244,1301.78316242883,1221.01255057788
1989-01-12,BOSTON,1989,5,1,3300,12,1350,BOSTON:1989:1:5,32.8548123823515,61.8597330684809,1250,1279.25934222284,1323.58914653268
1989-01-13,BOSTON,1989,6,1,3301,13,1246,BOSTON:1989:1:6,32.8389782051581,0,1180,1173.66705071081,1262.89925511616
1989-01-14,BOSTON,1989,7,1,3302,14,1214,BOSTON:1989:1:7,32.8296147676695,19.5051848626274,1487,1461.30434573106,1294.63392064609
1989-01-15,BOSTON,1989,1,1,3303,15,1189,BOSTON:1989:1:1,32.8267256349307,27.821913889328,1272,1254.21170636704,1221.45767162194
1989-01-16,BOSTON,1989,2,1,3304,16,1211,BOSTON:1989:1:2,32.830312456285,37.1794870512573,1118,1132.15076650257,1120.79694468146
1989-01-17,BOSTON,1989,3,1,3305,17,1288,BOSTON:1989:1:3,32.8403749647817,62.2939576539478,965,1018.51602389492,1127.51164152036
1989-01-18,BOSTON,1989,4,1,3306,18,1307,BOSTON:1989:1:4,32.8569109771506,34.0414803206094,1210,1212.83907751249,1216.38305809113
1989-01-19,BOSTON,1989,5,1,3307,19,1337,BOSTON:1989:1:5,32.8799163943432,49.6827142799549,1413,1396.93316561748,1284.28937773812
1989-01-20,BOSTON,1989,6,1,3308,20,1293,BOSTON:1989:1:6,32.909385202642,41.1586151776867,1229,1264.39265714023,1242.64135606162
1989-01-21,BOSTON,1989,7,1,3309,21,1208,BOSTON:1989:1:7,32.9453094753348,12.347775148964,1205,1173.9818998501,1261.94355417833
1989-01-22,BOSTON,1989,1,1,3310,22,1196,BOSTON:1989:1:1,32.9876793749571,33.5959122298226,1280,1254.17445887223,1196.23334088012
1989-01-23,BOSTON,1989,2,1,3311,23,1176,BOSTON:1989:1:2,33.036483156098,2.31084750506465,1149,1102.79869347045,1092.09235714687
1989-01-24,BOSTON,1989,3,1,3312,24,1277,BOSTON:1989:1:3,33.091707168773,52.3068561215626,1206,1176.32497134612,1106.99027973613
1989-01-25,BOSTON,1989,4,1,3313,25,1283,BOSTON:1989:1:4,33.1533358623587,12.4506163392529,1297,1200.48698397553,1211.04975213363
1989-01-26,BOSTON,1989,5,1,3314,26,1346,BOSTON:1989:1:5,33.2213517900913,58.2165034109152,1373,1393.07391983237,1312.89059028111
1989-01-27,BOSTON,1989,6,1,3315,27,1285,BOSTON:1989:1:6,33.2957356141264,34.2597626962082,1225,1195.46504288344,1266.1156143605
1989-01-28,BOSTON,1989,7,1,3316,28,1211,BOSTON:1989:1:7,33.3764661111577,15.989960428205,1247,1252.34695577832,1282.01182296875
1989-01-29,BOSTON,1989,1,1,3317,29,1218,BOSTON:1989:1:1,33.4635201785957,55.3559814570715,1011,1024.29584036199,1221.36031325299
1989-01-30,BOSTON,1989,2,1,3318,30,1176,BOSTON:1989:1:2,33.5568728413011,3.24705187916259,947,994.072073565789,1102.5703849529
1989-01-31,BOSTON,1989,3,1,3319,31,1221,BOSTON:1989:1:3,33.6564972588736,0.49004077789737,1253,1193.01395041189,1085.18239890688
1989-02-01,BOSTON,1989,4,2,3320,32,1313,BOSTON:1989:2:4,33.7623647334932,40.5003065885923,1390,1364.8837048268,1388.14056602165
1989-02-02,BOSTON,1989,5,2,3321,33,1345,BOSTON:1989:2:5,33.8744447183112,58.1570083683605,1261,1244.7998621349,1372.29129703737
1989-02-03,BOSTON,1989,6,2,3322,34,1279,BOSTON:1989:2:6,33.9927048263889,30.6606461251904,1138,1157.37822760863,1214.21249477177
1989-02-04,BOSTON,1989,7,2,3323,35,1229,BOSTON:1989:2:7,34.1171108401813,34.2695225851111,877,885.565190419508,1107.93964969551
1989-02-05,BOSTON,1989,1,2,3324,36,1174,BOSTON:1989:2:1,34.2476267215633,13.9237992383377,1178,1162.41904263552,1136.56003112982
1989-02-06,BOSTON,1989,2,2,3325,37,1222,BOSTON:1989:2:2,34.384214622395,49.4752479465287,1032,1055.06339792071,1127.75821108079
1989-02-07,BOSTON,1989,3,2,3326,38,1258,BOSTON:1989:2:3,34.5268348956231,37.0734386404726,1200,1236.64671530515,1205.69663824777
1989-02-08,BOSTON,1989,4,2,3327,39,1269,BOSTON:1989:2:4,34.6754461069152,3.11520611248243,1459,1395.99687143086,1356.07363510101
1989-02-09,BOSTON,1989,5,2,3328,40,1341,BOSTON:1989:2:5,34.8300050468243,57.4200466707408,1248,1218.31344642986,1341.84836194627
1989-02-10,BOSTON,1989,6,2,3329,41,1263,BOSTON:1989:2:6,34.9904667434783,17.6652193174267,1311,1297.05420570256,1193.70008084324
1989-02-11,BOSTON,1989,7,2,3330,42,1228,BOSTON:1989:2:7,35.1567844757926,36.6582098547485,1114,1151.60260539905,1106.90052103949
1989-02-12,BOSTON,1989,1,2,3331,43,1180,BOSTON:1989:2:1,35.3289097872,23.2183568108264,1208,1168.10348665031,1151.52328277684
1989-02-13,BOSTON,1989,2,2,3332,44,1176,BOSTON:1989:2:2,35.5067924998965,8.23261139283737,997,1005.97219962064,1120.48394248715
1989-02-14,BOSTON,1989,3,2,3333,45,1280,BOSTON:1989:2:3,35.6903807295955,60.3116326931401,1267,1274.55098431589,1225.89469390878
1989-02-15,BOSTON,1989,4,2,3334,46,1311,BOSTON:1989:2:4,35.879620900789,44.6044234795884,1453,1425.38898476323,1397.16941014087
1989-02-16,BOSTON,1989,5,2,3335,47,1341,BOSTON:1989:2:5,36.0744577625096,60.4390794273727,1472,1530.20906811862,1358.88214803081
1989-02-17,BOSTON,1989,6,2,3336,48,1251,BOSTON:1989:2:6,36.2748344045896,10.0956612046641,1029,1065.57850817183,1187.53366807126
1989-02-18,BOSTON,1989,7,2,3337,49,1237,BOSTON:1989:2:7,36.4806922744112,48.2583051626654,1290,1246.05084209193,1102.99329960072
1989-02-19,BOSTON,1989,1,2,3338,50,1198,BOSTON:1989:2:1,36.6919711941441,44.247283326607,1020,1077.82600890432,1154.96573876992
1989-02-20,BOSTON,1989,2,2,3339,51,1234,BOSTON:1989:2:2,36.9086093784656,68.1052543971103,1249,1238.10894267069,1157.90582210157
1989-02-21,BOSTON,1989,3,2,3340,52,1256,BOSTON:1989:2:3,37.1305434527563,42.7742534694949,1176,1172.86558405341,1218.56126673044
1989-02-22,BOSTON,1989,4,2,3341,53,1283,BOSTON:1989:2:4,37.3577084717673,23.577008182123,1197,1190.69306665529,1357.616388736
1989-02-23,BOSTON,1989,5,2,3342,54,1345,BOSTON:1989:2:5,37.5900379387545,68.0245775548624,1435,1370.34284769225,1342.9781929872
1989-02-24,BOSTON,1989,6,2,3343,55,1302,BOSTON:1989:2:6,37.8274638250708,61.9326191836275,1336,1338.86245662817,1218.55375631327
1989-02-25,BOSTON,1989,7,2,3344,56,1215,BOSTON:1989:2:7,38.0699165902149,32.7900514324244,1146,1190.11915560752,1109.16652966381
1989-02-26,BOSTON,1989,1,2,3345,57,1186,BOSTON:1989:2:1,38.3173252023271,37.3138811705149,1183,1178.96754939228,1145.95094732381
1989-02-27,BOSTON,1989,2,2,3346,58,1218,BOSTON:1989:2:2,38.5696171591284,57.3660277965704,1263,1200.56719228923,1134.8520243305
1989-02-28,BOSTON,1989,3,2,3347,59,1228,BOSTON:1989:2:3,38.8267185092951,21.4860957880551,1201,1195.37630050065,1193.8474011132
1989-03-01,BOSTON,1989,4,3,3348,60,1319,BOSTON:1989:3:4,39.0885538742643,60.9313511843559,1235,1260.86240934181,1213.43692844186
1989-03-02,BOSTON,1989,5,3,3349,61,1331,BOSTON:1989:3:5,39.3550464704626,61.9017250377678,1362,1386.05764571468,1328.29951639744
1989-03-03,BOSTON,1989,6,3,3350,62,1265,BOSTON:1989:3:6,39.626118131951,33.8397110426245,1282,1288.66367091931,1219.61325955634
1989-03-04,BOSTON,1989,7,3,3351,63,1248,BOSTON:1989:3:7,39.9016893334813,69.0480055060364,1303,1290.50424848608,1159.50943463948
1989-03-05,BOSTON,1989,1,3,3352,64,1153,BOSTON:1989:3:1,40.1816792139552,10.1429763301975,1275,1236.77943101213,1165.59565585107
1989-03-06,BOSTON,1989,2,3,3353,65,1217,BOSTON:1989:3:2,40.4660056002806,62.1727315389919,1240,1233.0153684137,1130.57520245452
1989-03-07,BOSTON,1989,3,3,3354,66,1241,BOSTON:1989:3:3,40.7545850316167,39.7678980191342,1199,1167.68567742914,1145.82641948736
1989-03-08,BOSTON,1989,4,3,3355,67,1275,BOSTON:1989:3:4,41.0473327840025,27.4137635425011,1058,1090.45244535321,1202.05879645661
1989-03-09,BOSTON,1989,5,3,3356,68,1311,BOSTON:1989:3:5,41.3441628953594,49.5953312250937,1231,1186.16271974001,1310.76710705111
1989-03-10,BOSTON,1989,6,3,3357,69,1253,BOSTON:1989:3:6,41.6449881908618,28.992724151364,1042,1088.32726344035,1208.39820004854
1989-03-11,BOSTON,1989,7,3,3358,70,1224,BOSTON:1989:3:7,41.9497203086691,52.6132972706297,1154,1118.48186359408,1136.34969573025
1989-03-12,BOSTON,1989,1,3,3359,71,1208,BOSTON:1989:3:1,42.2582697260083,71.3676511726232,1100,1089.20776188487,1200.27455117
1989-03-13,BOSTON,1989,2,3,3360,72,1195,BOSTON:1989:3:2,42.5705457856036,47.4060779721564,1084,1113.25260906235,1127.65553935264
1989-03-14,BOSTON,1989,3,3,3361,73,1248,BOSTON:1989:3:3,42.886456722442,52.5388061311579,1091,1068.29939503151,1140.54546371666
1989-03-15,BOSTON,1989,4,3,3362,74,1278,BOSTON:1989:3:4,43.2059096908682,37.3308083406204,1196,1136.85632888689,1194.26303607842
1989-03-16,BOSTON,1989,5,3,3363,75,1319,BOSTON:1989:3:5,43.5288107920015,64.2915213749321,1317,1295.37767135852,1314.86852077495
1989-03-17,BOSTON,1989,6,3,3364,76,1289,BOSTON:1989:3:6,43.8550651014649,69.2143986920693,1288,1255.26991182685,1249.5235537769
1989-03-18,BOSTON,1989,7,3,3365,77,1198,BOSTON:1989:3:7,44.18457669742,34.9037752377388,1009,1092.95031306202,1139.11341729905
1989-03-19,BOSTON,1989,1,3,3366,78,1172,BOSTON:1989:3:1,44.5172486888981,43.6729485627068,1257,1229.89001337088,1166.37679539668
1989-03-20,BOSTON,1989,2,3,3367,79,1213,BOSTON:1989:3:2,44.8529832444201,72.5976142852614,999,984.841018883339,1138.53148996862
1989-03-21,BOSTON,1989,3,3,3368,80,1229,BOSTON:1989:3:3,45.1916816208956,42.6592811064308,1216,1228.84405802094,1145.88263165012
1989-03-22,BOSTON,1989,4,3,3369,81,1257,BOSTON:1989:3:4,45.5332441927939,25.1862041253671,1374,1398.21600314762,1195.03484531756
1989-03-23,BOSTON,1989,5,3,3370,82,1304,BOSTON:1989:3:5,45.8775704815777,58.215511201022,1300,1188.79523183651,1308.61069632466
1989-03-24,BOSTON,1989,6,3,3371,83,1274,BOSTON:1989:3:6,46.2245591853904,62.6136461792673,1278,1259.65020570432,1239.29395327193
1989-03-25,BOSTON,1989,7,3,3372,84,1213,BOSTON:1989:3:7,46.5741082089892,57.2626995802795,1127,1090.5195385476,1158.02745233144
1989-03-26,BOSTON,1989,1,3,3373,85,1147,BOSTON:1989:3:1,46.9261146939143,26.410109931302,1064,1085.79865829328,1163.75299758288
1989-03-27,BOSTON,1989,2,3,3374,86,1212,BOSTON:1989:3:2,47.2804750488857,79.5344828777733,1222,1267.42589637556,1148.237768222
1989-03-28,BOSTON,1989,3,3,3375,87,1190,BOSTON:1989:3:3,47.6370849804183,13.1198865286236,1067,1048.26669783007,1140.74548514517
1989-03-29,BOSTON,1989,4,3,3376,88,1304,BOSTON:1989:3:4,47.9958395236468,76.1474981899669,1197,1203.51726187173,1255.2063937064
1989-03-30,BOSTON,1989,5,3,3377,89,1253,BOSTON:1989:3:5,48.3566330733508,19.6316332893245,1383,1288.23506621268,1330.45415945032
1989-03-31,BOSTON,1989,6,3,3378,90,1275,BOSTON:1989:3:6,48.719359415171,72.315993807332,1301,1303.06950661765,1274.17103335042
1989-04-01,BOSTON,1989,7,4,3379,91,1200,BOSTON:1989:4:7,49.083911757008,52.8783346703507,1285,1264.85761263547,1220.73796268138
1989-04-02,BOSTON,1989,1,4,3380,92,1169,BOSTON:1989:4:1,49.4501827605923,56.6893678735864,1322,1279.41746305572,1162.28604726416
1989-04-03,BOSTON,1989,2,4,3381,93,1195,BOSTON:1989:4:2,49.8180645732191,71.6133340802025,1262,1245.48444265173,1164.44272469131
1989-04-04,BOSTON,1989,3,4,3382,94,1202,BOSTON:1989:4:3,50.1874488596368,33.5956726087752,1076,1034.46135772292,1077.03916703056
1989-04-05,BOSTON,1989,4,4,3383,95,1232,BOSTON:1989:4:4,50.5582268340793,18.354513076162,1161,1194.8764365487,1155.40486422592
1989-04-06,BOSTON,1989,5,4,3384,96,1250,BOSTON:1989:4:5,50.930289292434,25.6104046774151,1201,1142.95187161864,1188.94749119801
1989-04-07,BOSTON,1989,6,4,3385,97,1214,BOSTON:1989:4:6,51.3035266445359,23.6808149534618,1117,1154.14967783922,1126.79495040477
1989-04-08,BOSTON,1989,7,4,3386,98,1167,BOSTON:1989:4:7,51.6778289465755,28.9562363884933,1199,1214.62695910526,1172.51988710844
1989-04-09,BOSTON,1989,1,4,3387,99,1188,BOSTON:1989:4:1,52.0530859336161,84.335682795094,1253,1182.12138091702,1193.20491822784
1989-04-10,BOSTON,1989,2,4,3388,100,1145,BOSTON:1989:4:2,52.4291870522057,31.0111919616093,1137,1125.46699675128,1155.00330202435
1989-04-11,BOSTON,1989,3,4,3389,101,1201,BOSTON:1989:4:3,52.8060214930768,41.0586752380798,1153,1142.20905768125,1084.37931183895
1989-04-12,BOSTON,1989,4,4,3390,102,1274,BOSTON:1989:4:4,53.1834782239238,66.6445236139188,1327,1277.84069904516,1199.92794968654
1989-04-13,BOSTON,1989,5,4,3391,103,1285,BOSTON:1989:4:5,53.5614460222485,67.104095132562,1139,1100.69889747389,1249.16817116345
1989-04-14,BOSTON,1989,6,4,3392,104,1221,BOSTON:1989:4:6,53.9398135082625,38.9672746905885,1116,1119.11845484765,1154.45428842768
1989-04-15,BOSTON,1989,7,4,3393,105,1169,BOSTON:1989:4:7,54.3184691778387,40.2568169165406,1328,1303.60873212547,1167.24422635007
1989-04-16,BOSTON,1989,1,4,3394,106,1145,BOSTON:1989:4:1,54.6973014355022,49.7940754087027,1159,1151.2360476954,1127.82026270721
1989-04-17,BOSTON,1989,2,4,3395,107,1152,BOSTON:1989:4:2,55.0761986274483,46.8602398812981,930,985.727183040133,1119.51214920485
1989-04-18,BOSTON,1989,3,4,3396,108,1236,BOSTON:1989:4:3,55.4550490745808,83.932205215888,1027,1048.31651246068,1114.51110371034
1989-04-19,BOSTON,1989,4,4,3397,109,1255,BOSTON:1989:4:4,55.8337411055594,58.2670319806106,1101,1094.32039765286,1204.82309608924
1989-04-20,BOSTON,1989,5,4,3398,110,1271,BOSTON:1989:4:5,56.2121630898465,63.7306790794965,1294,1297.56477068055,1240.13895176513
1989-04-21,BOSTON,1989,6,4,3399,111,1230,BOSTON:1989:4:6,56.590203470743,56.8963171869579,1249,1235.32262175143,1158.85751487632
1989-04-22,BOSTON,1989,7,4,3400,112,1177,BOSTON:1989:4:7,56.9677507984058,57.276500022465,1070,1065.89877939173,1192.50569952816
1989-04-23,BOSTON,1989,1,4,3401,113,1138,BOSTON:1989:4:1,57.3446937628332,52.0003134246226,1033,1044.58839078819,1144.83532379414
1989-04-24,BOSTON,1989,2,4,3402,114,1134,BOSTON:1989:4:2,57.7209212268131,37.9483503532024,1222,1180.48890223871,1112.04182407915
1989-04-25,BOSTON,1989,3,4,3403,115,1187,BOSTON:1989:4:3,58.0963222588198,45.4438375424379,1080,1083.05007942833,1060.07041741861
1989-04-26,BOSTON,1989,4,4,3404,116,1226,BOSTON:1989:4:4,58.4707861658533,40.3841950962667,1126,1143.15167994394,1154.84408999719
1989-04-27,BOSTON,1989,5,4,3405,117,1219,BOSTON:1989:4:5,58.8442025262085,23.9248694780436,1228,1185.79191612797,1183.74538587504
1989-04-28,BOSTON,1989,6,4,3406,118,1203,BOSTON:1989:4:6,59.2164612221669,39.8836624957759,1080,1108.33745149521,1121.89324629102
1989-04-29,BOSTON,1989,7,4,3407,119,1203,BOSTON:1989:4:7,59.5874524725998,92.4289760137373,1112,1081.83093192888,1240.99222433627
1989-04-30,BOSTON,1989,1,4,3408,120,1132,BOSTON:1989:4:1,59.9570668654732,55.2252674338623,1045,1052.80430854347,1183.85344800475
1989-05-01,BOSTON,1989,2,5,3409,121,1179,BOSTON:1989:5:2,60.325195390246,92.7566943866938,1105,1056.53299864991,1137.98120830086
1989-05-02,BOSTON,1989,3,5,3410,122,1175,BOSTON:1989:5:3,60.6917294701512,43.5991375758264,1266,1222.98629275454,1217.65821043121
1989-05-03,BOSTON,1989,4,5,3411,123,1212,BOSTON:1989:5:4,61.0565609943494,35.5366987262293,1368,1358.94785557505,1226.90032355273
1989-05-04,BOSTON,1989,5,5,3412,124,1254,BOSTON:1989:5:5,61.4195823499469,65.8010242080784,1247,1251.94942076453,1186.47271339362
1989-05-05,BOSTON,1989,6,5,3413,125,1211,BOSTON:1989:5:6,61.780686453869,57.1081403302489,1217,1262.22757635309,1174.24236732015
1989-05-06,BOSTON,1989,7,5,3414,126,1189,BOSTON:1989:5:7,62.1397667845767,87.5423556358609,1054,1088.34776667077,1135.51874483565
1989-05-07,BOSTON,1989,1,5,3415,127,1159,BOSTON:1989:5:1,62.4967174136195,91.5801035307463,1089,1139.31963489018,1014.80224668512
1989-05-08,BOSTON,1989,2,5,3416,128,1149,BOSTON:1989:5:2,62.851433037016,71.1330582319567,1153,1137.66901895105,1126.73720755202
1989-05-09,BOSTON,1989,3,5,3417,129,1211,BOSTON:1989:5:3,63.203809006448,87.0689531870476,1086,1070.49842136379,1273.58330561327
1989-05-10,BOSTON,1989,4,5,3418,130,1216,BOSTON:1989:5:4,63.553741360266,48.7315996412153,1206,1234.3601907779,1273.08230428129
1989-05-11,BOSTON,1989,5,5,3419,131,1272,BOSTON:1989:5:5,63.9011268542905,91.8401242761698,1402,1359.93306832406,1261.03317328308
1989-05-12,BOSTON,1989,6,5,3420,132,1183,BOSTON:1989:5:6,64.245862992404,39.1230900179762,1344,1263.17052280451,1207.94825323004
1989-05-13,BOSTON,1989,7,5,3421,133,1132,BOSTON:1989:5:7,64.5878480569227,39.5220284940443,1222,1263.71296552575,1083.53308603022
1989-05-14,BOSTON,1989,1,5,3422,134,1129,BOSTON:1989:5:1,64.9269811387406,70.4967116748215,970,949.119055274323,965.730681680441
1989-05-15,BOSTON,1989,2,5,3423,135,1169,BOSTON:1989:5:2,65.2631621672337,99.9146159369995,1284,1242.22318006756,1148.13478020543
1989-05-16,BOSTON,1989,3,5,3424,136,1182,BOSTON:1989:5:3,65.5962919399202,67.9398816057541,1339,1267.79156324024,1261.46625680865
1989-05-17,BOSTON,1989,4,5,3425,137,1198,BOSTON:1989:5:4,65.9262721518639,39.9220124048765,1172,1157.0536680811,1243.03551052101
1989-05-18,BOSTON,1989,5,5,3426,138,1212,BOSTON:1989:5:5,66.253005424814,43.6513637754337,1203,1257.97880338968,1163.50168896074
1989-05-19,BOSTON,1989,6,5,3427,139,1223,BOSTON:1989:5:6,66.5763953360723,85.794914468191,1048,1048.40682986728,1218.61162505905
1989-05-20,BOSTON,1989,7,5,3428,140,1161,BOSTON:1989:5:7,66.8963464470797,77.4321236070462,1200,1171.3754263203,1146.10691790267
1989-05-21,BOSTON,1989,1,5,3429,141,1122,BOSTON:1989:5:1,67.2127643317116,71.1449470879641,785,807.238846667964,985.068882078751
1989-05-22,BOSTON,1989,2,5,3430,142,1146,BOSTON:1989:5:2,67.5255556042765,84.7110562968527,1175,1181.56480017823,1126.62969442431
1989-05-23,BOSTON,1989,3,5,3431,143,1163,BOSTON:1989:5:3,67.8346279472083,56.8595292674348,1341,1355.5051417752,1222.51860102511
1989-05-24,BOSTON,1989,4,5,3432,144,1211,BOSTON:1989:5:4,68.1398901384431,60.526706193957,1423,1390.66452154145,1254.59464963668
1989-05-25,BOSTON,1989,5,5,3433,145,1219,BOSTON:1989:5:5,68.441252078474,58.0945214057196,936,906.947232346022,1176.99242436329
1989-05-26,BOSTON,1989,6,5,3434,146,1206,BOSTON:1989:5:6,68.738624817075,77.3340721967051,1190,1237.90696766559,1198.19775439197
1989-05-27,BOSTON,1989,7,5,3435,147,1122,BOSTON:1989:5:7,69.0319205796863,45.2841356908488,975,1043.0587964823,1085.84125123348
1989-05-28,BOSTON,1989,1,5,3436,148,1096,BOSTON:1989:5:1,69.3210527934528,51.5715400576986,1057,1043.58284548883,935.398189556065
1989-05-29,BOSTON,1989,2,5,3437,149,1154,BOSTON:1989:5:2,69.6059361129092,100,949,913.875340499039,1126.51710951712
1989-05-30,BOSTON,1989,3,5,3438,150,1203,BOSTON:1989:5:3,69.8864864453022,100,1254,1278.31496998801,1310.7736261253
1989-05-31,BOSTON,1989,4,5,3439,151,1216,BOSTON:1989:5:4,70.1626209755441,72.6590294976732,1161,1184.15724710864,1332.38721200908
1989-06-01,BOSTON,1989,5,6,3440,152,1191,BOSTON:1989:6:5,70.4342581907903,38.6057962494586,1263,1252.00974056555,1223.79767597051
1989-06-02,BOSTON,1989,6,6,3441,153,1199,BOSTON:1989:6:6,70.7013179046305,77.8599697268771,1268,1190.47868425427,1292.05918125009
1989-06-03,BOSTON,1989,7,6,3442,154,1155,BOSTON:1989:6:7,70.9637212808914,86.4812734918408,1055,1057.74325728661,1101.84624762968
1989-06-04,BOSTON,1989,1,6,3443,155,1113,BOSTON:1989:6:1,71.2213908570395,77.0329922057265,1201,1156.23449862608,1175.4021190982
1989-06-05,BOSTON,1989,2,6,3444,156,1120,BOSTON:1989:6:2,71.474250567179,73.32739166034,1188,1187.81386761415,1176.20656471541
1989-06-06,BOSTON,1989,3,6,3445,157,1153,BOSTON:1989:6:3,71.7222257646377,61.4858979604783,1147,1150.0691931751,1188.78048710507
1989-06-07,BOSTON,1989,4,6,3446,158,1178,BOSTON:1989:6:4,71.9652432441346,42.5695682066128,1178,1220.3840660474,1173.35305463856
1989-06-08,BOSTON,1989,5,6,3447,159,1192,BOSTON:1989:6:5,72.2032312635214,46.1907284037092,1076,1095.53722711219,1176.50339453715
1989-06-09,BOSTON,1989,6,6,3448,160,1177,BOSTON:1989:6:6,72.4361195650925,63.0473968412769,1281,1276.85563374643,1225.07364842973
1989-06-10,BOSTON,1989,7,6,3449,161,1142,BOSTON:1989:6:7,72.6638393964571,79.6740940817584,1141,1060.70842244929,1038.36098087123
1989-06-11,BOSTON,1989,1,6,3450,162,1086,BOSTON:1989:6:1,72.886323530967,54.5353593377346,990,983.206039323849,1101.91625060416
1989-06-12,BOSTON,1989,2,6,3451,163,1082,BOSTON:1989:6:2,73.1035062876934,39.373730092443,1125,1148.45007326066,1101.68573888658
1989-06-13,BOSTON,1989,3,6,3452,164,1146,BOSTON:1989:6:3,73.3153235509482,60.0064286303197,1187,1224.79234878861,1143.45909098178
1989-06-14,BOSTON,1989,4,6,3453,165,1173,BOSTON:1989:6:4,73.5217127893426,43.9825989832476,1166,1193.55273080573,1147.26836169981
1989-06-15,BOSTON,1989,5,6,3454,166,1196,BOSTON:1989:6:5,73.7226130743781,56.2864827178688,1211,1157.0854000748,1171.79552593428
1989-06-16,BOSTON,1989,6,6,3455,167,1157,BOSTON:1989:6:6,73.917965098564,48.7792108639147,1258,1276.96737538615,1204.19014955601
1989-06-17,BOSTON,1989,7,6,3456,168,1123,BOSTON:1989:6:7,74.1077111930566,65.0157435623909,981,960.017241803157,1006.02199060493
1989-06-18,BOSTON,1989,1,6,3457,169,1076,BOSTON:1989:6:1,74.2917953448142,49.1173771342966,1142,1138.7828672657,1077.75069433104
1989-06-19,BOSTON,1989,2,6,3458,170,1115,BOSTON:1989:6:2,74.4701632132627,79.2299298380375,1321,1269.25739829321,1134.02063624551
1989-06-20,BOSTON,1989,3,6,3459,171,1158,BOSTON:1989:6:3,74.642762146468,77.6303906324755,1079,1132.10998255602,1191.23867803481
1989-06-21,BOSTON,1989,4,6,3460,172,1176,BOSTON:1989:6:4,74.8095411968086,51.2680569894281,1276,1209.49714170792,1177.67628827078
1989-06-22,BOSTON,1989,5,6,3461,173,1243,BOSTON:1989:6:5,74.9704511361456,100,1339,1326.02023180735,1268.68427817584
1989-06-23,BOSTON,1989,6,6,3462,174,1188,BOSTON:1989:6:6,75.1254444704841,83.9379239473941,1343,1361.45632484377,1330.39688997776
1989-06-24,BOSTON,1989,7,6,3463,175,1099,BOSTON:1989:6:7,75.2744754541222,44.8136374608171,1026,1014.75951916248,1056.77078089253
1989-06-25,BOSTON,1989,1,6,3464,176,1076,BOSTON:1989:6:1,75.4175001032841,53.0817794286837,1136,1165.66293424499,1113.9309359697
1989-06-26,BOSTON,1989,2,6,3465,177,1119,BOSTON:1989:6:2,75.5544762092318,87.2961456899207,956,941.571808767248,1178.08706014958
1989-06-27,BOSTON,1989,3,6,3466,178,1181,BOSTON:1989:6:3,75.6853633508526,100,1394,1485.61966559356,1283.52174387946
1989-06-28,BOSTON,1989,4,6,3467,179,1220,BOSTON:1989:6:4,75.8101229067177,97.9174330481544,1192,1199.89083905084,1313.70229539607
1989-06-29,BOSTON,1989,5,6,3468,180,1203,BOSTON:1989:6:5,75.9287180666101,71.9019288484228,1242,1211.04472313149,1290.2191253835
1989-06-30,BOSTON,1989,6,6,3469,181,1152,BOSTON:1989:6:6,76.041113842516,52.3252128518697,1193,1211.58791628153,1291.28013078784
1989-07-01,BOSTON,1989,7,7,3470,182,1103,BOSTON:1989:7:7,76.147277079078,52.7513882434207,1020,976.311091570466,1057.35618122253
1989-07-02,BOSTON,1989,1,7,3471,183,1093,BOSTON:1989:7:1,76.2471764635068,74.7733873601777,1078,1051.90190240458,1004.72190785734
1989-07-03,BOSTON,1989,2,7,3472,184,1098,BOSTON:1989:7:2,76.3407825349474,69.0511702277341,1102,1075.59211218832,1120.93888114697
1989-07-04,BOSTON,1989,3,7,3473,185,1170,BOSTON:1989:7:3,76.4280676932986,97.0724438664484,1169,1125.40648128473,1272.3281447434
1989-07-05,BOSTON,1989,4,7,3474,186,1214,BOSTON:1989:7:4,76.5090062074822,95.3976027715478,1531,1520.89872842768,1198.76419499492
1989-07-06,BOSTON,1989,5,7,3475,187,1198,BOSTON:1989:7:5,76.5835742231588,69.5251209519933,1056,1027.01104806554,1178.03312066543
1989-07-07,BOSTON,1989,6,7,3476,188,1183,BOSTON:1989:7:6,76.6517497698899,85.765525410616,1193,1212.19753305256,1161.76010391123
1989-07-08,BOSTON,1989,7,7,3477,189,1118,BOSTON:1989:7:7,76.7135127677416,70.6003507852388,1250,1288.58209908603,1095.87880339649
1989-07-09,BOSTON,1989,1,7,3478,190,1084,BOSTON:1989:7:1,76.7688450333304,67.3461975738979,980,1005.56865567352,1019.73563338765
1989-07-10,BOSTON,1989,2,7,3479,191,1112,BOSTON:1989:7:2,76.8177302853071,85.2775720782444,1125,1103.5087509374,1159.49261396357
1989-07-11,BOSTON,1989,3,7,3480,192,1180,BOSTON:1989:7:3,76.8601541492786,100,1425,1471.58676286541,1312.0742519003
1989-07-12,BOSTON,1989,4,7,3481,193,1192,BOSTON:1989:7:4,76.8961041621658,75.2211819487418,958,1015.0607652461,1186.00211214642
1989-07-13,BOSTON,1989,5,7,3482,194,1213,BOSTON:1989:7:5,76.9255697759961,85.3580337329929,1182,1155.9805142629,1191.78195731775
1989-07-14,BOSTON,1989,6,7,3483,195,1158,BOSTON:1989:7:6,76.9485423611286,62.1942284530769,1048,1047.41840474003,1130.44197715633
1989-07-15,BOSTON,1989,7,7,3484,196,1117,BOSTON:1989:7:7,76.9650152089132,70.4947557669191,1188,1199.26014505123,1078.94895054876
1989-07-16,BOSTON,1989,1,7,3485,197,1089,BOSTON:1989:7:1,76.97498353378,73.1163865601932,1001,994.285718606628,1012.14820240788
1989-07-17,BOSTON,1989,2,7,3486,198,1089,BOSTON:1989:7:2,76.9784444747606,61.8258027606757,1058,1117.70662894881,1111.25655457737
1989-07-18,BOSTON,1989,3,7,3487,199,1181,BOSTON:1989:7:3,76.9753970964396,100,1169,1112.9520668542,1284.06774191967
1989-07-19,BOSTON,1989,4,7,3488,200,1221,BOSTON:1989:7:4,76.9658423893364,100,1201,1242.14744660689,1213.90596835381
1989-07-20,BOSTON,1989,5,7,3489,201,1227,BOSTON:1989:7:5,76.9497832697173,98.5693281324868,1402,1419.97803052259,1249.18048203813
1989-07-21,BOSTON,1989,6,7,3490,202,1188,BOSTON:1989:7:6,76.927224578837,91.5030763573368,1259,1297.399826842,1219.06759209836
1989-07-22,BOSTON,1989,7,7,3491,203,1102,BOSTON:1989:7:7,76.8981730816115,54.5122852822926,951,957.337798009257,1111.64412822259
1989-07-23,BOSTON,1989,1,7,3492,204,1064,BOSTON:1989:7:1,76.8626374647207,46.3409371453524,1045,1033.36321206499,1013.20126221618
1989-07-24,BOSTON,1989,2,7,3493,205,1078,BOSTON:1989:7:2,76.8206283341428,49.2812990940442,1081,1145.97672179318,1110.2381593953
1989-07-25,BOSTON,1989,3,7,3494,206,1173,BOSTON:1989:7:3,76.77215821212,100,1390,1414.42437047594,1284.52986143766
1989-07-26,BOSTON,1989,4,7,3495,207,1183,BOSTON:1989:7:4,76.7172415335579,66.8773561334154,1059,1047.16770874766,1150.32772450658
1989-07-27,BOSTON,1989,5,7,3496,208,1225,BOSTON:1989:7:5,76.6558946418576,96.6059362940491,1168,1213.91436133945,1189.00443997644
1989-07-28,BOSTON,1989,6,7,3497,209,1203,BOSTON:1989:7:6,76.5881357841838,100,1211,1249.27758009041,1199.73032683378
1989-07-29,BOSTON,1989,7,7,3498,210,1133,BOSTON:1989:7:7,76.5139851061685,85.8537153614742,1084,1114.50150840212,1149.17193661091
1989-07-30,BOSTON,1989,1,7,3499,211,1101,BOSTON:1989:7:1,76.4334646460528,84.4916048354398,1027,1016.69630230033,1081.19299412805
1989-07-31,BOSTON,1989,2,7,3500,212,1076,BOSTON:1989:7:2,76.3465983282693,46.0743916106328,1283,1332.5329221575,1147.07379091406
1989-08-01,BOSTON,1989,3,8,3501,213,1132,BOSTON:1989:8:3,76.2534119564637,58.1579837229631,1272,1321.26265716193,1106.2306895586
1989-08-02,BOSTON,1989,4,8,3502,214,1188,BOSTON:1989:8:4,76.1539332059623,69.908407403011,1010,1018.54224148929,1144.61573478733
1989-08-03,BOSTON,1989,5,8,3503,215,1229,BOSTON:1989:8:5,76.0481916156844,97.8304424577639,981,1019.42795022428,1334.62808431845
1989-08-04,BOSTON,1989,6,8,3504,216,1167,BOSTON:1989:8:6,75.9362185795018,67.4761043956661,1099,1129.71832125798,1141.03916031521
1989-08-05,BOSTON,1989,7,8,3505,217,1122,BOSTON:1989:8:7,75.8180473370503,72.1045634730744,1166,1166.04188001452,1046.61611442559
1989-08-06,BOSTON,1989,1,8,3506,218,1100,BOSTON:1989:8:1,75.6937129639936,80.6292577397925,1060,1091.01693141783,1106.22431526042
1989-08-07,BOSTON,1989,2,8,3507,219,1082,BOSTON:1989:8:2,75.563252361744,49.7481182131649,1147,1201.09470470923,1010.22448830751
1989-08-08,BOSTON,1989,3,8,3508,220,1119,BOSTON:1989:8:3,75.4267042466417,41.3379900423787,1033,1063.7236710788,1067.51832777398
1989-08-09,BOSTON,1989,4,8,3509,221,1210,BOSTON:1989:8:4,75.2841091385962,87.7209900619382,1076,1057.99905793502,1143.57526238855
1989-08-10,BOSTON,1989,5,8,3510,222,1233,BOSTON:1989:8:5,75.1355093491948,98.5964021140463,1444,1450.72768856281,1349.88875536178
1989-08-11,BOSTON,1989,6,8,3511,223,1209,BOSTON:1989:8:6,74.9809489692781,100,1221,1229.37055750831,1219.91188733162
1989-08-12,BOSTON,1989,7,8,3512,224,1099,BOSTON:1989:8:7,74.8204738559906,43.9120168268453,1063,1098.58962371644,1067.7225537931
1989-08-13,BOSTON,1989,1,8,3513,225,1109,BOSTON:1989:8:1,74.6541316193054,86.4159372137385,1151,1122.1934451515,1134.69938926855
1989-08-14,BOSTON,1989,2,8,3514,226,1101,BOSTON:1989:8:2,74.4819716080319,66.491929452889,1127,1132.91506356919,1052.34358885747
1989-08-15,BOSTON,1989,3,8,3515,227,1160,BOSTON:1989:8:3,74.3040448953069,79.6330779711387,956,931.312771612595,1141.62169567763
1989-08-16,BOSTON,1989,4,8,3516,228,1175,BOSTON:1989:8:4,74.120404263574,48.837396711658,1220,1242.35274658285,1138.28820988773
1989-08-17,BOSTON,1989,5,8,3517,229,1194,BOSTON:1989:8:5,73.9311041890584,56.8394739178881,1269,1247.21853945455,1242.88520156206
1989-08-18,BOSTON,1989,6,8,3518,230,1168,BOSTON:1989:8:6,73.7362008257371,60.6504627149154,1217,1200.5775538903,1088.67094881563
1989-08-19,BOSTON,1989,7,8,3519,231,1146,BOSTON:1989:8:7,73.5357519888144,88.5939984649244,1038,1076.22164205787,1047.34585556911
1989-08-20,BOSTON,1989,1,8,3520,232,1080,BOSTON:1989:8:1,73.329817137702,51.537384159884,1071,1060.17729102746,1068.93495434565
1989-08-21,BOSTON,1989,2,8,3521,233,1089,BOSTON:1989:8:2,73.1184573585142,48.07114764787,906,909.809435918461,977.702085056722
1989-08-22,BOSTON,1989,3,8,3522,234,1163,BOSTON:1989:8:3,72.9017353460796,78.0895484991044,1161,1174.61793433055,1084.27273238628
1989-08-23,BOSTON,1989,4,8,3523,235,1172,BOSTON:1989:8:4,72.6797153854753,41.1202344771485,1098,1043.69672696296,1105.19232223395
1989-08-24,BOSTON,1989,5,8,3524,236,1211,BOSTON:1989:8:5,72.4524633330909,67.9029989429434,1346,1332.98060439094,1253.71324072908
1989-08-25,BOSTON,1989,6,8,3525,237,1184,BOSTON:1989:8:6,72.2200465972245,71.0097579007678,1010,1041.26294441974,1097.37800353985
1989-08-26,BOSTON,1989,7,8,3526,238,1133,BOSTON:1989:8:7,71.9825341182203,69.5197171650269,921,893.946905282127,1026.31547621445
1989-08-27,BOSTON,1989,1,8,3527,239,1104,BOSTON:1989:8:1,71.7399963481514,70.7741319435811,1104,1093.28553472619,1076.14134112672
1989-08-28,BOSTON,1989,2,8,3528,240,1133,BOSTON:1989:8:2,71.4925052300523,88.12344717844,894,953.550840421625,1033.72983777951
1989-08-29,BOSTON,1989,3,8,3529,241,1198,BOSTON:1989:8:3,71.240134176712,100,1146,1117.76304915326,1168.35655460311
1989-08-30,BOSTON,1989,4,8,3530,242,1234,BOSTON:1989:8:4,70.9829580490282,94.8115431596329,1365,1401.20938436394,1237.3284707011
1989-08-31,BOSTON,1989,5,8,3531,243,1193,BOSTON:1989:8:5,70.721053133934,43.5558956812427,1454,1485.75300713379,1312.88471802962
1989-09-01,BOSTON,1989,6,9,3532,244,1216,BOSTON:1989:9:6,70.4544971219,95.7540284503918,1226,1241.72594365346,1248.46626992675
1989-09-02,BOSTON,1989,7,9,3533,245,1145,BOSTON:1989:9:7,70.1833690840197,74.9329592285124,1301,1307.86372810006,1256.20907364022
1989-09-03,BOSTON,1989,1,9,3534,246,1122,BOSTON:1989:9:1,69.9077494486875,82.7372738414153,979,1005.75481918782,1153.44416019675
1989-09-04,BOSTON,1989,2,9,3535,247,1141,BOSTON:1989:9:2,69.6277199778697,89.9001034907988,1340,1398.46571055331,1269.07321593019
1989-09-05,BOSTON,1989,3,9,3536,248,1161,BOSTON:1989:9:3,69.3433637429835,62.5201510686303,1137,1177.57432808719,1137.50366650924
1989-09-06,BOSTON,1989,4,9,3537,249,1241,BOSTON:1989:9:4,69.0547651003847,93.784168360083,1173,1182.59834436374,1211.62963767764
1989-09-07,BOSTON,1989,5,9,3538,250,1204,BOSTON:1989:9:5,68.7620096664742,47.0343969377555,1201,1262.17665631347,1184.57119980435
1989-09-08,BOSTON,1989,6,9,3539,251,1196,BOSTON:1989:9:6,68.4651842924324,68.1656986080599,1082,1099.71254660089,1177.49574440467
1989-09-09,BOSTON,1989,7,9,3540,252,1120,BOSTON:1989:9:7,68.1643770385829,41.5674814844799,1098,1100.1964309572,1158.78746181896
1989-09-10,BOSTON,1989,1,9,3541,253,1097,BOSTON:1989:9:1,67.859677148401,48.8661085836358,1093,1065.12748599182,1044.80926052745
1989-09-11,BOSTON,1989,2,9,3542,254,1155,BOSTON:1989:9:2,67.5511750221673,95.9360277761195,1244,1277.39062597898,1219.36667809085
1989-09-12,BOSTON,1989,3,9,3543,255,1172,BOSTON:1989:9:3,67.238962190281,65.4032033132942,1201,1084.7683524332,1113.99773778991
1989-09-13,BOSTON,1989,4,9,3544,256,1224,BOSTON:1989:9:4,66.9231312862332,69.756505831677,1122,1160.58992882912,1142.94297324861
1989-09-14,BOSTON,1989,5,9,3545,257,1268,BOSTON:1989:9:5,66.6037760192556,99.7694483475787,1247,1303.4458812742,1231.65722816615
1989-09-15,BOSTON,1989,6,9,3546,258,1237,BOSTON:1989:9:6,66.2809911466493,99.3510226512617,1417,1413.67879482017,1275.26109113987
1989-09-16,BOSTON,1989,7,9,3547,259,1165,BOSTON:1989:9:7,65.9548724457984,78.930035318843,1514,1474.10877393715,1276.57505841413
1989-09-17,BOSTON,1989,1,9,3548,260,1140,BOSTON:1989:9:1,65.6255166858854,85.2226574064651,1365,1399.55774915909,1157.1960698361
1989-09-18,BOSTON,1989,2,9,3549,261,1101,BOSTON:1989:9:2,65.2930215993066,31.7247468200613,1246,1245.14428943237,1206.04992850518
1989-09-19,BOSTON,1989,3,9,3550,262,1197,BOSTON:1989:9:3,64.9574858528044,80.9500876926299,1028,1008.8859705696,1150.27220582626
1989-09-20,BOSTON,1989,4,9,3551,263,1259,BOSTON:1989:9:4,64.6190090183206,94.2079002278895,1409,1417.23603126431,1216.85814720921
1989-09-21,BOSTON,1989,5,9,3552,264,1235,BOSTON:1989:9:5,64.2776915435787,60.1097373925257,1287,1339.64895378901,1202.91602140662
1989-09-22,BOSTON,1989,6,9,3553,265,1224,BOSTON:1989:9:6,63.9336347224079,78.3238694041856,1125,1148.89730589765,1202.7168479192
1989-09-23,BOSTON,1989,7,9,3554,266,1181,BOSTON:1989:9:7,63.5869406648128,85.7576760319209,1123,1131.82905653348,1228.98797199112
1989-09-24,BOSTON,1989,1,9,3555,267,1126,BOSTON:1989:9:1,63.2377122668022,62.3003642050953,1025,984.97362821904,1106.55050944038
1989-09-25,BOSTON,1989,2,9,3556,268,1163,BOSTON:1989:9:2,62.8860531799813,86.8960124097151,1099,1171.82753790075,1234.51017747292
1989-09-26,BOSTON,1989,3,9,3557,269,1187,BOSTON:1989:9:3,62.5320677809202,62.0332356217102,1152,1192.56734694032,1116.22638987215
1989-09-27,BOSTON,1989,4,9,3558,270,1199,BOSTON:1989:9:4,62.1758611403066,28.4127064254727,978,990.356039000845,1110.56924186369
1989-09-28,BOSTON,1989,5,9,3559,271,1243,BOSTON:1989:9:5,61.8175389918891,57.6501070497019,1024,1030.42031868311,1139.85555062182
1989-09-29,BOSTON,1989,6,9,3560,272,1214,BOSTON:1989:9:6,61.4572077012259,59.9119341024768,1191,1186.72137830285,1137.06004661182
1989-09-30,BOSTON,1989,7,9,3561,273,1172,BOSTON:1989:9:7,61.094974234241,68.1818144084018,1051,1015.00303583764,1166.44043413472
1989-10-01,BOSTON,1989,1,10,3562,274,1130,BOSTON:1989:10:1,60.730946125605,56.758216762592,1068,1045.730904894,1172.69348033731
1989-10-02,BOSTON,1989,2,10,3563,275,1133,BOSTON:1989:10:2,60.3652314469427,46.8676524446555,1128,1191.58783223224,1151.9266960005
1989-10-03,BOSTON,1989,3,10,3564,276,1207,BOSTON:1989:10:3,59.9979387748813,72.107183922903,1106,1106.55933054966,1117.35308932538
1989-10-04,BOSTON,1989,4,10,3565,277,1250,BOSTON:1989:10:4,59.6291771589485,67.2671756486115,1241,1215.55706620882,1152.40119280793
1989-10-05,BOSTON,1989,5,10,3566,278,1291,BOSTON:1989:10:5,59.2590560893263,92.4165539689097,1392,1353.68059933974,1404.15008124639
1989-10-06,BOSTON,1989,6,10,3567,279,1200,BOSTON:1989:10:6,58.8876854644758,36.1961153282454,1047,1051.68922457574,1214.62369644364
1989-10-07,BOSTON,1989,7,10,3568,280,1206,BOSTON:1989:10:7,58.5151755586361,91.6410287967977,1333,1371.69134391917,1373.23137590088
1989-10-08,BOSTON,1989,1,10,3569,281,1147,BOSTON:1989:10:1,58.1416369892126,63.6938367026327,1199,1257.73787794058,1229.36448266724
1989-10-09,BOSTON,1989,2,10,3570,282,1170,BOSTON:1989:10:2,57.7671806840624,74.4359489158194,1284,1327.72955060886,1229.75031391755
1989-10-10,BOSTON,1989,3,10,3571,283,1229,BOSTON:1989:10:3,57.3919178486826,82.9991700860695,1139,1182.98822179532,1190.70462820246
1989-10-11,BOSTON,1989,4,10,3572,284,1261,BOSTON:1989:10:4,57.0159599333193,67.3399872085203,1095,1083.89932438093,1190.19306199264
1989-10-12,BOSTON,1989,5,10,3573,285,1278,BOSTON:1989:10:5,56.6394185999981,70.268146852368,1368,1333.59610729725,1385.99481256329
1989-10-13,BOSTON,1989,6,10,3574,286,1268,BOSTON:1989:10:6,56.2624056894938,90.9757863638597,1368,1354.8094952112,1274.98483070198
1989-10-14,BOSTON,1989,7,10,3575,287,1205,BOSTON:1989:10:7,55.8850331882421,80.3411711867374,1575,1570.686310548,1390.31157135821
1989-10-15,BOSTON,1989,1,10,3576,288,1167,BOSTON:1989:10:1,55.5074131952088,74.1149698754261,1318,1398.78188122692,1246.60335481817
1989-10-16,BOSTON,1989,2,10,3577,289,1136,BOSTON:1989:10:2,55.1296578887235,29.7662305137459,1063,1078.53489453225,1186.11139816713
1989-10-17,BOSTON,1989,3,10,3578,290,1181,BOSTON:1989:10:3,54.7518794932861,26.4151048819062,1003,1048.31736317383,1105.28507230385
1989-10-18,BOSTON,1989,4,10,3579,291,1260,BOSTON:1989:10:4,54.3741902463615,55.9035661291807,1273,1296.98049196856,1144.94981225956
1989-10-19,BOSTON,1989,5,10,3580,292,1248,BOSTON:1989:10:5,53.9967023651639,32.4689704133721,1464,1451.72263072642,1312.737784884
1989-10-20,BOSTON,1989,6,10,3581,293,1257,BOSTON:1989:10:6,53.6195280134494,69.8220904787818,1120,1065.15581456185,1204.74735444872
1989-10-21,BOSTON,1989,7,10,3582,294,1187,BOSTON:1989:10:7,53.2427792683215,52.8638677847543,1075,1044.38035687893,1293.47905252443
1989-10-22,BOSTON,1989,1,10,3583,295,1131,BOSTON:1989:10:1,52.866568087058,27.8597088241185,1258,1280.22641825947,1145.80646858462
1989-10-23,BOSTON,1989,2,10,3584,296,1193,BOSTON:1989:10:2,52.491006273976,76.376194108943,1402,1376.61828613718,1180.90984253462
1989-10-24,BOSTON,1989,3,10,3585,297,1250,BOSTON:1989:10:3,52.1162054473354,83.0074826017773,1211,1246.39722345831,1161.53088900472
1989-10-25,BOSTON,1989,4,10,3586,298,1249,BOSTON:1989:10:4,51.7422770063002,36.2000003952142,1033,1033.85600393828,1154.45593293963
1989-10-26,BOSTON,1989,5,10,3587,299,1252,BOSTON:1989:10:5,51.3693320979595,26.8958822423823,1190,1148.92846832524,1311.11732130703
1989-10-27,BOSTON,1989,6,10,3588,300,1263,BOSTON:1989:10:6,50.9974815844227,65.4646225677472,1360,1375.165618992,1200.64411840259
1989-10-28,BOSTON,1989,7,10,3589,301,1200,BOSTON:1989:10:7,50.6268360099981,55.2005376161302,1380,1429.62386363331,1305.97800021714
1989-10-29,BOSTON,1989,1,10,3590,302,1135,BOSTON:1989:10:1,50.2575055684613,21.5926764335201,1106,1081.34646332563,1154.53221359079
1989-10-30,BOSTON,1989,2,10,3591,303,1180,BOSTON:1989:10:2,49.8896000704283,54.1134285654428,1023,1051.5602618506,1151.30174937769
1989-10-31,BOSTON,1989,3,10,3592,304,1234,BOSTON:1989:10:3,49.5232289108381,57.5914333351821,1221,1208.07341330929,1105.12632116302
1989-11-01,BOSTON,1989,4,11,3593,305,1278,BOSTON:1989:11:4,49.1585010365571,52.5478965305712,1208,1227.04642969331,1201.90667796568
1989-11-02,BOSTON,1989,5,11,3594,306,1279,BOSTON:1989:11:5,48.7955249141162,41.3398913241183,1070,1101.74876070322,1075.11133822058
1989-11-03,BOSTON,1989,6,11,3595,307,1249,BOSTON:1989:11:6,48.4344084975843,42.6011790377621,1264,1248.35984207937,1261.29136809052
1989-11-04,BOSTON,1989,7,11,3596,308,1232,BOSTON:1989:11:7,48.0752591965965,76.4190237075335,1402,1346.97153507324,1271.86931355351
1989-11-05,BOSTON,1989,1,11,3597,309,1183,BOSTON:1989:11:1,47.7181838445367,59.871722738445,1138,1129.56834290511,1167.48963565526
1989-11-06,BOSTON,1989,2,11,3598,310,1216,BOSTON:1989:11:2,47.3632886668942,79.1986049072161,1253,1253.56149297512,1299.70217747953
1989-11-07,BOSTON,1989,3,11,3599,311,1207,BOSTON:1989:11:3,47.0106792497936,22.596908523843,1134,1199.38099529551,1140.23545702817
1989-11-08,BOSTON,1989,4,11,3600,312,1287,BOSTON:1989:11:4,46.660460508715,50.8423751781765,1304,1300.42155566957,1202.09177819713
1989-11-09,BOSTON,1989,5,11,3601,313,1264,BOSTON:1989:11:5,46.3127366574116,18.2172392150022,1128,1190.41122555265,1075.98394440701
1989-11-10,BOSTON,1989,6,11,3602,314,1272,BOSTON:1989:11:6,45.9676111770296,54.6091088514277,1349,1369.1964411984,1286.73680380841
1989-11-11,BOSTON,1989,7,11,3603,315,1192,BOSTON:1989:11:7,45.6251867854484,28.5712799726501,1202,1160.12436181418,1247.94349820442
1989-11-12,BOSTON,1989,1,11,3604,316,1176,BOSTON:1989:11:1,45.2855654068395,43.8342249284602,1042,1057.66831156443,1139.24429075168
1989-11-13,BOSTON,1989,2,11,3605,317,1189,BOSTON:1989:11:2,44.9488481414628,43.3488935815295,1273,1193.00665188745,1238.86100185073
1989-11-14,BOSTON,1989,3,11,3606,318,1265,BOSTON:1989:11:3,44.6151352357044,67.749534382943,1295,1321.1787697599,1146.71063852165
1989-11-15,BOSTON,1989,4,11,3607,319,1321,BOSTON:1989:11:4,44.284526052362,71.9749519400659,1281,1252.26967878528,1229.77171918689
1989-11-16,BOSTON,1989,5,11,3608,320,1309,BOSTON:1989:11:5,43.957119041196,49.338419518507,912,956.294889090609,1095.37464557343
1989-11-17,BOSTON,1989,6,11,3609,321,1304,BOSTON:1989:11:6,43.633011709743,74.6986681128226,1470,1480.50689539023,1315.69530338799
1989-11-18,BOSTON,1989,7,11,3610,322,1202,BOSTON:1989:11:7,43.3123005944121,28.7407719314846,1109,1072.72296917893,1251.17317967402
1989-11-19,BOSTON,1989,1,11,3611,323,1193,BOSTON:1989:11:1,42.9950812318623,51.7674305848107,1145,1103.33552406726,1148.92676173317
1989-11-20,BOSTON,1989,2,11,3612,324,1206,BOSTON:1989:11:2,42.6814481306774,51.0943185717752,1358,1349.08789396548,1250.67731951026
1989-11-21,BOSTON,1989,3,11,3613,325,1258,BOSTON:1989:11:3,42.3714947433432,52.7747444168885,923,984.895806206429,1133.43430817296
1989-11-22,BOSTON,1989,4,11,3614,326,1276,BOSTON:1989:11:4,42.0653134385328,23.509056017382,1093,1080.52026457928,1179.25206234384
1989-11-23,BOSTON,1989,5,11,3615,327,1302,BOSTON:1989:11:5,41.7629954737159,35.0257007853608,1080,1138.12442493595,1060.95208201465
1989-11-24,BOSTON,1989,6,11,3616,328,1252,BOSTON:1989:11:6,41.4646309680906,18.4311184470211,1031,1036.39640796698,1250.27652471117
1989-11-25,BOSTON,1989,7,11,3617,329,1225,BOSTON:1989:11:7,41.1703088758549,42.5117208920455,1295,1290.20205039166,1237.01400856772
1989-11-26,BOSTON,1989,1,11,3618,330,1197,BOSTON:1989:11:1,40.8801169598173,46.7854135737453,1276,1280.9456113642,1145.33931186157
1989-11-27,BOSTON,1989,2,11,3619,331,1174,BOSTON:1989:11:2,40.5941417653621,11.1996143943206,1135,1172.40532429036,1229.75950115778
1989-11-28,BOSTON,1989,3,11,3620,332,1271,BOSTON:1989:11:3,40.312468594772,56.3356453635667,1203,1154.68723846394,1134.61959627651
1989-11-29,BOSTON,1989,4,11,3621,333,1312,BOSTON:1989:11:4,40.0351814819164,48.0198385343551,1128,1192.9191742432,1200.97776230675
1989-11-30,BOSTON,1989,5,11,3622,334,1330,BOSTON:1989:11:5,39.7623631673157,51.7250663799457,1205,1187.6685635831,1087.57798978417
1989-12-01,BOSTON,1989,6,12,3623,335,1268,BOSTON:1989:12:6,39.4940950735845,25.2234442336857,1156,1138.86037627138,1237.53247368371
1989-12-02,BOSTON,1989,7,12,3624,336,1220,BOSTON:1989:12:7,39.2304572812655,29.4702524040268,1238,1212.19398828067,1290.13357017298
1989-12-03,BOSTON,1989,1,12,3625,337,1206,BOSTON:1989:12:1,38.9715285050591,48.1461687046943,1231,1242.05064816366,1150.86247937507
1989-12-04,BOSTON,1989,2,12,3626,338,1243,BOSTON:1989:12:2,38.7173860704537,70.9248016423556,1114,1127.20104282983,1149.65665226858
1989-12-05,BOSTON,1989,3,12,3627,339,1249,BOSTON:1989:12:3,38.4681058907691,28.9955917955186,1243,1225.46151193649,1226.86827149948
1989-12-06,BOSTON,1989,4,12,3628,340,1286,BOSTON:1989:12:4,38.2237624446134,17.0830567739176,904,967.020436690252,1175.90472950308
1989-12-07,BOSTON,1989,5,12,3629,341,1303,BOSTON:1989:12:5,37.984428753766,20.7720422010559,1184,1252.86288714614,1187.3278435767
1989-12-08,BOSTON,1989,6,12,3630,342,1288,BOSTON:1989:12:6,37.7501763614883,36.7213639246357,1104,1121.30269086309,1244.46287966276
1989-12-09,BOSTON,1989,7,12,3631,343,1229,BOSTON:1989:12:7,37.5210753112716,31.4507907332537,1309,1301.64591024158,1313.8133045921
1989-12-10,BOSTON,1989,1,12,3632,344,1190,BOSTON:1989:12:1,37.2971941260289,25.2743672355678,1314,1270.55764691574,1153.44538041347
1989-12-11,BOSTON,1989,2,12,3633,345,1205,BOSTON:1989:12:2,37.0785997877326,27.0577477220874,956,917.374108727894,1114.36037898342
1989-12-12,BOSTON,1989,3,12,3634,346,1279,BOSTON:1989:12:3,36.8653577175105,49.7355055138582,1293,1325.09925830449,1223.06818593373
1989-12-13,BOSTON,1989,4,12,3635,347,1344,BOSTON:1989:12:4,36.6575317561997,62.0779803104138,1166,1201.67954971438,1210.43942127921
1989-12-14,BOSTON,1989,5,12,3636,348,1326,BOSTON:1989:12:5,36.4551841453689,34.2829956822137,1225,1234.25525394103,1207.03623677146
1989-12-15,BOSTON,1989,6,12,3637,349,1301,BOSTON:1989:12:6,36.2583755088129,42.0583723500461,1323,1344.40258107153,1240.25399429832
1989-12-16,BOSTON,1989,7,12,3638,350,1240,BOSTON:1989:12:7,36.0671648345228,35.9663626001488,1276,1250.94746867256,1293.33498792378
1989-12-17,BOSTON,1989,1,12,3639,351,1219,BOSTON:1989:12:1,35.8816094571426,47.593159476824,1091,1054.31090261894,1149.7701773277
1989-12-18,BOSTON,1989,2,12,3640,352,1233,BOSTON:1989:12:2,35.7017650409107,48.8528934121569,1208,1194.37213804752,1119.82479118085
1989-12-19,BOSTON,1989,3,12,3641,353,1240,BOSTON:1989:12:3,35.5276855630979,8.04078031705615,1105,1118.68366522198,1196.93862748176
1989-12-20,BOSTON,1989,4,12,3642,354,1290,BOSTON:1989:12:4,35.3594232979406,8.21407210083572,1360,1392.70570538063,1165.21889401004
1989-12-21,BOSTON,1989,5,12,3643,355,1368,BOSTON:1989:12:5,35.1970288010799,65.4916411165633,1172,1120.62689937741,1229.23248612837
1989-12-22,BOSTON,1989,6,12,3644,356,1293,BOSTON:1989:12:6,35.040550894507,29.5718621592343,1352,1345.13190884715,1269.0058563476
1989-12-23,BOSTON,1989,7,12,3645,357,1249,BOSTON:1989:12:7,34.8900366520205,39.3218406258778,1402,1373.89610586919,1328.23547621902
1989-12-24,BOSTON,1989,1,12,3646,358,1244,BOSTON:1989:12:1,34.7455313852014,66.6824845367999,928,922.076035300445,1191.33687261836
1989-12-25,BOSTON,1989,2,12,3647,359,1201,BOSTON:1989:12:2,34.6070786299078,13.3215537214545,1228,1229.77631768105,1122.15817756837
1989-12-26,BOSTON,1989,3,12,3648,360,1253,BOSTON:1989:12:3,34.4747201332947,15.136971301691,1213,1155.93598465657,1207.12491508598
1989-12-27,BOSTON,1989,4,12,3649,361,1334,BOSTON:1989:12:4,34.348495841363,42.8434841929577,1312,1286.5205489876,1190.43695520584
1989-12-28,BOSTON,1989,5,12,3650,362,1364,BOSTON:1989:12:5,34.2284438870396,57.6481085218969,1271,1265.4920936088,1228.40343352497
1989-12-29,BOSTON,1989,6,12,3651,363,1327,BOSTON:1989:12:6,34.1146005787945,55.6723868153116,1334,1354.69021019882,1277.74479600814
1989-12-30,BOSTON,1989,7,12,3652,364,1222,BOSTON:1989:12:7,34.0070003897963,9.58214208465874,1304,1283.82485077885,1303.48266108874
1989-12-31,BOSTON,1989,1,12,3653,365,1184,BOSTON:1989:12:1,33.9056759476115,4.73168250959486,1219,1207.24838951861,1137.58509026361
1990-01-01,BOSTON,1990,2,1,3654,1,1248,BOSTON:1990:1:2,33.8106580244474,53.3358015751563,1282,1180.89015887166,1225.05321735266
1990-01-02,BOSTON,1990,3,1,3655,2,1313,BOSTON:1990:1:3,33.7219755279456,65.5367132250775,1183,1209.23105359107,1170.85515728554
1990-01-03,BOSTON,1990,4,1,3656,3,1337,BOSTON:1990:1:4,33.6396554925255,41.9277556471303,1283,1263.82960303453,1238.22348417152
1990-01-04,BOSTON,1990,5,1,3657,4,1335,BOSTON:1990:1:5,33.563723071282,29.1688642704759,1275,1250.05962032365,1262.00356635707
1990-01-05,BOSTON,1990,6,1,3658,5,1319,BOSTON:1990:1:6,33.4942015284397,45.0037050736793,1310,1278.49881102851,1293.47873849202
1990-01-06,BOSTON,1990,7,1,3659,6,1279,BOSTON:1990:1:7,33.431112232365,59.253581084058,1112,1111.21594512313,1229.63949054748
1990-01-07,BOSTON,1990,1,1,3660,7,1217,BOSTON:1990:1:1,33.3744746491397,33.5579763933169,1160,1215.8699520929,1193.80177845639
1990-01-08,BOSTON,1990,2,1,3661,8,1231,BOSTON:1990:1:2,33.3243063366967,35.3405182268466,1028,1048.12871233839,1200.78734817106
1990-01-09,BOSTON,1990,3,1,3662,9,1301,BOSTON:1990:1:3,33.2806229395201,52.2326706107115,1036,1055.80360179953,1123.56364424491
1990-01-10,BOSTON,1990,4,1,3663,10,1320,BOSTON:1990:1:4,33.2434381839112,24.1283877348751,1271,1275.38435727676,1191.09019630441
1990-01-11,BOSTON,1990,5,1,3664,11,1378,BOSTON:1990:1:5,33.212763873822,64.0479527222541,1371,1359.29473063231,1272.149632448
1990-01-12,BOSTON,1990,6,1,3665,12,1272,BOSTON:1990:1:6,33.1886098872574,0.516723975416426,1374,1348.43397872106,1288.63255188323
1990-01-13,BOSTON,1990,7,1,3666,13,1241,BOSTON:1990:1:7,33.1709841732469,21.8504088884753,1311,1279.16402350032,1214.0466482022
1990-01-14,BOSTON,1990,1,1,3667,14,1192,BOSTON:1990:1:1,33.1598927493873,7.65389114094102,1196,1175.6313497656,1194.50049182655
1990-01-15,BOSTON,1990,2,1,3668,15,1219,BOSTON:1990:1:2,33.1553396999563,21.7540735213744,1297,1262.21481121704,1223.80462053793
1990-01-16,BOSTON,1990,3,1,3669,16,1280,BOSTON:1990:1:3,33.1573271745988,32.0031883096495,1160,1116.33971179071,1146.19677275451
1990-01-17,BOSTON,1990,4,1,3670,17,1352,BOSTON:1990:1:4,33.1658553875852,51.166828389639,1142,1158.01995261721,1236.56339378135
1990-01-18,BOSTON,1990,5,1,3671,18,1368,BOSTON:1990:1:5,33.1809226176422,53.909532184219,1204,1153.40507554018,1285.57477353315
1990-01-19,BOSTON,1990,6,1,3672,19,1303,BOSTON:1990:1:6,33.2025252083569,27.3546286566436,1239,1243.55890071181,1298.22594108888
1990-01-20,BOSTON,1990,7,1,3673,20,1219,BOSTON:1990:1:7,33.2306575691535,0.326445201432577,1246,1243.02411329928,1197.47244258113
1990-01-21,BOSTON,1990,1,1,3674,21,1252,BOSTON:1990:1:1,33.2653121768416,63.9499525494792,1343,1310.88483638651,1213.83036946721
1990-01-22,BOSTON,1990,2,1,3675,22,1263,BOSTON:1990:1:2,33.3064795777377,62.3916641788732,1441,1404.75997015251,1256.44994197448
1990-01-23,BOSTON,1990,3,1,3676,23,1290,BOSTON:1990:1:3,33.3541483903573,41.2020969769255,1259,1276.49163381448,1152.27649500645
1990-01-24,BOSTON,1990,4,1,3677,24,1366,BOSTON:1990:1:4,33.4083053086779,62.7447509475878,1280,1295.04284048193,1236.55249266311
1990-01-25,BOSTON,1990,5,1,3678,25,1354,BOSTON:1990:1:5,33.4689351059716,42.3070667223293,1235,1210.69148549862,1265.27202765953
1990-01-26,BOSTON,1990,6,1,3679,26,1280,BOSTON:1990:1:6,33.5360206392063,7.38777659213455,1234,1249.98612895516,1276.66276853775
1990-01-27,BOSTON,1990,7,1,3680,27,1227,BOSTON:1990:1:7,33.6095428540145,8.59445750981173,1172,1166.16689268851,1199.84141866802
1990-01-28,BOSTON,1990,1,1,3681,28,1232,BOSTON:1990:1:1,33.6894807902276,46.4045510192513,1107,1138.05881116116,1203.86736024956
1990-01-29,BOSTON,1990,2,1,3682,29,1263,BOSTON:1990:1:2,33.7758115879742,63.3875487875675,1114,1130.24012310897,1255.90487196315
1990-01-30,BOSTON,1990,3,1,3683,30,1255,BOSTON:1990:1:3,33.8685104943422,9.41418053056875,1095,1093.06980611156,1140.10793070761
1990-01-31,BOSTON,1990,4,1,3684,31,1363,BOSTON:1990:1:4,33.9675508705999,60.9068300329249,1162,1192.96541925196,1235.57043307519
1990-02-01,BOSTON,1990,5,2,3685,32,1340,BOSTON:1990:2:5,34.0729041999765,30.5856876793876,1454,1487.20635731906,1330.78062865584
1990-02-02,BOSTON,1990,6,2,3686,33,1274,BOSTON:1990:2:6,34.1845400959985,2.45143957927691,1243,1254.56397879164,1288.08602037381
1990-02-03,BOSTON,1990,7,2,3687,34,1278,BOSTON:1990:2:7,34.3024263113797,56.9451894356929,1215,1175.74467606973,1161.41728462773
1990-02-04,BOSTON,1990,1,2,3688,35,1253,BOSTON:1990:2:1,34.426528747463,67.0665255783027,1051,1032.15725038958,1150.48295926907
1990-02-05,BOSTON,1990,2,2,3689,36,1253,BOSTON:1990:2:2,34.5568114642093,56.0745167156721,1220,1224.72896735404,1353.78797304407
1990-02-06,BOSTON,1990,3,2,3690,37,1265,BOSTON:1990:2:3,34.6932366907335,20.4309275348409,1140,1155.50555936482,1224.25138708574
1990-02-07,BOSTON,1990,4,2,3691,38,1306,BOSTON:1990:2:4,34.8357648363815,13.6882098050335,1270,1245.5686799457,1278.84596239847
1990-02-08,BOSTON,1990,5,2,3692,39,1318,BOSTON:1990:2:5,34.9843545023469,14.1014593116124,1296,1235.16796913822,1303.70608869087
1990-02-09,BOSTON,1990,6,2,3693,40,1296,BOSTON:1990:2:6,35.1389624938235,24.6048505479336,1348,1339.19842424966,1298.84778368611
1990-02-10,BOSTON,1990,7,2,3694,41,1231,BOSTON:1990:2:7,35.2995438326897,15.9854842734338,1153,1171.63253447038,1146.10154812884
1990-02-11,BOSTON,1990,1,2,3695,42,1192,BOSTON:1990:2:1,35.4660517707215,11.9804714721375,1132,1128.92735262325,1112.05651907746
1990-02-12,BOSTON,1990,2,2,3696,43,1199,BOSTON:1990:2:2,35.6384378033295,7.12953437488304,1475,1472.37905900498,1314.98501540619
1990-02-13,BOSTON,1990,3,2,3697,44,1289,BOSTON:1990:2:3,35.8166516838178,45.1196441925645,1368,1383.7260550589,1244.11274654768
1990-02-14,BOSTON,1990,4,2,3698,45,1351,BOSTON:1990:2:4,36.0006414381576,55.9358254731421,1276,1313.06352623599,1338.21800715002
1990-02-15,BOSTON,1990,5,2,3699,46,1305,BOSTON:1990:2:5,36.1903533802728,5.35460425050804,1210,1170.77901744856,1333.07285765861
1990-02-16,BOSTON,1990,6,2,3700,47,1273,BOSTON:1990:2:6,36.3857321278354,7.28670795682569,1378,1386.61633454756,1294.04698316121
1990-02-17,BOSTON,1990,7,2,3701,48,1213,BOSTON:1990:2:7,36.5867206185601,1.88616128745598,1065,1074.14480548741,1137.09110588627
1990-02-18,BOSTON,1990,1,2,3702,49,1188,BOSTON:1990:2:1,36.7932601270007,11.7487101649606,1156,1147.71096424598,1116.0481706177
1990-02-19,BOSTON,1990,2,2,3703,50,1258,BOSTON:1990:2:2,37.0052902818362,67.0488495401743,1476,1337.53426736365,1380.55196209461
1990-02-20,BOSTON,1990,3,2,3704,51,1250,BOSTON:1990:2:3,37.2227490836472,13.5546867017352,1181,1176.00565904664,1261.80869463009
1990-02-21,BOSTON,1990,4,2,3705,52,1364,BOSTON:1990:2:4,37.4455729231745,71.6406534181483,1288,1290.01613735119,1366.23860257625
1990-02-22,BOSTON,1990,5,2,3706,53,1353,BOSTON:1990:2:5,37.6736966000538,51.9693247710022,1380,1375.19253222078,1372.44042499232
1990-02-23,BOSTON,1990,6,2,3707,54,1288,BOSTON:1990:2:6,37.9070533420249,25.6250321775965,1222,1258.29648660417,1310.01921278329
1990-02-24,BOSTON,1990,7,2,3708,55,1233,BOSTON:1990:2:7,38.1455748246043,26.1115411666213,1148,1149.66476949418,1136.39006135762
1990-02-25,BOSTON,1990,1,2,3709,56,1231,BOSTON:1990:2:1,38.3891911912201,57.7583364923907,1157,1149.73366892717,1117.41235103529
1990-02-26,BOSTON,1990,2,2,3710,57,1223,BOSTON:1990:2:2,38.6378310738009,38.540050042874,1194,1185.93358695315,1315.6750494543
1990-02-27,BOSTON,1990,3,2,3711,58,1272,BOSTON:1990:2:3,38.891421613812,38.6819011034142,1257,1255.84079785995,1215.82717173376
1990-02-28,BOSTON,1990,4,2,3712,59,1303,BOSTON:1990:2:4,39.1498884837364,22.7961272955161,1427,1401.23658332884,1277.69742787383
1990-03-01,BOSTON,1990,5,3,3713,60,1368,BOSTON:1990:3:5,39.4131559089881,69.4992563573768,1233,1247.14530344752,1184.52773036829
1990-03-02,BOSTON,1990,6,3,3714,61,1312,BOSTON:1990:3:6,39.6811466902588,52.1093515079562,1430,1420.05641647253,1269.69381416154
1990-03-03,BOSTON,1990,7,3,3715,62,1258,BOSTON:1990:3:7,39.9537822262842,54.6719704809125,992,1031.79409187869,1108.11797446156
1990-03-04,BOSTON,1990,1,3,3716,63,1191,BOSTON:1990:3:1,40.2309825370272,24.9565677653251,1068,1061.09449603064,1125.92861152896
1990-03-05,BOSTON,1990,2,3,3717,64,1225,BOSTON:1990:3:2,40.5126662872727,46.1611022934313,1017,1014.08821365678,1006.79258661188
1990-03-06,BOSTON,1990,3,3,3718,65,1303,BOSTON:1990:3:3,40.7987508106203,72.5967271205196,1366,1280.5640684405,1250.32462214179
1990-03-07,BOSTON,1990,4,3,3719,66,1280,BOSTON:1990:3:4,41.0891521338773,8.60905052054945,1268,1278.12055645559,1170.87677498905
1990-03-08,BOSTON,1990,5,3,3720,67,1329,BOSTON:1990:3:5,41.3837850018349,42.1003009559532,1114,1108.33071379019,1168.93722441674
1990-03-09,BOSTON,1990,6,3,3721,68,1321,BOSTON:1990:3:6,41.6825629024294,66.9235797830385,1305,1275.66599831741,1282.17689341462
1990-03-10,BOSTON,1990,7,3,3722,69,1221,BOSTON:1990:3:7,41.9853980922737,26.4098637797535,1024,1067.22932616342,1103.55377108111
1990-03-11,BOSTON,1990,1,3,3723,70,1193,BOSTON:1990:3:1,42.2922016225551,32.6916372065228,1198,1196.67798894483,1136.08744114194
1990-03-12,BOSTON,1990,2,3,3724,71,1245,BOSTON:1990:3:2,42.6028833652932,71.7591085818682,998,1023.42953715172,1039.08679434326
1990-03-13,BOSTON,1990,3,3,3725,72,1231,BOSTON:1990:3:3,42.917352039946,13.5338282474519,1316,1286.22252363692,1223.15799882397
1990-03-14,BOSTON,1990,4,3,3726,73,1312,BOSTON:1990:3:4,43.2355152403583,44.1262398504299,1189,1248.49909419341,1179.16379617985
1990-03-15,BOSTON,1990,5,3,3727,74,1316,BOSTON:1990:3:5,43.5572794620476,37.9599286877147,1170,1130.00494311108,1168.68208228452
1990-03-16,BOSTON,1990,6,3,3728,75,1262,BOSTON:1990:3:6,43.8825501298125,19.9460127885978,1134,1191.1117584131,1240.23320204968
1990-03-17,BOSTON,1990,7,3,3729,76,1229,BOSTON:1990:3:7,44.2112316256632,40.6802909956557,1122,1134.08136387682,1092.35443162592
1990-03-18,BOSTON,1990,1,3,3730,77,1174,BOSTON:1990:3:1,44.5432273170588,21.4166788722066,1064,1072.78452370088,1122.56765409991
1990-03-19,BOSTON,1990,2,3,3731,78,1235,BOSTON:1990:3:2,44.8784395854493,69.7457441885528,998,1011.65162371694,1035.37641052158
1990-03-20,BOSTON,1990,3,3,3732,79,1272,BOSTON:1990:3:3,45.2167698551091,58.3860918293829,1144,1145.04163159385,1254.16351067072
1990-03-21,BOSTON,1990,4,3,3733,80,1276,BOSTON:1990:3:4,45.5581186222552,19.0648851706354,1172,1200.85244692102,1173.94412792258
1990-03-22,BOSTON,1990,5,3,3734,81,1287,BOSTON:1990:3:5,45.9023854844435,19.2405062760389,1008,1061.34901325144,1153.69691291014
1990-03-23,BOSTON,1990,6,3,3735,82,1266,BOSTON:1990:3:6,46.2494691702298,31.447540606255,1237,1245.72092101625,1240.70859850028
1990-03-24,BOSTON,1990,7,3,3736,83,1260,BOSTON:1990:3:7,46.5992675690929,77.4157593647967,1346,1392.19176697493,1138.43652351394
1990-03-25,BOSTON,1990,1,3,3737,84,1223,BOSTON:1990:3:1,46.9516777616051,77.1665036325399,1263,1288.45804083779,1208.41629322559
1990-03-26,BOSTON,1990,2,3,3738,85,1181,BOSTON:1990:3:2,47.3065960498434,25.1115916690696,1108,1062.91253619883,1039.74420852121
1990-03-27,BOSTON,1990,3,3,3739,86,1283,BOSTON:1990:3:3,47.6639179880362,76.5650798584897,1178,1179.98762193819,1276.3538683652
1990-03-28,BOSTON,1990,4,3,3740,87,1266,BOSTON:1990:3:4,48.0235384134283,17.6755866207821,1085,1180.97799420564,1190.01530090734
1990-03-29,BOSTON,1990,5,3,3741,88,1340,BOSTON:1990:3:5,48.3853514773641,74.8193653581534,1374,1396.27871508153,1223.15605001887
1990-03-30,BOSTON,1990,6,3,3742,89,1242,BOSTON:1990:3:6,48.7492506765713,17.8659873852459,1202,1205.8441632461,1275.18749187366
1990-03-31,BOSTON,1990,7,3,3743,90,1254,BOSTON:1990:3:7,49.1151288846445,80.7338400227886,1113,1123.25772720378,1154.53729931822
1990-04-01,BOSTON,1990,1,4,3744,91,1162,BOSTON:1990:4:1,49.4828783837111,25.6877369363757,993,977.114711654135,1022.62321460451
1990-04-02,BOSTON,1990,2,4,3745,92,1203,BOSTON:1990:4:2,49.8523908962753,55.510865858968,1227,1236.12967011566,1163.88419194272
1990-04-03,BOSTON,1990,3,4,3746,93,1261,BOSTON:1990:4:3,50.2235576172309,65.022725927359,1059,1098.75627597962,1121.16900771607
1990-04-04,BOSTON,1990,4,4,3747,94,1276,BOSTON:1990:4:4,50.5962692460289,35.2188455200066,1282,1286.59589039238,1179.63298508471
1990-04-05,BOSTON,1990,5,4,3748,95,1267,BOSTON:1990:4:5,50.9704160189972,17.8346334945195,1251,1218.18561657423,1252.65484395496
1990-04-06,BOSTON,1990,6,4,3749,96,1285,BOSTON:1990:4:6,51.3458877417959,66.0894594120562,1261,1318.51071224032,1157.22580290478
1990-04-07,BOSTON,1990,7,4,3750,97,1201,BOSTON:1990:4:7,51.7225738220027,38.6148511433152,1323,1273.38164623095,1219.95438028023
1990-04-08,BOSTON,1990,1,4,3751,98,1205,BOSTON:1990:4:1,52.1003633018199,76.9599572361994,1019,1005.98762074524,1032.32742133471
1990-04-09,BOSTON,1990,2,4,3752,99,1189,BOSTON:1990:4:2,52.4791448908875,50.5064963615516,1260,1264.90701407794,1162.41247170441
1990-04-10,BOSTON,1990,3,4,3753,100,1275,BOSTON:1990:4:3,52.858806999201,87.3060049994718,1327,1340.96042485188,1149.55081175286
1990-04-11,BOSTON,1990,4,4,3754,101,1254,BOSTON:1990:4:4,53.2392377701148,23.6897139965117,1198,1187.15167931659,1193.9663989539
1990-04-12,BOSTON,1990,5,4,3755,102,1260,BOSTON:1990:4:5,53.6203251134313,20.349894746457,1225,1223.85370550409,1263.59456162939
1990-04-13,BOSTON,1990,6,4,3756,103,1268,BOSTON:1990:4:6,54.001956738557,59.2637521755205,1292,1289.19110364344,1168.00702869989
1990-04-14,BOSTON,1990,7,4,3757,104,1215,BOSTON:1990:4:7,54.3840201877208,61.9204989334719,1221,1249.3310504272,1250.4847891062
1990-04-15,BOSTON,1990,1,4,3758,105,1139,BOSTON:1990:4:1,54.7664028692455,20.0719675172516,928,920.786785196429,1004.42412951033
1990-04-16,BOSTON,1990,2,4,3759,106,1202,BOSTON:1990:4:2,55.1489920908573,72.2079916665318,1303,1338.78530678282,1165.65426969972
1990-04-17,BOSTON,1990,3,4,3760,107,1198,BOSTON:1990:4:3,55.5316750930305,23.8060455156173,938,999.953207569638,1088.99486598444
1990-04-18,BOSTON,1990,4,4,3761,108,1277,BOSTON:1990:4:4,55.9143390823515,54.3903764491329,982,991.770122387853,1181.82583576628
1990-04-19,BOSTON,1990,5,4,3762,109,1324,BOSTON:1990:4:5,56.2968712648943,86.9957244675241,1385,1422.70789400292,1340.19386817447
1990-04-20,BOSTON,1990,6,4,3763,110,1222,BOSTON:1990:4:6,56.6791588796011,25.8537972096062,1045,1024.2510356359,1173.82349438679
1990-04-21,BOSTON,1990,7,4,3764,111,1234,BOSTON:1990:4:7,57.0610892316506,88.8159523518004,1269,1198.4034506491,1298.80191604487
1990-04-22,BOSTON,1990,1,4,3765,112,1186,BOSTON:1990:4:1,57.4425497258132,76.398907034011,1069,1036.60365099216,1069.25980386772
1990-04-23,BOSTON,1990,2,4,3766,113,1203,BOSTON:1990:4:2,57.8234278997737,82.4318859172384,1035,1014.96371762698,1239.54704583103
1990-04-24,BOSTON,1990,3,4,3767,114,1204,BOSTON:1990:4:3,58.203611457421,38.4611335440338,1175,1148.94910841785,1139.28531454529
1990-04-25,BOSTON,1990,4,4,3768,115,1310,BOSTON:1990:4:4,58.5829883020876,93.1960806388912,1363,1415.27979579505,1269.57478019561
1990-04-26,BOSTON,1990,5,4,3769,116,1297,BOSTON:1990:4:5,58.9614465697317,72.5080607905632,1367,1349.01486252554,1371.55672624255
1990-04-27,BOSTON,1990,6,4,3770,117,1232,BOSTON:1990:4:6,59.3388746620554,44.4381934858325,1095,1143.60498069804,1193.94367401404
1990-04-28,BOSTON,1990,7,4,3771,118,1217,BOSTON:1990:4:7,59.7151612795415,81.9711316099847,1248,1208.30149295134,1291.75891457272
1990-04-29,BOSTON,1990,1,4,3772,119,1193,BOSTON:1990:4:1,60.090195454408,92.2499075943907,1210,1193.47427577072,1090.36543068013
1990-04-30,BOSTON,1990,2,4,3773,120,1199,BOSTON:1990:4:2,60.4638665834636,88.4933717771628,1179,1225.23340910512,1272.50202082037
1990-05-01,BOSTON,1990,3,5,3774,121,1191,BOSTON:1990:5:3,60.8360644608572,34.7148203120402,1160,1147.76545614693,1103.29480125358
1990-05-02,BOSTON,1990,4,5,3775,122,1231,BOSTON:1990:5:4,61.2066793107135,30.3809729349506,1255,1269.15681504558,1176.02238045884
1990-05-03,BOSTON,1990,5,5,3776,123,1300,BOSTON:1990:5:5,61.5756018196403,83.864506854879,1147,1166.20742882482,1210.13896327887
1990-05-04,BOSTON,1990,6,5,3777,124,1268,BOSTON:1990:5:6,61.9427231691043,87.1648694543364,1305,1323.07790037138,1251.54040435389
1990-05-05,BOSTON,1990,7,5,3778,125,1155,BOSTON:1990:5:7,62.3079350676577,30.4719092061001,1121,1104.34611205734,1053.73857802661
1990-05-06,BOSTON,1990,1,5,3779,126,1135,BOSTON:1990:5:1,62.6711297830155,43.3882656068129,1095,1072.57191607526,1127.60451119942
1990-05-07,BOSTON,1990,2,5,3780,127,1179,BOSTON:1990:5:2,63.0322001739654,77.3694556164805,1177,1243.73818466726,1146.82983392916
1990-05-08,BOSTON,1990,3,5,3781,128,1182,BOSTON:1990:5:3,63.3910397221052,35.2997360694871,1069,1099.14838878988,1074.85283667172
1990-05-09,BOSTON,1990,4,5,3782,129,1221,BOSTON:1990:5:4,63.7475425634,29.8599178065013,1035,1060.55765175318,1156.87494985775
1990-05-10,BOSTON,1990,5,5,3783,130,1299,BOSTON:1990:5:5,64.1016035195436,92.4957626121114,1160,1128.35775303998,1198.75443182243
1990-05-11,BOSTON,1990,6,5,3784,131,1201,BOSTON:1990:5:6,64.4531181291227,32.8854609955583,1290,1252.56325325325,1171.76314799431
1990-05-12,BOSTON,1990,7,5,3785,132,1208,BOSTON:1990:5:7,64.801982678567,90.9929170274184,960,955.383656746033,1088.94489615243
1990-05-13,BOSTON,1990,1,5,3786,133,1122,BOSTON:1990:5:1,65.1480942328828,38.5880145260501,1064,1064.95017295629,1156.40453037089
1990-05-14,BOSTON,1990,2,5,3787,134,1152,BOSTON:1990:5:2,65.4913506661563,58.7828393494731,1145,1153.53905800881,1136.30841412999
1990-05-15,BOSTON,1990,3,5,3788,135,1185,BOSTON:1990:5:3,65.8316506918175,46.9262595086014,1016,1001.15106122262,1073.31772856944
1990-05-16,BOSTON,1990,4,5,3789,136,1271,BOSTON:1990:5:4,66.1688938926623,85.5053725446292,1246,1243.03375502561,1214.92435561162
1990-05-17,BOSTON,1990,5,5,3790,137,1267,BOSTON:1990:5:5,66.5029807506128,71.8457423733546,1376,1325.81308547057,1202.55473573044
1990-05-18,BOSTON,1990,6,5,3791,138,1205,BOSTON:1990:5:6,66.8338126762182,45.4701455615804,940,972.534428523938,1160.7158182389
1990-05-19,BOSTON,1990,7,5,3792,139,1169,BOSTON:1990:5:7,67.1612920378802,61.894307271531,1086,1035.0820346285,1027.10000277426
1990-05-20,BOSTON,1990,1,5,3793,140,1137,BOSTON:1990:5:1,67.4853221907956,63.2835999130016,1298,1308.71783099669,1135.62535250383
1990-05-21,BOSTON,1990,2,5,3794,141,1181,BOSTON:1990:5:2,67.8058075056116,96.4250593342523,1053,1096.16599864192,1188.73002526682
1990-05-22,BOSTON,1990,3,5,3795,142,1196,BOSTON:1990:5:3,68.1226533967782,65.5091685512815,1034,1071.60252764968,1110.68163404767
1990-05-23,BOSTON,1990,4,5,3796,143,1277,BOSTON:1990:5:4,68.4357663505978,98.647615446829,1208,1192.6322168278,1272.96063437431
1990-05-24,BOSTON,1990,5,5,3797,144,1247,BOSTON:1990:5:5,68.7450539529539,61.0068964352115,1240,1209.59894229616,1218.43079892847
1990-05-25,BOSTON,1990,6,5,3798,145,1244,BOSTON:1990:5:6,69.0504249167211,90.4188662143937,1303,1302.5378298852,1253.98062941193
1990-05-26,BOSTON,1990,7,5,3799,146,1188,BOSTON:1990:5:7,69.3517891088395,88.1506894998146,1133,1146.29550912047,1130.21652304259
1990-05-27,BOSTON,1990,1,5,3800,147,1125,BOSTON:1990:5:1,69.6490575770498,58.5125678686076,1155,1165.2010510568,1192.36560592604
1990-05-28,BOSTON,1990,2,5,3801,148,1177,BOSTON:1990:5:2,69.9421425762825,100,1332,1307.7880636622,1235.13172667524
1990-05-29,BOSTON,1990,3,5,3802,149,1193,BOSTON:1990:5:3,70.2309575946877,70.4991471897686,1227,1261.82846342232,1143.85299945609
1990-05-30,BOSTON,1990,4,5,3803,150,1225,BOSTON:1990:5:4,70.5154173793049,58.2148289442772,1307,1330.42953832188,1230.21767969348
1990-05-31,BOSTON,1990,5,5,3804,151,1245,BOSTON:1990:5:5,70.7954379613596,66.78061907879,1099,1140.35889091459,1192.1210702402
1990-06-01,BOSTON,1990,6,6,3805,152,1215,BOSTON:1990:6:6,71.0709366811811,70.159080108106,1216,1179.60080881235,1135.91706743259
1990-06-02,BOSTON,1990,7,6,3806,153,1188,BOSTON:1990:6:7,71.3418322127363,95.2540170611864,1218,1272.32583649624,1215.29228461269
1990-06-03,BOSTON,1990,1,6,3807,154,1162,BOSTON:1990:6:1,71.6080445877673,100,1182,1199.03714146569,1220.01703374863
1990-06-04,BOSTON,1990,2,6,3808,155,1140,BOSTON:1990:6:2,71.8694952195316,69.7953820829085,1122,1195.24519411557,1216.62069643183
1990-06-05,BOSTON,1990,3,6,3809,156,1178,BOSTON:1990:6:3,72.1261069261314,63.1004457887107,1213,1206.2532801732,1155.9636300738
1990-06-06,BOSTON,1990,4,6,3810,157,1213,BOSTON:1990:6:4,72.3778039534321,53.1914000227792,1190,1235.99128288717,1209.64256483226
1990-06-07,BOSTON,1990,5,6,3811,158,1207,BOSTON:1990:6:5,72.6245119975566,37.9469758336119,1170,1177.18024196419,1137.814692845
1990-06-08,BOSTON,1990,6,6,3812,159,1226,BOSTON:1990:6:6,72.8661582269525,87.5267732678732,1100,1076.57727864446,1152.5851636836
1990-06-09,BOSTON,1990,7,6,3813,160,1173,BOSTON:1990:6:7,73.1026713040263,86.8484552952067,1165,1181.93748631439,1193.86807789686
1990-06-10,BOSTON,1990,1,6,3814,161,1094,BOSTON:1990:6:1,73.3339814063336,39.3626280095603,1028,1028.7396628154,1125.88424455004
1990-06-11,BOSTON,1990,2,6,3815,162,1116,BOSTON:1990:6:2,73.5600202473259,51.6978086846327,1292,1259.94804441188,1135.14242580017
1990-06-12,BOSTON,1990,3,6,3816,163,1185,BOSTON:1990:6:3,73.7807210966407,76.3605034480265,1101,1104.43095815849,1129.98124269332
1990-06-13,BOSTON,1990,4,6,3817,164,1203,BOSTON:1990:6:4,73.9960187999336,50.1266613695574,1131,1185.44821709794,1195.18407158069
1990-06-14,BOSTON,1990,5,6,3818,165,1220,BOSTON:1990:6:5,74.2058497982459,56.4265489427732,959,959.99691302791,1131.99764428773
1990-06-15,BOSTON,1990,6,6,3819,166,1237,BOSTON:1990:6:6,74.4101521468992,100,1156,1144.03294552612,1167.96406960855
1990-06-16,BOSTON,1990,7,6,3820,167,1145,BOSTON:1990:6:7,74.6088655339154,65.0261880713115,1056,1043.05728276166,1175.46577550415
1990-06-17,BOSTON,1990,1,6,3821,168,1156,BOSTON:1990:6:1,74.8019312979523,100,1347,1336.83873752403,1206.97174010626
1990-06-18,BOSTON,1990,2,6,3822,169,1149,BOSTON:1990:6:2,74.9892924457544,90.7900174461992,1168,1177.19348688373,1250.30375877477
1990-06-19,BOSTON,1990,3,6,3823,170,1154,BOSTON:1990:6:3,75.1708936691087,50.6163264461595,1227,1202.42323548805,1167.1293841565
1990-06-20,BOSTON,1990,4,6,3824,171,1231,BOSTON:1990:6:4,75.3466813613032,81.7798230980825,1307,1301.35228950992,1266.89977456149
1990-06-21,BOSTON,1990,5,6,3825,172,1261,BOSTON:1990:6:5,75.5166036330847,99.9280878596691,1273,1242.97329439052,1254.28822335701
1990-06-22,BOSTON,1990,6,6,3826,173,1220,BOSTON:1990:6:6,75.6806103281062,92.0602223301623,1331,1319.61990255774,1249.99832679021
1990-06-23,BOSTON,1990,7,6,3827,174,1149,BOSTON:1990:6:7,75.8386530378652,73.213363152538,1380,1384.83676105904,1229.55372167933
1990-06-24,BOSTON,1990,1,6,3828,175,1120,BOSTON:1990:6:1,75.9906851161232,76.7667672700209,1179,1227.52753224321,1183.12698159364
1990-06-25,BOSTON,1990,2,6,3829,176,1134,BOSTON:1990:6:2,76.1366616928063,80.0835385306782,1241,1252.46304342467,1220.93311898882
1990-06-26,BOSTON,1990,3,6,3830,177,1155,BOSTON:1990:6:3,76.27653968738,55.3322350907473,1065,1066.38758553371,1152.92574307866
1990-06-27,BOSTON,1990,4,6,3831,178,1250,BOSTON:1990:6:4,76.4102778216953,100,1325,1296.01767834689,1281.27358903226
1990-06-28,BOSTON,1990,5,6,3832,179,1207,BOSTON:1990:6:5,76.5378366323021,52.3447162081321,1301,1244.61294333557,1178.89943950935
1990-06-29,BOSTON,1990,6,6,3833,180,1206,BOSTON:1990:6:6,76.6591784822268,82.5811477562857,1073,1137.99199321178,1169.53537248471
1990-06-30,BOSTON,1990,7,6,3834,181,1147,BOSTON:1990:6:7,76.7742675722091,75.4398558211959,1186,1166.54022270687,1190.82014029887
1990-07-01,BOSTON,1990,1,7,3835,182,1096,BOSTON:1990:7:1,76.8830699513966,55.6928949773611,1277,1322.70576612198,1142.93425771583
1990-07-02,BOSTON,1990,2,7,3836,183,1160,BOSTON:1990:7:2,76.9855535274918,100,1114,1067.93960138294,1150.05913323064
1990-07-03,BOSTON,1990,3,7,3837,184,1161,BOSTON:1990:7:3,77.0816880763511,64.4138905355709,1218,1230.14092163271,1208.93756727719
1990-07-04,BOSTON,1990,4,7,3838,185,1186,BOSTON:1990:7:4,77.1714452510302,45.3066539783564,1012,1055.80257120996,1162.33698206285
1990-07-05,BOSTON,1990,5,7,3839,186,1249,BOSTON:1990:7:5,77.2547985902754,95.012824939168,1319,1304.576262301,1292.24069038312
1990-07-06,BOSTON,1990,6,7,3840,187,1203,BOSTON:1990:7:6,77.3317235264566,82.0118499499384,1115,1098.37728371898,1274.6825164604
1990-07-07,BOSTON,1990,7,7,3841,188,1114,BOSTON:1990:7:7,77.4021973929408,43.0844868349883,1184,1179.88405282788,1188.80518716565
1990-07-08,BOSTON,1990,1,7,3842,189,1102,BOSTON:1990:7:1,77.4661994309039,63.518984383239,960,956.352113163702,1130.04881192928
1990-07-09,BOSTON,1990,2,7,3843,190,1151,BOSTON:1990:7:2,77.5237107955769,100,1198,1167.21114286912,1139.83884241786
1990-07-10,BOSTON,1990,3,7,3844,191,1153,BOSTON:1990:7:3,77.5747145619276,58.8251002994399,1354,1319.83405047823,1216.36263842367
1990-07-11,BOSTON,1990,4,7,3845,192,1185,BOSTON:1990:7:4,77.6191957297734,46.7169820147566,1090,1139.84376068339,1155.64241891337
1990-07-12,BOSTON,1990,5,7,3846,193,1244,BOSTON:1990:7:5,77.6571412283254,92.4306350379509,1226,1232.0323283989,1278.7729583219
1990-07-13,BOSTON,1990,6,7,3847,194,1197,BOSTON:1990:7:6,77.6885399201616,78.3009370325796,1372,1385.53006480403,1262.56691868124
1990-07-14,BOSTON,1990,7,7,3848,195,1139,BOSTON:1990:7:7,77.7133826046279,71.0596753653167,1387,1397.69189724687,1211.99056573374
1990-07-15,BOSTON,1990,1,7,3849,196,1109,BOSTON:1990:7:1,77.7316620206667,72.4476362887045,1357,1414.27324063699,1154.93421643812
1990-07-16,BOSTON,1990,2,7,3850,197,1154,BOSTON:1990:7:2,77.7433728490711,100,1163,1135.45164770915,1152.8967717449
1990-07-17,BOSTON,1990,3,7,3851,198,1200,BOSTON:1990:7:3,77.7485117141652,100,1108,1133.24437713677,1303.28525033111
1990-07-18,BOSTON,1990,4,7,3852,199,1196,BOSTON:1990:7:4,77.7470771849087,58.0116469480029,1309,1317.59164928404,1222.99153826625
1990-07-19,BOSTON,1990,5,7,3853,200,1234,BOSTON:1990:7:5,77.7390697754267,82.9816880652028,1323,1333.32953636951,1306.34616150907
1990-07-20,BOSTON,1990,6,7,3854,201,1164,BOSTON:1990:7:6,77.7244919449632,45.5702114877832,1357,1339.71083447087,1231.80727686564
1990-07-21,BOSTON,1990,7,7,3855,202,1148,BOSTON:1990:7:7,77.70334809726,80.5451738991392,1144,1171.7107019561,1213.53471742988
1990-07-22,BOSTON,1990,1,7,3856,203,1088,BOSTON:1990:7:1,77.6756445793589,50.5736369462838,1069,1084.51796058938,1138.8585071291
1990-07-23,BOSTON,1990,2,7,3857,204,1143,BOSTON:1990:7:2,77.6413896798299,95.6631604188265,1311,1327.0638044332,1121.44827987132
1990-07-24,BOSTON,1990,3,7,3858,205,1144,BOSTON:1990:7:3,77.6005936264241,50.3806861899043,1120,1150.31696809946,1189.14775476447
1990-07-25,BOSTON,1990,4,7,3859,206,1196,BOSTON:1990:7:4,77.5532685831527,56.8412766541693,1282,1254.23766600546,1152.02906076108
1990-07-26,BOSTON,1990,5,7,3860,207,1248,BOSTON:1990:7:5,77.4994286467931,96.2386955755441,1305,1315.1573676012,1295.64018978083
1990-07-27,BOSTON,1990,6,7,3861,208,1191,BOSTON:1990:7:6,77.4390898428225,72.0032164121346,1178,1186.68483705099,1252.94328800123
1990-07-28,BOSTON,1990,7,7,3862,209,1150,BOSTON:1990:7:7,77.372270120781,80.6590487775468,1122,1097.92539976068,1222.66952966624
1990-07-29,BOSTON,1990,1,7,3863,210,1141,BOSTON:1990:7:1,77.2989893490644,100,1125,1136.80556045,1221.22420678287
1990-07-30,BOSTON,1990,2,7,3864,211,1142,BOSTON:1990:7:2,77.2192693091499,93.1533309174272,962,987.903217676968,1183.75697273288
1990-07-31,BOSTON,1990,3,7,3865,212,1190,BOSTON:1990:7:3,77.1331336892539,94.8323669082814,1430,1443.90838713245,1312.26678920552
1990-08-01,BOSTON,1990,4,8,3866,213,1226,BOSTON:1990:8:4,77.0406080774266,84.0923345825869,1122,1112.62374415504,1329.97534850856
1990-08-02,BOSTON,1990,5,8,3867,214,1201,BOSTON:1990:8:5,76.9417199540835,49.0163917049718,1139,1176.35355742789,1203.89401219165
1990-08-03,BOSTON,1990,6,8,3868,215,1222,BOSTON:1990:8:6,76.8364986839761,99.6720881124084,1220,1234.7289979359,1264.85457521666
1990-08-04,BOSTON,1990,7,8,3869,216,1164,BOSTON:1990:8:7,76.724975507605,93.4024024548858,1347,1378.71487684247,1298.71067923874
1990-08-05,BOSTON,1990,1,8,3870,217,1142,BOSTON:1990:8:1,76.6071835320775,100,1296,1223.03221696116,1172.16062668686
1990-08-06,BOSTON,1990,2,8,3871,218,1100,BOSTON:1990:8:2,76.4831577214118,47.3747083005201,1240,1257.55427026759,1162.03688910268
1990-08-07,BOSTON,1990,3,8,3872,219,1198,BOSTON:1990:8:3,76.3529348862921,99.4160101237339,1266,1229.34507077554,1212.33764330162
1990-08-08,BOSTON,1990,4,8,3873,220,1204,BOSTON:1990:8:4,76.2165536732753,60.4536938761702,1435,1473.18109346013,1289.76281297478
1990-08-09,BOSTON,1990,5,8,3874,221,1220,BOSTON:1990:8:5,76.0740545534557,64.469164745233,1274,1293.33795004496,1188.8866852442
1990-08-10,BOSTON,1990,6,8,3875,222,1229,BOSTON:1990:8:6,75.9254798105866,100,1330,1328.54776801095,1246.30498166246
1990-08-11,BOSTON,1990,7,8,3876,223,1129,BOSTON:1990:8:7,75.7708735286679,54.1636986972254,1239,1237.15292598782,1207.75656445924
1990-08-12,BOSTON,1990,1,8,3877,224,1087,BOSTON:1990:8:1,75.6102815789977,41.4636752226265,887,926.845577004618,1040.80527451349
1990-08-13,BOSTON,1990,2,8,3878,225,1145,BOSTON:1990:8:2,75.4437516066953,89.8178470992259,1171,1141.0391708201,1132.9455220357
1990-08-14,BOSTON,1990,3,8,3879,226,1145,BOSTON:1990:8:3,75.2713330166993,42.9046433332955,1156,1152.66430683689,1115.57793201192
1990-08-15,BOSTON,1990,4,8,3880,227,1248,BOSTON:1990:8:4,75.0930769592424,97.6698636766424,1164,1164.68882623858,1287.1824085107
1990-08-16,BOSTON,1990,5,8,3881,228,1266,BOSTON:1990:8:5,74.909036314811,100,1294,1308.09491313162,1253.01477383872
1990-08-17,BOSTON,1990,6,8,3882,229,1180,BOSTON:1990:8:6,74.7192656785897,51.371298523312,1097,1123.77425501354,1208.15265293587
1990-08-18,BOSTON,1990,7,8,3883,230,1134,BOSTON:1990:8:7,74.5238213443999,54.0555040415247,1176,1169.64240903175,1197.26600405702
1990-08-19,BOSTON,1990,1,8,3884,231,1142,BOSTON:1990:8:1,74.3227612881328,95.0343734866347,943,974.77513963147,1099.52565947197
1990-08-20,BOSTON,1990,2,8,3885,232,1161,BOSTON:1990:8:2,74.1161451506848,100,1285,1243.14322673432,1220.85889362783
1990-08-21,BOSTON,1990,3,8,3886,233,1163,BOSTON:1990:8:3,73.9040342203997,55.9618408207506,1109,1111.71529862149,1169.55008313822
1990-08-22,BOSTON,1990,4,8,3887,234,1223,BOSTON:1990:8:4,73.6864914150206,69.0100174058457,1370,1354.44267100734,1240.31850573729
1990-08-23,BOSTON,1990,5,8,3888,235,1232,BOSTON:1990:8:5,73.4635812631611,66.3343127147097,993,1011.69239208241,1169.71006215591
1990-08-24,BOSTON,1990,6,8,3889,236,1220,BOSTON:1990:8:6,73.2353698852966,84.8268641340109,1237,1229.40581833536,1211.69166370452
1990-08-25,BOSTON,1990,7,8,3890,237,1144,BOSTON:1990:8:7,73.0019249742843,59.3657077731557,1137,1101.74645116719,1195.2667522413
1990-08-26,BOSTON,1990,1,8,3891,238,1146,BOSTON:1990:8:1,72.7633157754182,93.2012798203952,1270,1259.67424923478,1083.50843932691
1990-08-27,BOSTON,1990,2,8,3892,239,1128,BOSTON:1990:8:2,72.5196130660206,61.40548858492,945,959.919577528425,1125.15869523908
1990-08-28,BOSTON,1990,3,8,3893,240,1168,BOSTON:1990:8:3,72.2708891345824,55.2927301511805,1078,1090.68933303223,1111.53434154173
1990-08-29,BOSTON,1990,4,8,3894,241,1196,BOSTON:1990:8:4,72.0172177594523,37.2945243901941,1241,1249.11052526715,1184.76092426861
1990-08-30,BOSTON,1990,5,8,3895,242,1236,BOSTON:1990:8:5,71.7586741870862,63.3823947277513,1242,1265.15334318915,1126.49446657274
1990-08-31,BOSTON,1990,6,8,3896,243,1221,BOSTON:1990:8:6,71.4953351098592,78.4551949201631,1216,1225.07217554743,1168.99612648399
1990-09-01,BOSTON,1990,7,9,3897,244,1151,BOSTON:1990:9:7,71.2272786434493,59.9597558092079,1137,1139.00204413781,1090.65207757344
1990-09-02,BOSTON,1990,1,9,3898,245,1109,BOSTON:1990:9:1,70.9545843037996,48.259481169771,883,899.546612029154,1107.94696445295
1990-09-03,BOSTON,1990,2,9,3899,246,1178,BOSTON:1990:9:2,70.6773329836624,100,1213,1273.52254453509,1278.4575265115
1990-09-04,BOSTON,1990,3,9,3900,247,1174,BOSTON:1990:9:3,70.3956069287376,53.9735795420126,1201,1185.15844879058,1104.90302896291
1990-09-05,BOSTON,1990,4,9,3901,248,1242,BOSTON:1990:9:4,70.1094897134065,73.6229470624424,1054,1026.49921478896,1198.89883551729
1990-09-06,BOSTON,1990,5,9,3902,249,1223,BOSTON:1990:9:5,69.8190662160734,44.2861928616869,1199,1176.3725630584,1329.54064145025
1990-09-07,BOSTON,1990,6,9,3903,250,1232,BOSTON:1990:9:6,69.5244225941193,82.2519777237964,1380,1338.09565254031,1249.42356550726
1990-09-08,BOSTON,1990,7,9,3904,251,1164,BOSTON:1990:9:7,69.2256462584743,65.7502208428019,1217,1225.17881187434,1120.32671528706
1990-09-09,BOSTON,1990,1,9,3905,252,1127,BOSTON:1990:9:1,68.9228258478205,59.5879454641352,1084,1026.01948647997,1127.88568980451
1990-09-10,BOSTON,1990,2,9,3906,253,1141,BOSTON:1990:9:2,68.6160512024268,60.6452450307748,1224,1207.99000429152,1216.3757840573
1990-09-11,BOSTON,1990,3,9,3907,254,1190,BOSTON:1990:9:3,68.3054133376303,61.618396943641,1106,1100.24479063875,1070.40701543541
1990-09-12,BOSTON,1990,4,9,3908,255,1269,BOSTON:1990:9:4,67.9910044169651,90.9205348866658,1335,1295.97454180078,1210.875198478
1990-09-13,BOSTON,1990,5,9,3909,256,1288,BOSTON:1990:9:5,67.6729177249518,96.7939531112944,1474,1426.51075746584,1432.93759442837
1990-09-14,BOSTON,1990,6,9,3910,257,1245,BOSTON:1990:9:6,67.3512476395548,85.6354525444761,1332,1329.1173372333,1313.43276593768
1990-09-15,BOSTON,1990,7,9,3911,258,1165,BOSTON:1990:9:7,67.0260896043104,57.7404973374863,1071,1112.50992870531,1137.60084751576
1990-09-16,BOSTON,1990,1,9,3912,259,1156,BOSTON:1990:9:1,66.6975401001438,80.0947066870905,1240,1281.43562455884,1186.8670642036
1990-09-17,BOSTON,1990,2,9,3913,260,1156,BOSTON:1990:9:2,66.3656966168723,66.9279842022164,1333,1349.52079903019,1275.54392280594
1990-09-18,BOSTON,1990,3,9,3914,261,1169,BOSTON:1990:9:3,66.0306576244112,32.3904732452285,1040,1047.29917886485,1082.36449083666
1990-09-19,BOSTON,1990,4,9,3915,262,1262,BOSTON:1990:9:4,65.692522543689,75.9754623418876,1145,1211.39706525012,1181.09956653368
1990-09-20,BOSTON,1990,5,9,3916,263,1273,BOSTON:1990:9:5,65.3513917172755,73.9619282292629,1346,1375.55892658976,1359.71611604677
1990-09-21,BOSTON,1990,6,9,3917,264,1220,BOSTON:1990:9:6,65.0073663797409,53.3153440314524,1075,1087.88677948103,1222.10078005589
1990-09-22,BOSTON,1990,7,9,3918,265,1148,BOSTON:1990:9:7,64.660548627744,31.5006271813946,890,930.201849337298,1062.9188367331
1990-09-23,BOSTON,1990,1,9,3919,266,1182,BOSTON:1990:9:1,64.3110413898691,97.5573565324745,1179,1114.94943996313,1172.29465236291
1990-09-24,BOSTON,1990,2,9,3920,267,1196,BOSTON:1990:9:2,63.9589483962094,98.3481883835678,1335,1358.23863705159,1334.62276662773
1990-09-25,BOSTON,1990,3,9,3921,268,1179,BOSTON:1990:9:3,63.604374147716,33.9649607583387,1030,1040.1496934322,1119.32546476613
1990-09-26,BOSTON,1990,4,9,3922,269,1261,BOSTON:1990:9:4,63.2474238853159,65.9035649694691,1253,1236.91761702031,1196.12639946995
1990-09-27,BOSTON,1990,5,9,3923,270,1308,BOSTON:1990:9:5,62.8882035588072,96.3378955771373,1540,1478.49765163956,1436.80564807723
1990-09-28,BOSTON,1990,6,9,3924,271,1211,BOSTON:1990:9:6,62.5268197955467,35.2040501532048,1261,1224.10614613372,1263.04288850374
1990-09-29,BOSTON,1990,7,9,3925,272,1178,BOSTON:1990:9:7,62.1633798689312,52.5434323297544,1198,1226.93521468973,1101.50152288533
1990-09-30,BOSTON,1990,1,9,3926,273,1156,BOSTON:1990:9:1,61.7979916666886,61.7853467182508,1332,1321.56309331789,1123.00562917755
1990-10-01,BOSTON,1990,2,10,3927,274,1198,BOSTON:1990:10:2,61.4307636589859,90.3147517665405,1261,1296.63055667848,1252.6266468813
1990-10-02,BOSTON,1990,3,10,3928,275,1222,BOSTON:1990:10:3,61.0618048663595,66.1060632895091,1284,1275.72068409332,1279.92632424672
1990-10-03,BOSTON,1990,4,10,3929,276,1230,BOSTON:1990:10:4,60.6912248274861,27.2868450587234,1235,1258.08433750975,1255.42399788724
1990-10-04,BOSTON,1990,5,10,3930,277,1306,BOSTON:1990:10:5,60.3191335667929,85.1852073828763,1144,1150.92570389677,1357.82491239502
1990-10-05,BOSTON,1990,6,10,3931,278,1272,BOSTON:1990:10:6,59.945641561928,83.0795384818267,1397,1385.08341714948,1268.2578753291
1990-10-06,BOSTON,1990,7,10,3932,279,1222,BOSTON:1990:10:7,59.5708597110894,86.0414341287065,1384,1307.3746518163,1262.95917795559
1990-10-07,BOSTON,1990,1,10,3933,280,1185,BOSTON:1990:10:1,59.1948993002316,80.8670525542712,1227,1255.51644493226,1309.34477338664
1990-10-08,BOSTON,1990,2,10,3934,281,1141,BOSTON:1990:10:2,58.8178719701555,23.8224455393229,1145,1157.01413736679,1213.85456234845
1990-10-09,BOSTON,1990,3,10,3935,282,1196,BOSTON:1990:10:3,58.4398896834881,30.5676909914308,1034,1044.19969783932,1225.86229500161
1990-10-10,BOSTON,1990,4,10,3936,283,1300,BOSTON:1990:10:4,58.0610646915699,81.4988760722878,1317,1307.31379273583,1313.44614048737
1990-10-11,BOSTON,1990,5,10,3937,284,1265,BOSTON:1990:10:5,57.6815095012504,38.1618272307757,1342,1396.7658948073,1333.98003795107
1990-10-12,BOSTON,1990,6,10,3938,285,1220,BOSTON:1990:10:6,57.3013368416109,24.4304832075254,1153,1106.41104832481,1178.97745798513
1990-10-13,BOSTON,1990,7,10,3939,286,1208,BOSTON:1990:10:7,56.920659630615,62.2914811503698,1021,969.403381276075,1158.5956393681
1990-10-14,BOSTON,1990,1,10,3940,287,1189,BOSTON:1990:10:1,56.5395909417046,74.5211741709708,1393,1381.11967421142,1243.21864164308
1990-10-15,BOSTON,1990,2,10,3941,288,1210,BOSTON:1990:10:2,56.1582439703484,82.3140281260562,1123,1120.18577622021,1246.68488851138
1990-10-16,BOSTON,1990,3,10,3942,289,1201,BOSTON:1990:10:3,55.7767320005483,25.0023459736518,1303,1312.50194092026,1226.28534972324
1990-10-17,BOSTON,1990,4,10,3943,290,1261,BOSTON:1990:10:4,55.395168371324,35.9238534866018,1304,1302.89873460672,1244.08685377798
1990-10-18,BOSTON,1990,5,10,3944,291,1288,BOSTON:1990:10:5,55.0136664431735,48.9954284919618,1485,1461.59155918158,1296.55506898948
1990-10-19,BOSTON,1990,6,10,3945,292,1256,BOSTON:1990:10:6,54.6323395645288,48.4254136526999,1168,1191.8245726175,1181.94353685598
1990-10-20,BOSTON,1990,7,10,3946,293,1216,BOSTON:1990:10:7,54.2513010382142,59.808624122427,1132,1118.3366559281,1159.40244097205
1990-10-21,BOSTON,1990,1,10,3947,294,1210,BOSTON:1990:10:1,53.870664087912,84.8070906897504,1376,1387.00316890031,1249.41459835574
1990-10-22,BOSTON,1990,2,10,3948,295,1226,BOSTON:1990:10:2,53.4905418246552,87.6224436359979,1483,1499.83216016166,1253.22481698068
1990-10-23,BOSTON,1990,3,10,3949,296,1213,BOSTON:1990:10:3,53.1110472133463,27.1968966344452,1247,1233.26172897996,1237.0894554427
1990-10-24,BOSTON,1990,4,10,3950,297,1273,BOSTON:1990:10:4,52.732293039323,36.973541743816,1297,1267.61980664942,1253.36242688542
1990-10-25,BOSTON,1990,5,10,3951,298,1329,BOSTON:1990:10:5,52.3543918749698,75.3411893977232,1361,1406.33101411053,1343.63998066193
1990-10-26,BOSTON,1990,6,10,3952,299,1309,BOSTON:1990:10:6,51.9774560463948,86.3655663767231,1182,1216.28793310731,1270.8211298289
1990-10-27,BOSTON,1990,7,10,3953,300,1231,BOSTON:1990:10:7,51.6015976001769,63.7256366722546,1259,1274.93752800694,1215.0427417077
1990-10-28,BOSTON,1990,1,10,3954,301,1156,BOSTON:1990:10:1,51.2269282701911,21.644162783634,1016,1024.49244507031,1210.02198661543
1990-10-29,BOSTON,1990,2,10,3955,302,1173,BOSTON:1990:10:2,50.8535594445288,25.2617978280045,1116,1106.46566174736,1161.60908527777
1990-10-30,BOSTON,1990,3,10,3956,303,1236,BOSTON:1990:10:3,50.4816021325146,39.1483766350044,1306,1286.68595525675,1204.83657558269
1990-10-31,BOSTON,1990,4,10,3957,304,1279,BOSTON:1990:10:4,50.1111669318363,32.7587955460497,1156,1126.80265034567,1242.68058096012
1990-11-01,BOSTON,1990,5,11,3958,305,1292,BOSTON:1990:11:5,49.7423639957942,32.3000185209476,1323,1327.6146639902,1276.92924386893
1990-11-02,BOSTON,1990,6,11,3959,306,1301,BOSTON:1990:11:6,49.3753030006781,69.2040572310805,1317,1300.78433238928,1181.51345059926
1990-11-03,BOSTON,1990,7,11,3960,307,1202,BOSTON:1990:11:7,49.0100931132875,26.175136232163,1360,1317.85049734394,1155.23887942311
1990-11-04,BOSTON,1990,1,11,3961,308,1200,BOSTON:1990:11:1,48.6468429585965,55.5281170575926,1424,1414.58778627644,1286.31835091351
1990-11-05,BOSTON,1990,2,11,3962,309,1220,BOSTON:1990:11:2,48.2856605875816,61.6964736928742,1070,1096.78224067694,1375.48090654199
1990-11-06,BOSTON,1990,3,11,3963,310,1288,BOSTON:1990:11:3,47.9266534452135,77.5321453911992,1256,1291.41361939153,1164.96264376703
1990-11-07,BOSTON,1990,4,11,3964,311,1321,BOSTON:1990:11:4,47.569928338629,60.8681772131182,1499,1488.48171118069,1357.42205253082
1990-11-08,BOSTON,1990,5,11,3965,312,1302,BOSTON:1990:11:5,47.2155914054907,31.371719787801,1228,1275.70269239529,1287.95122310808
1990-11-09,BOSTON,1990,6,11,3966,313,1250,BOSTON:1990:11:6,46.8637480825394,12.6299092458769,1089,1124.65731648022,1140.49013943979
1990-11-10,BOSTON,1990,7,11,3967,314,1200,BOSTON:1990:11:7,46.5145030743566,14.5398749024731,1056,1043.37709500885,1138.22778390247
1990-11-11,BOSTON,1990,1,11,3968,315,1176,BOSTON:1990:11:1,46.1679603223384,22.9208063537881,1326,1295.41849274313,1274.38798409177
1990-11-12,BOSTON,1990,2,11,3969,316,1239,BOSTON:1990:11:2,45.8242229738955,70.5090808280495,1453,1544.91043423513,1402.47607808858
1990-11-13,BOSTON,1990,3,11,3970,317,1230,BOSTON:1990:11:3,45.4833933518871,13.6973275797113,1101,1070.17119984656,1137.41963038088
1990-11-14,BOSTON,1990,4,11,3971,318,1296,BOSTON:1990:11:4,45.1455729242938,29.1427074743028,1326,1264.54668904005,1322.34008599431
1990-11-15,BOSTON,1990,5,11,3972,319,1359,BOSTON:1990:11:5,44.8108622741468,72.0368688188076,1116,1124.96383115184,1330.39780385354
1990-11-16,BOSTON,1990,6,11,3973,320,1298,BOSTON:1990:11:6,44.4793610697118,47.8318916916354,1254,1256.40663940744,1187.9068355812
1990-11-17,BOSTON,1990,7,11,3974,321,1263,BOSTON:1990:11:7,44.1511680349477,65.4883992323421,1156,1177.37312216722,1191.45103289893
1990-11-18,BOSTON,1990,1,11,3975,322,1241,BOSTON:1990:11:1,43.8263809202375,75.8301442266578,1253,1202.5856868299,1333.15855187315
1990-11-19,BOSTON,1990,2,11,3976,323,1234,BOSTON:1990:11:2,43.50509647341,56.7871821025901,1584,1589.84811746841,1389.05083725903
1990-11-20,BOSTON,1990,3,11,3977,324,1263,BOSTON:1990:11:3,43.1874104110556,36.2667606292325,1055,1052.43380058066,1122.52625533634
1990-11-21,BOSTON,1990,4,11,3978,325,1360,BOSTON:1990:11:4,42.8734173901431,75.8462764854595,1395,1370.41954479289,1349.74024855228
1990-11-22,BOSTON,1990,5,11,3979,326,1371,BOSTON:1990:11:5,42.5632109799528,73.3195210438327,1591,1599.88581640328,1343.43835921437
1990-11-23,BOSTON,1990,6,11,3980,327,1303,BOSTON:1990:11:6,42.256883634326,43.5366408434481,1181,1182.46269767655,1184.44658127544
1990-11-24,BOSTON,1990,7,11,3981,328,1220,BOSTON:1990:11:7,41.9545266642454,16.4948390219579,1059,1081.74478567489,1146.082303777
1990-11-25,BOSTON,1990,1,11,3982,329,1223,BOSTON:1990:11:1,41.6562302107525,50.5277498811086,1170,1177.19070860285,1279.13511312256
1990-11-26,BOSTON,1990,2,11,3983,330,1251,BOSTON:1990:11:2,41.362083218207,63.9475821253446,1445,1362.83615423553,1384.99217810979
1990-11-27,BOSTON,1990,3,11,3984,331,1250,BOSTON:1990:11:3,41.0721734079026,15.6107482855633,1132,1153.13281863832,1119.09147051447
1990-11-28,BOSTON,1990,4,11,3985,332,1336,BOSTON:1990:11:4,40.7865872520396,47.6093604795078,1124,1146.60535484372,1314.49761292534
1990-11-29,BOSTON,1990,5,11,3986,333,1381,BOSTON:1990:11:5,40.5054099480694,74.312894704759,1307,1337.76498836241,1326.28336995244
1990-11-30,BOSTON,1990,6,11,3987,334,1287,BOSTON:1990:11:6,40.2287253934112,21.3728707759795,1021,1008.78456990041,1167.64299310571
1990-12-01,BOSTON,1990,7,12,3988,335,1247,BOSTON:1990:12:7,39.9566161605546,34.1725433078611,995,1029.76329248962,1201.22103687191
1990-12-02,BOSTON,1990,1,12,3989,336,1191,BOSTON:1990:12:1,39.6891634725525,11.708133427941,1289,1274.71890391182,1204.87900768468
1990-12-03,BOSTON,1990,2,12,3990,337,1217,BOSTON:1990:12:2,39.4264471789107,23.9222454305023,1181,1217.03026207787,1200.6304638171
1990-12-04,BOSTON,1990,3,12,3991,338,1286,BOSTON:1990:12:3,39.1685457318845,41.3068001368838,971,984.970568758512,1188.8811431185
1990-12-05,BOSTON,1990,4,12,3992,339,1320,BOSTON:1990:12:4,38.9155361631852,25.9038982370835,1375,1334.31548338688,1271.1756796527
1990-12-06,BOSTON,1990,5,12,3993,340,1357,BOSTON:1990:12:5,38.667494061109,45.7166391519684,1010,1020.51246910508,1258.03701087666
1990-12-07,BOSTON,1990,6,12,3994,341,1353,BOSTON:1990:12:6,38.4244935480878,72.521354836505,1182,1237.73927010906,1289.29570177353
1990-12-08,BOSTON,1990,7,12,3995,342,1268,BOSTON:1990:12:7,38.1866072586758,45.8363112716956,1282,1242.60942444156,1217.518311686
1990-12-09,BOSTON,1990,1,12,3996,343,1200,BOSTON:1990:12:1,37.953906317974,13.1555189101831,1018,992.430522063887,1206.29558455579
1990-12-10,BOSTON,1990,2,12,3997,344,1254,BOSTON:1990:12:2,37.7264603204995,52.0286125411249,1309,1356.88251200478,1209.47510517704
1990-12-11,BOSTON,1990,3,12,3998,345,1304,BOSTON:1990:12:3,37.5043373095082,50.0469585933001,1340,1397.23872958271,1187.71674892092
1990-12-12,BOSTON,1990,4,12,3999,346,1327,BOSTON:1990:12:4,37.2876037567737,24.8684743329765,1133,1176.20009541981,1267.128096506
1990-12-13,BOSTON,1990,5,12,4000,347,1348,BOSTON:1990:12:5,37.0763245428311,31.7084194131526,1377,1425.4712238791,1239.22291557673
1990-12-14,BOSTON,1990,6,12,4001,348,1304,BOSTON:1990:12:6,36.8705629376916,23.1830558815261,1308,1260.02741132337,1232.07199851361
1990-12-15,BOSTON,1990,7,12,4002,349,1290,BOSTON:1990:12:7,36.6703805820296,59.9676953190217,1314,1301.27209284207,1209.56951773581
1990-12-16,BOSTON,1990,1,12,4003,350,1237,BOSTON:1990:12:1,36.4758374688545,43.0311630579972,1262,1250.04650254825,1227.22863414725
1990-12-17,BOSTON,1990,2,12,4004,351,1266,BOSTON:1990:12:2,36.2869919256664,57.790756819526,1107,1055.08761191462,1224.02000475607
1990-12-18,BOSTON,1990,3,12,4005,352,1279,BOSTON:1990:12:3,36.1039005971055,21.6874550428714,942,990.064301208801,1168.75997876306
1990-12-19,BOSTON,1990,4,12,4006,353,1317,BOSTON:1990:12:4,35.9266184280971,10.8025839446457,1501,1564.42804378534,1245.35064817065
1990-12-20,BOSTON,1990,5,12,4007,354,1391,BOSTON:1990:12:5,35.7551986474997,62.9586758262,1373,1357.24976128387,1266.9797544657
1990-12-21,BOSTON,1990,6,12,4008,355,1286,BOSTON:1990:12:6,35.58969275226,1.16964304485472,1269,1285.5146940413,1251.69906914323
1990-12-22,BOSTON,1990,7,12,4009,356,1274,BOSTON:1990:12:7,35.4301504920782,40.2685962002339,1096,1086.94553023651,1214.10543403718
1990-12-23,BOSTON,1990,1,12,4010,357,1270,BOSTON:1990:12:1,35.2766198545921,68.0051331498887,1397,1375.52340658041,1265.23194336015
1990-12-24,BOSTON,1990,2,12,4011,358,1230,BOSTON:1990:12:2,35.1291470510787,18.9723604849442,1429,1428.09071882156,1226.49630102117
1990-12-25,BOSTON,1990,3,12,4012,359,1337,BOSTON:1990:12:3,34.9877765026833,68.8649814479943,1511,1504.53278283925,1218.64212919599
1990-12-26,BOSTON,1990,4,12,4013,360,1313,BOSTON:1990:12:4,34.8525508271765,2.32981496138981,1051,1043.59817340116,1276.34557566746
1990-12-27,BOSTON,1990,5,12,4014,361,1344,BOSTON:1990:12:5,34.7235108262435,17.7818609590218,1253,1170.7811812677,1248.76031908253
1990-12-28,BOSTON,1990,6,12,4015,362,1310,BOSTON:1990:12:6,34.6006954733119,17.7930739723914,1269,1279.72730235221,1254.93323056998
1990-12-29,BOSTON,1990,7,12,4016,363,1307,BOSTON:1990:12:7,34.4841419019178,65.8573360390403,1400,1358.02833147247,1244.58569966678
1990-12-30,BOSTON,1990,1,12,4017,364,1274,BOSTON:1990:12:1,34.3738853946175,67.9474771014261,1223,1170.32530324543,1285.36483025175
1990-12-31,BOSTON,1990,2,12,4018,365,1269,BOSTON:1990:12:2,34.269959372445,50.6768998270621,1084,1125.85796689123,1249.37812523192
1991-01-01,BOSTON,1991,3,1,4019,1,1286,BOSTON:1991:1:3,34.1723953849207,19.2959783492181,1221,1264.08693793665,1301.63806617961
1991-01-02,BOSTON,1991,4,1,4020,2,1346,BOSTON:1991:1:4,34.0812231006135,27.7083613897708,1074,1170.14267417874,1244.44146119051
1991-01-03,BOSTON,1991,5,1,4021,3,1342,BOSTON:1991:1:5,33.9964702982574,13.106905662094,1602,1570.13511703,1258.73900805316
1991-01-04,BOSTON,1991,6,1,4022,4,1353,BOSTON:1991:1:6,33.9181628584294,52.5792079971536,1105,1071.70625042577,1152.70756039314
1991-01-05,BOSTON,1991,7,1,4023,5,1294,BOSTON:1991:1:7,33.8463247557861,50.8636705428121,1294,1291.90821463739,1336.00713135407
1991-01-06,BOSTON,1991,1,1,4024,6,1241,BOSTON:1991:1:1,33.780978051866,33.6732747102292,948,964.654343528337,1091.13100723361
1991-01-07,BOSTON,1991,2,1,4025,7,1266,BOSTON:1991:1:2,33.722142888456,45.6571145790996,1188,1138.58922969813,1141.94250710277
1991-01-08,BOSTON,1991,3,1,4026,8,1325,BOSTON:1991:1:3,33.6698374815268,51.3422330340353,1379,1449.54493092149,1302.61801725001
1991-01-09,BOSTON,1991,4,1,4027,9,1379,BOSTON:1991:1:4,33.6240781157368,52.7944824344569,1413,1447.78039415525,1259.83996709488
1991-01-10,BOSTON,1991,5,1,4028,10,1378,BOSTON:1991:1:5,33.5848791395082,40.9467301714002,1091,1123.76583492159,1267.29137586087
1991-01-11,BOSTON,1991,6,1,4029,11,1325,BOSTON:1991:1:6,33.5522529606751,25.8883550072132,1055,1074.53989792724,1120.5826302214
1991-01-12,BOSTON,1991,7,1,4030,12,1291,BOSTON:1991:1:7,33.526210042706,45.500240156485,1208,1218.76262142294,1298.26953768225
1991-01-13,BOSTON,1991,1,1,4031,13,1270,BOSTON:1991:1:1,33.5067589015015,59.3513057094314,1102,1086.79675338761,1092.84857532362
1991-01-14,BOSTON,1991,2,1,4032,14,1251,BOSTON:1991:1:2,33.4939061027678,29.042107222295,1186,1227.67058104417,1136.84939599579
1991-01-15,BOSTON,1991,3,1,4033,15,1277,BOSTON:1991:1:3,33.4876562599676,6.92100036569181,1080,1100.25396834358,1279.8056635454
1991-01-16,BOSTON,1991,4,1,4034,16,1368,BOSTON:1991:1:4,33.4880120328483,41.8147472010781,1163,1106.25259265202,1252.548685945
1991-01-17,BOSTON,1991,5,1,4035,17,1369,BOSTON:1991:1:5,33.4949741265485,32.1305866967635,1221,1242.56854945559,1275.04911045841
1991-01-18,BOSTON,1991,6,1,4036,18,1370,BOSTON:1991:1:6,33.5085412912827,63.1810575660143,1146,1153.29674822034,1168.35724992283
1991-01-19,BOSTON,1991,7,1,4037,19,1259,BOSTON:1991:1:7,33.5287103226045,15.3757982870201,1394,1341.31940317928,1316.59081962865
1991-01-20,BOSTON,1991,1,1,4038,20,1264,BOSTON:1991:1:1,33.5554760622485,52.9091863518273,1122,1166.68794165699,1094.98076020686
1991-01-21,BOSTON,1991,2,1,4039,21,1275,BOSTON:1991:1:2,33.5888313995497,51.2279835766936,1166,1203.64912781695,1152.98253950349
1991-01-22,BOSTON,1991,3,1,4040,22,1321,BOSTON:1991:1:3,33.6287672734422,45.982537012135,1471,1435.19284187883,1309.94461262962
1991-01-23,BOSTON,1991,4,1,4041,23,1363,BOSTON:1991:1:4,33.6752726750333,37.2956351477538,1566,1548.44882872093,1253.7426437235
1991-01-24,BOSTON,1991,5,1,4042,24,1379,BOSTON:1991:1:5,33.7283346507556,40.5785718335628,1190,1291.11986140909,1262.33459603151
1991-01-25,BOSTON,1991,6,1,4043,25,1365,BOSTON:1991:1:6,33.7879383060942,59.4385690181377,1279,1325.49739205608,1143.35255946598
1991-01-26,BOSTON,1991,7,1,4044,26,1279,BOSTON:1991:1:7,33.8540668098884,33.5279166919807,1358,1369.52380662351,1303.13251133063
1991-01-27,BOSTON,1991,1,1,4045,27,1280,BOSTON:1991:1:1,33.9267013992071,67.5427288796641,1208,1190.76411615372,1101.03965723553
1991-01-28,BOSTON,1991,2,1,4046,28,1224,BOSTON:1991:1:2,34.0058213847955,3.86204949377898,1025,1054.43167510489,1133.22555739775
1991-01-29,BOSTON,1991,3,1,4047,29,1312,BOSTON:1991:1:3,34.091404157093,38.0064316325432,1342,1383.50516036177,1298.99364039439
1991-01-30,BOSTON,1991,4,1,4048,30,1333,BOSTON:1991:1:4,34.1834251928188,12.4395719655835,1048,1097.44193263042,1253.42724204701
1991-01-31,BOSTON,1991,5,1,4049,31,1354,BOSTON:1991:1:5,34.281858062125,20.033881772063,1235,1268.26507023393,1275.58590959785
1991-02-01,BOSTON,1991,6,2,4050,32,1363,BOSTON:1991:2:6,34.3866744363137,58.2569629634187,1229,1255.90206897429,1239.37613085841
1991-02-02,BOSTON,1991,7,2,4051,33,1256,BOSTON:1991:2:7,34.4978440961162,13.8553411828647,1192,1146.91421927616,1153.13476493018
1991-02-03,BOSTON,1991,1,2,4052,34,1249,BOSTON:1991:2:1,34.6153349405337,40.4056712192666,867,904.495686984466,1080.20489950495
1991-02-04,BOSTON,1991,2,2,4053,35,1247,BOSTON:1991:2:2,34.7391129962328,27.4774668716985,1102,1121.91475015014,1206.27093000962
1991-02-05,BOSTON,1991,3,2,4054,36,1291,BOSTON:1991:2:3,34.869142427498,21.2591317635192,1363,1393.57670380221,1305.73550972048
1991-02-06,BOSTON,1991,4,2,4055,37,1355,BOSTON:1991:2:4,35.0053855467345,33.0632557992581,1205,1224.58545801515,1271.87823590657
1991-02-07,BOSTON,1991,5,2,4056,38,1389,BOSTON:1991:2:5,35.1478028255196,52.1752396742495,1200,1236.87272426006,1225.01190066849
1991-02-08,BOSTON,1991,6,2,4057,39,1372,BOSTON:1991:2:6,35.2963529062005,68.6726053688223,1194,1220.12473537282,1242.4015213664
1991-02-09,BOSTON,1991,7,2,4058,40,1251,BOSTON:1991:2:7,35.4509926140324,11.3894622069799,1118,1097.20031718038,1145.05982905456
1991-02-10,BOSTON,1991,1,2,4059,41,1214,BOSTON:1991:2:1,35.6116769698569,9.67148376425072,1201,1185.27759778687,1060.55613249122
1991-02-11,BOSTON,1991,2,2,4060,42,1260,BOSTON:1991:2:2,35.7783592033131,41.4175104007056,1278,1279.81855585216,1208.4102939457
1991-02-12,BOSTON,1991,3,2,4061,43,1276,BOSTON:1991:2:3,35.9509907665811,10.5514330117181,1420,1417.24668207071,1318.06245208637
1991-02-13,BOSTON,1991,4,2,4062,44,1331,BOSTON:1991:2:4,36.1295213486518,15.2692724630686,1048,1096.52634479222,1283.29245062616
1991-02-14,BOSTON,1991,5,2,4063,45,1354,BOSTON:1991:2:5,36.3138988901178,25.2293334094125,1331,1355.80861308593,1222.60271009252
1991-02-15,BOSTON,1991,6,2,4064,46,1313,BOSTON:1991:2:6,36.5040695984856,20.1171358666391,1245,1241.03204060739,1213.08734814837
1991-02-16,BOSTON,1991,7,2,4065,47,1292,BOSTON:1991:2:7,36.6999779639977,52.210996672346,1325,1268.40914472676,1164.9633260897
1991-02-17,BOSTON,1991,1,2,4066,48,1253,BOSTON:1991:2:1,36.9015667759672,50.5859706816122,1057,1078.24625609773,1095.29443881566
1991-02-18,BOSTON,1991,2,2,4067,49,1273,BOSTON:1991:2:2,37.1087771396147,57.7033880351105,1145,1215.34507466649,1228.78004186424
1991-02-19,BOSTON,1991,3,2,4068,50,1284,BOSTON:1991:2:3,37.321548493404,21.5344483999648,1140,1085.36123289396,1306.9065578691
1991-02-20,BOSTON,1991,4,2,4069,51,1326,BOSTON:1991:2:4,37.5398186268745,15.2767639654218,1393,1346.91619992736,1252.86697919121
1991-02-21,BOSTON,1991,5,2,4070,52,1361,BOSTON:1991:2:5,37.7635236989595,35.1457803926318,1155,1172.11618763781,1202.48404780982
1991-02-22,BOSTON,1991,6,2,4071,53,1332,BOSTON:1991:2:6,37.9925982567903,41.5307536355641,1237,1267.46439195359,1210.13499962853
1991-02-23,BOSTON,1991,7,2,4072,54,1281,BOSTON:1991:2:7,38.2269752549769,46.8172152468765,981,978.349484431619,1152.84207992535
1991-02-24,BOSTON,1991,1,2,4073,55,1234,BOSTON:1991:2:1,38.4665860753621,37.2691257466677,1183,1203.81191843017,1071.94452918873
1991-02-25,BOSTON,1991,2,2,4074,56,1220,BOSTON:1991:2:2,38.7113605472415,12.7995287380337,1304,1290.87537374641,1185.53873417931
1991-02-26,BOSTON,1991,3,2,4075,57,1328,BOSTON:1991:2:3,38.9612269680432,65.8410034607581,1338,1360.66846908631,1330.29548032834
1991-02-27,BOSTON,1991,4,2,4076,58,1388,BOSTON:1991:2:4,39.2161121244643,73.6083670730804,1492,1480.47764953421,1329.96233427189
1991-02-28,BOSTON,1991,5,2,4077,59,1390,BOSTON:1991:2:5,39.4759413140529,64.8135218356439,1232,1171.43449188749,1267.90134143279
1991-03-01,BOSTON,1991,6,3,4078,60,1353,BOSTON:1991:3:6,39.7406383672341,64.3981886141545,1281,1289.08616922111,1199.45639505233
1991-03-02,BOSTON,1991,7,3,4079,61,1258,BOSTON:1991:3:7,40.0101256697701,31.4290781739431,1158,1206.02079858071,1189.62527491633
1991-03-03,BOSTON,1991,1,3,4080,62,1241,BOSTON:1991:3:1,40.2843241856492,48.479679175379,1235,1273.22833407357,1165.46667312331
1991-03-04,BOSTON,1991,2,3,4081,63,1245,BOSTON:1991:3:2,40.5631534803976,41.8471209567358,1171,1160.00627698915,1356.66507202593
1991-03-05,BOSTON,1991,3,3,4082,64,1258,BOSTON:1991:3:3,40.8465317448049,8.43157644126629,1122,1170.13906260695,1160.39947477653
1991-03-06,BOSTON,1991,4,3,4083,65,1363,BOSTON:1991:3:4,41.1343758190596,58.1466462333301,1480,1529.7489619292,1338.66152481596
1991-03-07,BOSTON,1991,5,3,4084,66,1383,BOSTON:1991:3:5,41.4266012172832,65.3965965152405,1478,1470.62419023312,1302.41506399413
1991-03-08,BOSTON,1991,6,3,4085,67,1284,BOSTON:1991:3:6,41.7231221524607,10.1611943547223,993,1032.89262279103,1160.43058759307
1991-03-09,BOSTON,1991,7,3,4086,68,1293,BOSTON:1991:3:7,42.0238515617555,69.554096101713,1191,1202.58402332252,1217.57625929377
1991-03-10,BOSTON,1991,1,3,4087,69,1218,BOSTON:1991:3:1,42.3287011322033,33.8011228304756,1100,1063.90291839657,1181.05484942001
1991-03-11,BOSTON,1991,2,3,4088,70,1254,BOSTON:1991:3:2,42.6375813267796,56.3270824283963,1679,1615.5511830578,1384.62404874467
1991-03-12,BOSTON,1991,3,3,4089,71,1306,BOSTON:1991:3:3,42.950401410827,58.1621967860437,1196,1188.2601007814,1206.19140636999
1991-03-13,BOSTON,1991,4,3,4090,72,1353,BOSTON:1991:3:4,43.2670694788426,56.0438157514178,1451,1447.43607816351,1350.28882573356
1991-03-14,BOSTON,1991,5,3,4091,73,1334,BOSTON:1991:3:5,43.5874924816107,29.6159374092621,1329,1274.43615568462,1260.30363116531
1991-03-15,BOSTON,1991,6,3,4092,74,1299,BOSTON:1991:3:6,43.9115762536744,30.0951990474345,1210,1239.38176243751,1136.10638979473
1991-03-16,BOSTON,1991,7,3,4093,75,1256,BOSTON:1991:3:7,44.2392255411434,42.5669534224037,1245,1242.0552138846,1169.53543488905
1991-03-17,BOSTON,1991,1,3,4094,76,1190,BOSTON:1991:3:1,44.5703440298202,12.9641179064165,1109,1109.39532528304,1145.53423034552
1991-03-18,BOSTON,1991,2,3,4095,77,1233,BOSTON:1991:3:2,44.904834373646,44.3182217742098,1233,1265.79441691556,1356.12870710649
1991-03-19,BOSTON,1991,3,3,4096,78,1290,BOSTON:1991:3:3,45.2425982234495,51.4463288839402,1326,1289.52738961141,1190.45317283755
1991-03-20,BOSTON,1991,4,3,4097,79,1311,BOSTON:1991:3:4,45.5835362559984,27.0082892467136,1071,1047.24538478455,1326.32841370722
1991-03-21,BOSTON,1991,5,3,4098,80,1382,BOSTON:1991:3:5,45.9275482033372,78.4522256671444,1247,1254.1180549985,1313.56243618218
1991-03-22,BOSTON,1991,6,3,4099,81,1282,BOSTON:1991:3:6,46.274532882407,22.4741591111791,1161,1170.09295570109,1167.70398577756
1991-03-23,BOSTON,1991,7,3,4100,82,1258,BOSTON:1991:3:7,46.6243882249399,51.8910470935805,1153,1143.50990998648,1194.1874637675
1991-03-24,BOSTON,1991,1,3,4101,83,1211,BOSTON:1991:3:1,46.9770113076132,41.4324661647018,1270,1284.39728800262,1170.56463898032
1991-03-25,BOSTON,1991,2,3,4102,84,1201,BOSTON:1991:3:2,47.3322983824626,20.9023779763818,1365,1328.55274147383,1350.58217211723
1991-03-26,BOSTON,1991,3,3,4103,85,1267,BOSTON:1991:3:3,47.6901449075365,38.1901094222838,1090,1094.20826298825,1176.95594601701
1991-03-27,BOSTON,1991,4,3,4104,86,1366,BOSTON:1991:3:4,48.0504455777913,82.9612767474823,1400,1387.32187192606,1386.7212357393
1991-03-28,BOSTON,1991,5,3,4105,87,1362,BOSTON:1991:3:5,48.4130943562114,69.2651348766149,1156,1172.04309026148,1333.71886865756
1991-03-29,BOSTON,1991,6,3,4106,88,1290,BOSTON:1991:3:6,48.777984505147,38.2675903207625,1201,1178.77576666795,1182.302641786
1991-03-30,BOSTON,1991,7,3,4107,89,1279,BOSTON:1991:3:7,49.1450086178651,79.733402446231,1262,1290.83886956782,1238.07556713521
1991-03-31,BOSTON,1991,1,3,4108,90,1226,BOSTON:1991:3:1,49.514058650294,64.4378751901069,1163,1174.18767973692,1214.37960812571
1991-04-01,BOSTON,1991,2,4,4109,91,1222,BOSTON:1991:4:2,49.8850259529645,49.5520897438036,1090,1104.8434542643,1223.25832098413
1991-04-02,BOSTON,1991,3,4,4110,92,1295,BOSTON:1991:4:3,50.2578013031273,72.1149766249111,1096,1105.00315159671,1214.74885901517
1991-04-03,BOSTON,1991,4,4,4111,93,1332,BOSTON:1991:4:4,50.632274937043,61.4775530730095,1179,1245.37014989426,1193.65729402074
1991-04-04,BOSTON,1991,5,4,4112,94,1320,BOSTON:1991:4:5,51.0083365824364,41.2605482514307,1288,1270.55665891641,1234.58334924101
1991-04-05,BOSTON,1991,6,4,4113,95,1293,BOSTON:1991:4:6,51.3858754910989,49.421084134513,1295,1298.82295816502,1244.62700661003
1991-04-06,BOSTON,1991,7,4,4114,96,1247,BOSTON:1991:4:7,51.7647804716378,58.6498198658935,1059,1082.75752080089,1094.11221386368
1991-04-07,BOSTON,1991,1,4,4115,97,1221,BOSTON:1991:4:1,52.1449399223539,67.9789281004097,1250,1232.31573345708,1206.83958679386
1991-04-08,BOSTON,1991,2,4,4116,98,1205,BOSTON:1991:4:2,52.5262418642476,42.446223033762,979,1015.91286921297,1194.91061602662
1991-04-09,BOSTON,1991,3,4,4117,99,1271,BOSTON:1991:4:3,52.9085739741343,58.9620654650274,1159,1140.99996471971,1181.84873755271
1991-04-10,BOSTON,1991,4,4,4118,100,1314,BOSTON:1991:4:4,53.2918236178638,54.4540747704277,1271,1302.30753544241,1167.2714886311
1991-04-11,BOSTON,1991,5,4,4119,101,1331,BOSTON:1991:4:5,53.6758778836374,60.2219061470386,1113,1177.81092451601,1234.84565232932
1991-04-12,BOSTON,1991,6,4,4120,102,1319,BOSTON:1991:4:6,54.0606236154029,81.2394945392201,1151,1175.28521935239,1297.82587298982
1991-04-13,BOSTON,1991,7,4,4121,103,1260,BOSTON:1991:4:7,54.4459474463299,80.1448763585001,1190,1225.41631430234,1152.02700496896
1991-04-14,BOSTON,1991,1,4,4122,104,1222,BOSTON:1991:4:1,54.8317358323447,78.0158317072391,1186,1213.7190210554,1260.40464126631
1991-04-15,BOSTON,1991,2,4,4123,105,1185,BOSTON:1991:4:2,55.217875085721,31.5381428733899,1246,1280.69859765232,1222.89577407152
1991-04-16,BOSTON,1991,3,4,4124,106,1244,BOSTON:1991:4:3,55.6042514087167,43.8020935792011,1233,1184.95605556817,1191.44203144017
1991-04-17,BOSTON,1991,4,4,4125,107,1339,BOSTON:1991:4:4,55.9907509272412,85.8228227824398,1095,1113.75334690955,1234.19720408907
1991-04-18,BOSTON,1991,5,4,4126,108,1350,BOSTON:1991:4:5,56.3772597245517,86.1299982073362,1254,1259.33091979425,1332.56196918287
1991-04-19,BOSTON,1991,6,4,4127,109,1292,BOSTON:1991:4:6,56.7636638749598,66.3184915399386,1228,1203.70505821618,1331.66102029094
1991-04-20,BOSTON,1991,7,4,4128,110,1248,BOSTON:1991:4:7,57.1498494775458,77.6535382371819,1133,1134.97074706284,1161.85870903556
1991-04-21,BOSTON,1991,1,4,4129,111,1196,BOSTON:1991:4:1,57.5357026898658,62.5579477463274,1262,1225.51540280669,1242.72415544067
1991-04-22,BOSTON,1991,2,4,4130,112,1169,BOSTON:1991:4:2,57.9211097616427,25.6774078040109,1472,1472.29787851759,1216.02607134685
1991-04-23,BOSTON,1991,3,4,4131,113,1234,BOSTON:1991:4:3,58.3059570684348,43.4419641413045,1303,1287.43854774578,1184.31496712073
1991-04-24,BOSTON,1991,4,4,4132,114,1296,BOSTON:1991:4:4,58.6901311452645,57.3490423375885,1224,1217.10331657155,1173.87401326077
1991-04-25,BOSTON,1991,5,4,4133,115,1304,BOSTON:1991:4:5,59.0735187202063,54.5174813859467,1386,1300.67836785411,1239.00902924889
1991-04-26,BOSTON,1991,6,4,4134,116,1308,BOSTON:1991:4:6,59.4560067479164,89.7288988514469,1518,1464.92760800212,1317.88610010518
1991-04-27,BOSTON,1991,7,4,4135,117,1230,BOSTON:1991:4:7,59.8374824430971,70.0351234381265,1173,1164.94058768995,1147.00207212962
1991-04-28,BOSTON,1991,1,4,4136,118,1149,BOSTON:1991:4:1,60.2178333138891,25.2758607731976,1211,1196.21119863224,1199.03161650141
1991-04-29,BOSTON,1991,2,4,4137,119,1161,BOSTON:1991:4:2,60.5969471951741,26.9635159523952,1260,1191.27120717462,1189.90921756568
1991-04-30,BOSTON,1991,3,4,4138,120,1228,BOSTON:1991:4:3,60.9747122817875,46.7629321346262,1165,1166.26500137301,1183.64540487123
1991-05-01,BOSTON,1991,4,5,4139,121,1273,BOSTON:1991:5:4,61.3510171616218,45.5132510083495,1299,1218.81427387387,1178.93477928735
1991-05-02,BOSTON,1991,5,5,4140,122,1327,BOSTON:1991:5:5,61.7257508486192,84.7887445953358,1330,1365.47517848639,1232.32738649879
1991-05-03,BOSTON,1991,6,5,4141,123,1284,BOSTON:1991:5:6,62.0988028156383,77.5729624214393,1305,1250.53568202629,1205.42941898774
1991-05-04,BOSTON,1991,7,5,4142,124,1225,BOSTON:1991:5:7,62.470063027185,75.1089752187995,1181,1167.32863700069,1113.48688033653
1991-05-05,BOSTON,1991,1,5,4143,125,1170,BOSTON:1991:5:1,62.8394219720044,54.7330644538866,1042,1081.40586913841,1174.21632032424
1991-05-06,BOSTON,1991,2,5,4144,126,1166,BOSTON:1991:5:2,63.2067706955139,41.1759133923341,1100,1167.45597278507,1069.44064736361
1991-05-07,BOSTON,1991,3,5,4145,127,1215,BOSTON:1991:5:3,63.5720008320777,43.3911832154399,1118,1161.33306072186,1147.23781200747
1991-05-08,BOSTON,1991,4,5,4146,128,1299,BOSTON:1991:5:4,63.9350046371064,78.1934554679274,1237,1205.7493352064,1204.87599159943
1991-05-09,BOSTON,1991,5,5,4147,129,1276,BOSTON:1991:5:5,64.2956750189745,47.6698192490124,1252,1240.77945564101,1195.21092830176
1991-05-10,BOSTON,1991,6,5,4148,130,1239,BOSTON:1991:5:6,64.6539055707484,45.4983103333592,1061,1089.81204870591,1138.43398921413
1991-05-11,BOSTON,1991,7,5,4149,131,1212,BOSTON:1991:5:7,65.0095906017107,71.5326312768032,1073,1071.39515684963,1071.69266505732
1991-05-12,BOSTON,1991,1,5,4150,132,1147,BOSTON:1991:5:1,65.3626251686776,40.6785746757353,1316,1255.3444168548,1139.87429380274
1991-05-13,BOSTON,1991,2,5,4151,133,1151,BOSTON:1991:5:2,65.7129051070928,34.2858520220302,1052,1000.80619040419,1049.48152026412
1991-05-14,BOSTON,1991,3,5,4152,134,1194,BOSTON:1991:5:3,66.0603270618968,32.032279117012,1182,1163.66219340531,1121.233253778
1991-05-15,BOSTON,1991,4,5,4153,135,1300,BOSTON:1991:5:4,66.4047885181554,87.9777735409499,1118,1141.12950184295,1217.62974514653
1991-05-16,BOSTON,1991,5,5,4154,136,1311,BOSTON:1991:5:5,66.7461878314418,87.9257049268847,1241,1268.19025727107,1276.92561347388
1991-05-17,BOSTON,1991,6,5,4155,137,1217,BOSTON:1991:5:6,67.0844242579646,33.1374919202521,1204,1247.83317291663,1183.0435512574
1991-05-18,BOSTON,1991,7,5,4156,138,1206,BOSTON:1991:5:7,67.4193979844276,74.0900282885704,1110,1082.67668997604,1103.58798790325
1991-05-19,BOSTON,1991,1,5,4157,139,1152,BOSTON:1991:5:1,67.75101015762,54.2664054403878,1227,1203.03568651437,1176.04923782762
1991-05-20,BOSTON,1991,2,5,4158,140,1184,BOSTON:1991:5:2,68.0791629137196,75.5069238071986,1179,1189.54325321107,1116.09473711691
1991-05-21,BOSTON,1991,3,5,4159,141,1202,BOSTON:1991:5:3,68.403759407309,48.4948859731305,1162,1126.65471565911,1172.8941458613
1991-05-22,BOSTON,1991,4,5,4160,142,1305,BOSTON:1991:5:4,68.7247038400891,100,1368,1331.28688359967,1260.37655243783
1991-05-23,BOSTON,1991,5,5,4161,143,1251,BOSTON:1991:5:5,69.0419014892849,41.4552981756005,1241,1245.52641261329,1228.57201950288
1991-05-24,BOSTON,1991,6,5,4162,144,1219,BOSTON:1991:5:6,69.3552587357366,42.7196194756792,1084,1096.5846160049,1158.63464868581
1991-05-25,BOSTON,1991,7,5,4163,145,1168,BOSTON:1991:5:7,69.6646830916617,44.5023122743916,986,983.551587131005,1061.23246669973
1991-05-26,BOSTON,1991,1,5,4164,146,1145,BOSTON:1991:5:1,69.9700832280885,55.4699588737073,1053,1107.870088586,1147.86014805099
1991-05-27,BOSTON,1991,2,5,4165,147,1177,BOSTON:1991:5:2,70.2713690019443,77.1829055455743,1008,1023.91925364744,1103.98309525877
1991-05-28,BOSTON,1991,3,5,4166,148,1196,BOSTON:1991:5:3,70.5684514827956,50.2008679946814,1136,1134.89822697382,1156.63478835389
1991-05-29,BOSTON,1991,4,5,4167,149,1260,BOSTON:1991:5:4,70.8612429792322,67.5244182277731,1030,1024.12196210563,1190.18293152796
1991-05-30,BOSTON,1991,5,5,4168,150,1271,BOSTON:1991:5:5,71.1496570648832,67.8477178409902,1076,1115.62228706479,1206.96405223314
1991-05-31,BOSTON,1991,6,5,4169,151,1232,BOSTON:1991:5:6,71.4336086040632,63.1570485955374,1198,1220.05409559505,1166.45839185907
1991-06-01,BOSTON,1991,7,6,4170,152,1223,BOSTON:1991:6:7,71.7130137770351,100,1400,1352.70808743008,1303.17016202737
1991-06-02,BOSTON,1991,1,6,4171,153,1121,BOSTON:1991:6:1,71.9877901048873,37.6982756149497,1108,1126.67654295478,1100.38490150762
1991-06-03,BOSTON,1991,2,6,4172,154,1191,BOSTON:1991:6:2,72.257856474014,97.841942332441,1100,1097.96094028875,1217.2146188152
1991-06-04,BOSTON,1991,3,6,4173,155,1182,BOSTON:1991:6:3,72.5231331601925,44.0120124831981,1136,1140.76919799826,1136.12954054503
1991-06-05,BOSTON,1991,4,6,4174,156,1235,BOSTON:1991:6:4,72.7835418522526,50.5300147767347,1345,1366.13603178823,1185.26990481487
1991-06-06,BOSTON,1991,5,6,4175,157,1265,BOSTON:1991:6:5,73.0390056753267,69.382638465121,1264,1309.43671682887,1291.59053927338
1991-06-07,BOSTON,1991,6,6,4176,158,1253,BOSTON:1991:6:6,73.289449213678,89.3257536004763,1304,1343.35637320521,1249.46075519768
1991-06-08,BOSTON,1991,7,6,4177,159,1161,BOSTON:1991:6:7,73.5347985330976,51.8321611959494,1280,1258.00005570744,1259.39869495119
1991-06-09,BOSTON,1991,1,6,4178,160,1125,BOSTON:1991:6:1,73.7749812028632,48.5267812896781,1098,1131.08380082626,1072.79245536305
1991-06-10,BOSTON,1991,2,6,4179,161,1141,BOSTON:1991:6:2,74.0099263172566,53.9054100150212,1246,1227.90989486733,1121.30831473329
1991-06-11,BOSTON,1991,3,6,4180,162,1183,BOSTON:1991:6:3,74.2395645166281,51.0505403108428,1032,1025.36321700115,1082.20040028294
1991-06-12,BOSTON,1991,4,6,4181,163,1280,BOSTON:1991:6:4,74.4638280080075,99.1763015858273,1264,1295.86248455404,1230.02241908706
1991-06-13,BOSTON,1991,5,6,4182,164,1283,BOSTON:1991:6:5,74.6826505852499,91.483742364739,1283,1244.62906493753,1352.47665888397
1991-06-14,BOSTON,1991,6,6,4183,165,1236,BOSTON:1991:6:6,74.8959676487153,79.77436004521,1242,1284.03097847575,1274.85311241137
1991-06-15,BOSTON,1991,7,6,4184,166,1204,BOSTON:1991:6:7,75.1037162244722,99.9772497015476,1524,1443.30384547643,1360.91254823983
1991-06-16,BOSTON,1991,1,6,4185,167,1121,BOSTON:1991:6:1,75.3058349830216,50.6853399379297,1195,1219.67811796647,1149.84226231929
1991-06-17,BOSTON,1991,2,6,4186,168,1148,BOSTON:1991:6:2,75.5022642575366,66.9242619886225,1100,1098.39570678552,1196.94647641156
1991-06-18,BOSTON,1991,3,6,4187,169,1190,BOSTON:1991:6:3,75.6929460616087,63.0679892870834,1101,1143.4738499178,1131.88861445169
1991-06-19,BOSTON,1991,4,6,4188,170,1215,BOSTON:1991:6:4,75.8778241065,42.9730598020968,1047,1074.49240789769,1167.38310727457
1991-06-20,BOSTON,1991,5,6,4189,171,1252,BOSTON:1991:6:5,76.0568438178927,68.2069770537385,1201,1195.67160909473,1268.58907509223
1991-06-21,BOSTON,1991,6,6,4190,172,1243,BOSTON:1991:6:6,76.2299523521321,90.8906840714732,1220,1157.56457319116,1234.75957250839
1991-06-22,BOSTON,1991,7,6,4191,173,1157,BOSTON:1991:6:7,76.3970986119594,58.7682137772564,1210,1225.27748686761,1252.39970713851
1991-06-23,BOSTON,1991,1,6,4192,174,1152,BOSTON:1991:6:1,76.5582332617272,86.9112587507483,1075,1092.80309514576,1133.81161077221
1991-06-24,BOSTON,1991,2,6,4193,175,1130,BOSTON:1991:6:2,76.7133087420959,53.4389752371359,1249,1200.79813882399,1159.53059004259
1991-06-25,BOSTON,1991,3,6,4194,176,1219,BOSTON:1991:6:3,76.8622792842037,95.9297667820177,1257,1328.04004757205,1175.78144472128
1991-06-26,BOSTON,1991,4,6,4195,177,1244,BOSTON:1991:6:4,77.0051009233092,75.5590693212097,1173,1205.68398880334,1246.32456882229
1991-06-27,BOSTON,1991,5,6,4196,178,1224,BOSTON:1991:6:5,77.1417315118998,46.3676493476197,1449,1404.86737594732,1284.34372674651
1991-06-28,BOSTON,1991,6,6,4197,179,1244,BOSTON:1991:6:6,77.2721307322625,96.221992039891,1268,1267.76280234612,1274.9265598795
1991-06-29,BOSTON,1991,7,6,4198,180,1199,BOSTON:1991:6:7,77.3962601085161,100,1122,1166.59856995582,1360.11888764913
1991-06-30,BOSTON,1991,1,6,4199,181,1145,BOSTON:1991:6:1,77.5140830180962,83.7952240980585,1183,1205.92131639751,1202.16877003817
1991-07-01,BOSTON,1991,2,7,4200,182,1158,BOSTON:1991:7:2,77.6255647026949,85.3093049958364,1096,1098.48807737229,1153.88854384375
1991-07-02,BOSTON,1991,3,7,4201,183,1191,BOSTON:1991:7:3,77.7306722786476,72.1784685395856,1320,1319.5471436408,1368.9809094874
1991-07-03,BOSTON,1991,4,7,4202,184,1210,BOSTON:1991:7:4,77.8293747467663,46.225400994413,1154,1121.89820891329,1167.50786001238
1991-07-04,BOSTON,1991,5,7,4203,185,1266,BOSTON:1991:7:5,77.9216430016165,88.486425660674,1429,1456.62298145124,1306.28093897343
1991-07-05,BOSTON,1991,6,7,4204,186,1222,BOSTON:1991:7:6,78.0074498402324,78.1402815152329,1020,996.625647475689,1104.13883211748
1991-07-06,BOSTON,1991,7,7,4205,187,1190,BOSTON:1991:7:7,78.0867699702719,98.1332667177991,1110,1090.98905410613,1159.97619664011
1991-07-07,BOSTON,1991,1,7,4206,188,1141,BOSTON:1991:7:1,78.159580017604,81.4514390995504,1122,1135.35578744571,1199.96063675547
1991-07-08,BOSTON,1991,2,7,4207,189,1145,BOSTON:1991:7:2,78.2258585333319,74.3147457256408,1140,1097.09629904137,1122.40032183362
1991-07-09,BOSTON,1991,3,7,4208,190,1220,BOSTON:1991:7:3,78.2855860002439,100,1465,1465.96334129204,1417.98093356261
1991-07-10,BOSTON,1991,4,7,4209,191,1255,BOSTON:1991:7:4,78.3387448386952,90.6401930171728,1278,1316.07246095769,1253.45848027499
1991-07-11,BOSTON,1991,5,7,4210,192,1220,BOSTON:1991:7:5,78.3853194119155,47.0016518586061,1323,1302.4749678467,1304.03222445996
1991-07-12,BOSTON,1991,6,7,4211,193,1194,BOSTON:1991:7:6,78.4252960307421,52.2443127914229,1214,1287.76561502614,1066.96832938154
1991-07-13,BOSTON,1991,7,7,4212,194,1192,BOSTON:1991:7:7,78.4586629577775,100,1177,1236.88286330608,1143.93702075357
1991-07-14,BOSTON,1991,1,7,4213,195,1130,BOSTON:1991:7:1,78.4854104109686,71.5854225210492,1263,1257.45387746125,1186.7434306448
1991-07-15,BOSTON,1991,2,7,4214,196,1148,BOSTON:1991:7:2,78.5055305666087,78.860989948435,1242,1207.32027415395,1115.03519781851
1991-07-16,BOSTON,1991,3,7,4215,197,1183,BOSTON:1991:7:3,78.5190175617591,67.1183823984594,1316,1266.70027907633,1318.36452147407
1991-07-17,BOSTON,1991,4,7,4216,198,1250,BOSTON:1991:7:4,78.5258674960911,87.1946725006542,1064,1089.86864601802,1191.3683311055
1991-07-18,BOSTON,1991,5,7,4217,199,1258,BOSTON:1991:7:5,78.5260784331471,83.9555318126217,1165,1143.18183280529,1323.97549134688
1991-07-19,BOSTON,1991,6,7,4218,200,1200,BOSTON:1991:7:6,78.5196504010211,59.0770139768111,980,960.67674618976,1080.27011079354
1991-07-20,BOSTON,1991,7,7,4219,201,1178,BOSTON:1991:7:7,78.506585392457,88.2767438891423,1104,1162.40188296636,1123.90554094431
1991-07-21,BOSTON,1991,1,7,4220,202,1126,BOSTON:1991:7:1,78.4868873643665,68.4590314642503,1251,1304.53878444412,1156.7309239196
1991-07-22,BOSTON,1991,2,7,4221,203,1144,BOSTON:1991:7:2,78.4605622367649,75.017183554051,1025,1038.6932254796,1101.61045201845
1991-07-23,BOSTON,1991,3,7,4222,204,1187,BOSTON:1991:7:3,78.4276178911263,71.4760452312352,1282,1217.020366048,1320.93581313647
1991-07-24,BOSTON,1991,4,7,4223,205,1221,BOSTON:1991:7:4,78.3880641681585,58.9122737802077,1247,1252.48934101069,1137.37345257383
1991-07-25,BOSTON,1991,5,7,4224,206,1234,BOSTON:1991:7:5,78.3419128649974,60.6931628569135,1255,1230.01493908814,1237.71134522113
1991-07-26,BOSTON,1991,6,7,4225,207,1197,BOSTON:1991:7:6,78.2891777318226,55.6273450280795,1072,1118.42327210145,1034.62272770161
1991-07-27,BOSTON,1991,7,7,4226,208,1164,BOSTON:1991:7:7,78.2298744678952,73.4913610154286,1104,1055.00966962613,1067.18124165489
1991-07-28,BOSTON,1991,1,7,4227,209,1144,BOSTON:1991:7:1,78.164020717018,85.8425744025639,1055,1051.05764357633,1147.56500868485
1991-07-29,BOSTON,1991,2,7,4228,210,1142,BOSTON:1991:7:2,78.0916360624203,71.7254665818134,1075,1125.28052128745,1085.06548448944
1991-07-30,BOSTON,1991,3,7,4229,211,1226,BOSTON:1991:7:3,78.0127420210686,100,1421,1420.46608164159,1377.73782233737
1991-07-31,BOSTON,1991,4,7,4230,212,1226,BOSTON:1991:7:4,77.9273620374045,62.6007821513815,1187,1147.60223944149,1180.29187603549
1991-08-01,BOSTON,1991,5,8,4231,213,1233,BOSTON:1991:8:5,77.8355214765121,57.9276089320716,1163,1221.63378066293,1215.67671187188
1991-08-02,BOSTON,1991,6,8,4232,214,1226,BOSTON:1991:8:6,77.7372476167164,81.4066587539509,1190,1242.33900913977,1236.05344199789
1991-08-03,BOSTON,1991,7,8,4233,215,1160,BOSTON:1991:8:7,77.6325696416158,67.1460998955141,1207,1244.33717815808,1127.38218560409
1991-08-04,BOSTON,1991,1,8,4234,216,1169,BOSTON:1991:8:1,77.5215186315488,100,1158,1158.16548324893,1198.89888948677
1991-08-05,BOSTON,1991,2,8,4235,217,1159,BOSTON:1991:8:2,77.4041275545012,86.4731249217864,1308,1262.75029283061,1261.99741173807
1991-08-06,BOSTON,1991,3,8,4236,218,1193,BOSTON:1991:8:3,77.280431256452,72.869008341161,1042,1051.40120069281,1174.36339776833
1991-08-07,BOSTON,1991,4,8,4237,219,1229,BOSTON:1991:8:4,77.1504664511648,62.4208669524868,1406,1337.67949418852,1307.45519062955
1991-08-08,BOSTON,1991,5,8,4238,220,1222,BOSTON:1991:8:5,77.0142717094243,44.5806922873564,1240,1223.46032815416,1193.01666122932
1991-08-09,BOSTON,1991,6,8,4239,221,1228,BOSTON:1991:8:6,76.871887447724,80.2585668395663,1074,1088.58636135166,1225.76158934339
1991-08-10,BOSTON,1991,7,8,4240,222,1160,BOSTON:1991:8:7,76.7233559164067,64.1495404067298,946,895.443636750471,1112.23392011074
1991-08-11,BOSTON,1991,1,8,4241,223,1140,BOSTON:1991:8:1,76.5687211872612,75.2400554776725,1117,1072.63917566136,1128.02910853501
1991-08-12,BOSTON,1991,2,8,4242,224,1175,BOSTON:1991:8:2,76.40802914058,98.0595103163752,1254,1262.53276667073,1248.5120469132
1991-08-13,BOSTON,1991,3,8,4243,225,1180,BOSTON:1991:8:3,76.2413274516805,56.5573433201282,1270,1218.21342995877,1144.22020771548
1991-08-14,BOSTON,1991,4,8,4244,226,1217,BOSTON:1991:8:4,76.0686655768945,47.3250077090046,1106,1161.42763907021,1267.12007448234
1991-08-15,BOSTON,1991,5,8,4245,227,1282,BOSTON:1991:8:5,75.8900947390305,96.6897406020383,1292,1300.75876656623,1252.90442755473
1991-08-16,BOSTON,1991,6,8,4246,228,1204,BOSTON:1991:8:6,75.7056679123114,52.9141628311979,1256,1218.35101175819,1222.87727369534
1991-08-17,BOSTON,1991,7,8,4247,229,1198,BOSTON:1991:8:7,75.5154398067938,96.6071036744946,1128,1127.89081321155,1180.03594374288
1991-08-18,BOSTON,1991,1,8,4248,230,1113,BOSTON:1991:8:1,75.3194668522722,42.9054218653276,1133,1116.89943806996,1131.33174242517
1991-08-19,BOSTON,1991,2,8,4249,231,1181,BOSTON:1991:8:2,75.1178071816748,99.4158786145335,1213,1225.24644121571,1262.40431624618
1991-08-20,BOSTON,1991,3,8,4250,232,1227,BOSTON:1991:8:3,74.9105206139521,97.4252653618479,1203,1195.5897070665,1238.56570354365
1991-08-21,BOSTON,1991,4,8,4251,233,1282,BOSTON:1991:8:4,74.6976686364675,100,1421,1395.37489914338,1427.75122053822
1991-08-22,BOSTON,1991,5,8,4252,234,1254,BOSTON:1991:8:5,74.4793143868933,65.6800963357578,1371,1364.25489316249,1298.43924462142
1991-08-23,BOSTON,1991,6,8,4253,235,1218,BOSTON:1991:8:6,74.2555226346151,60.6966169558139,1306,1323.27348062305,1242.36105046017
1991-08-24,BOSTON,1991,7,8,4254,236,1210,BOSTON:1991:8:7,74.0263597616557,100,1350,1357.53357945809,1209.00529662892
1991-08-25,BOSTON,1991,1,8,4255,237,1136,BOSTON:1991:8:1,73.7918937431174,61.2724817513014,1226,1204.01856318522,1175.74025954756
1991-08-26,BOSTON,1991,2,8,4256,238,1190,BOSTON:1991:8:2,73.5521941271541,100,1282,1265.52226779094,1284.08622510665
1991-08-27,BOSTON,1991,3,8,4257,239,1216,BOSTON:1991:8:3,73.3073320144763,80.5199778636893,1234,1240.78806110796,1191.8506909771
1991-08-28,BOSTON,1991,4,8,4258,240,1262,BOSTON:1991:8:4,73.0573800373943,78.7388963070818,1419,1361.42929690603,1349.67351434832
1991-08-29,BOSTON,1991,5,8,4259,241,1287,BOSTON:1991:8:5,72.8024123384093,89.2999563653429,1191,1177.69725464312,1296.96295472372
1991-08-30,BOSTON,1991,6,8,4260,242,1229,BOSTON:1991:8:6,72.5425045483537,65.5200135091111,1349,1338.1740716591,1247.94664450526
1991-08-31,BOSTON,1991,7,8,4261,243,1176,BOSTON:1991:8:7,72.2777337640927,62.9725662678884,1134,1119.72232297549,1136.34265391343
1991-09-01,BOSTON,1991,1,9,4262,244,1148,BOSTON:1991:9:1,72.0081785257881,67.1929745103208,1480,1432.99569536765,1299.23632119617
1991-09-02,BOSTON,1991,2,9,4263,245,1154,BOSTON:1991:9:2,71.7339187937353,60.2554481553409,1096,1059.70329460172,1190.0845018483
1991-09-03,BOSTON,1991,3,9,4264,246,1228,BOSTON:1991:9:3,71.4550359247794,85.3211113907007,887,904.157346052353,1076.14646970069
1991-09-04,BOSTON,1991,4,9,4265,247,1244,BOSTON:1991:9:4,71.1716126483144,54.945485053605,1333,1388.07065434924,1308.68029697227
1991-09-05,BOSTON,1991,5,9,4266,248,1302,BOSTON:1991:9:5,70.8837330418777,95.6282011822935,1199,1226.2241748692,1213.66475780618
1991-09-06,BOSTON,1991,6,9,4267,249,1275,BOSTON:1991:9:6,70.5914825063417,100,1406,1395.75812202587,1361.37580301075
1991-09-07,BOSTON,1991,7,9,4268,250,1188,BOSTON:1991:9:7,70.2949477407151,67.8233899782412,1249,1249.55238332251,1229.77747471017
1991-09-08,BOSTON,1991,1,9,4269,251,1125,BOSTON:1991:9:1,69.9942167165558,35.4189747191835,1231,1271.32393671577,1304.07772848988
1991-09-09,BOSTON,1991,2,9,4270,252,1202,BOSTON:1991:9:2,69.6893786520084,100,1073,1131.9341881588,1272.63442953742
1991-09-10,BOSTON,1991,3,9,4271,253,1215,BOSTON:1991:9:3,69.3805239854701,64.7225579216465,1083,1096.25524243281,1107.13901033338
1991-09-11,BOSTON,1991,4,9,4272,254,1294,BOSTON:1991:9:4,69.0677443488936,92.3918318531911,1448,1472.38275497708,1413.64232060713
1991-09-12,BOSTON,1991,5,9,4273,255,1282,BOSTON:1991:9:5,68.7511325407373,69.8180044059242,1232,1179.60265660374,1213.21114732917
1991-09-13,BOSTON,1991,6,9,4274,256,1247,BOSTON:1991:9:6,68.4307824985661,67.0334562079586,1051,1075.89125058572,1285.36316476327
1991-09-14,BOSTON,1991,7,9,4275,257,1171,BOSTON:1991:9:7,68.1067892713155,43.2330681699942,1233,1249.79870773294,1163.19279171868
1991-09-15,BOSTON,1991,1,9,4276,258,1134,BOSTON:1991:9:1,67.7792489912259,36.8354518629509,1085,1089.14610005271,1246.12533274634
1991-09-16,BOSTON,1991,2,9,4277,259,1188,BOSTON:1991:9:2,67.448258845452,77.9509923312252,1452,1446.22528139244,1197.03040591429
1991-09-17,BOSTON,1991,3,9,4278,260,1217,BOSTON:1991:9:3,67.1139170473619,58.2626818364664,1212,1209.20433727782,1038.36406674518
1991-09-18,BOSTON,1991,4,9,4279,261,1239,BOSTON:1991:9:4,66.7763228075276,33.4973813699255,1106,1142.48608824867,1270.07103907723
1991-09-19,BOSTON,1991,5,9,4280,262,1255,BOSTON:1991:9:5,66.4355763044223,36.6739187921412,1087,1120.90183571082,1111.03730752343
1991-09-20,BOSTON,1991,6,9,4281,263,1281,BOSTON:1991:9:6,66.0917786548261,89.2060080815454,1495,1475.86127086942,1266.50373016282
1991-09-21,BOSTON,1991,7,9,4282,264,1220,BOSTON:1991:9:7,65.7450318839553,82.1456332565437,1053,1067.13715809307,1207.8211811158
1991-09-22,BOSTON,1991,1,9,4283,265,1140,BOSTON:1991:9:1,65.3954388953203,33.763848392518,1162,1189.87213426524,1282.39566895349
1991-09-23,BOSTON,1991,2,9,4284,266,1200,BOSTON:1991:9:2,65.0431034403206,80.7984376341389,1238,1261.63016959976,1216.51794252585
1991-09-24,BOSTON,1991,3,9,4285,267,1198,BOSTON:1991:9:3,64.6881300875899,30.6546003105101,1079,1114.06200751968,1039.35045322239
1991-09-25,BOSTON,1991,4,9,4286,268,1291,BOSTON:1991:9:4,64.330624192095,72.0975800106102,1434,1478.66617245253,1328.60634334415
1991-09-26,BOSTON,1991,5,9,4287,269,1274,BOSTON:1991:9:5,63.9706918640014,44.5501441039097,1168,1143.19544909662,1148.08678734409
1991-09-27,BOSTON,1991,6,9,4288,270,1272,BOSTON:1991:9:6,63.6084399373159,72.0428316063136,1208,1228.38788751924,1246.75730205911
1991-09-28,BOSTON,1991,7,9,4289,271,1215,BOSTON:1991:9:7,63.243975938308,67.7504870561053,1230,1222.57869576991,1164.20855245654
1991-09-29,BOSTON,1991,1,9,4290,272,1178,BOSTON:1991:9:1,62.8774080537312,63.4002781678044,1449,1434.12058299426,1275.16494861616
1991-09-30,BOSTON,1991,2,9,4291,273,1174,BOSTON:1991:9:2,62.5088450988411,45.5226603220804,1179,1197.00594895804,1161.73272016732
1991-10-01,BOSTON,1991,3,10,4292,274,1230,BOSTON:1991:10:3,62.1383964852306,52.2619276982609,1427,1393.56665635225,1276.97514617184
1991-10-02,BOSTON,1991,4,10,4293,275,1274,BOSTON:1991:10:4,61.7661721884836,46.9249777911794,1123,1122.6167358144,1243.92353679778
1991-10-03,BOSTON,1991,5,10,4294,276,1279,BOSTON:1991:10:5,61.3922827156611,39.693185449706,980,1011.22069085391,1219.57289870756
1991-10-04,BOSTON,1991,6,10,4295,277,1281,BOSTON:1991:10:6,61.0168390726301,70.1525546731989,1333,1325.4796840032,1315.76586121045
1991-10-05,BOSTON,1991,7,10,4296,278,1183,BOSTON:1991:10:7,60.6399527312387,26.393957091881,948,951.759923912336,1093.41630589882
1991-10-06,BOSTON,1991,1,10,4297,279,1160,BOSTON:1991:10:1,60.2617355963572,35.3993073493599,962,959.795071552774,1041.60182251451
1991-10-07,BOSTON,1991,2,10,4298,280,1199,BOSTON:1991:10:2,59.8822999727836,60.5380715668125,1204,1208.97432205876,1151.58864016506
1991-10-08,BOSTON,1991,3,10,4299,281,1246,BOSTON:1991:10:3,59.5017585320328,57.1072692376491,1192,1176.11671641457,1291.3615457946
1991-10-09,BOSTON,1991,4,10,4300,282,1300,BOSTON:1991:10:4,59.1202242790154,60.5933356239824,1293,1344.5057772415,1268.2833783373
1991-10-10,BOSTON,1991,5,10,4301,283,1326,BOSTON:1991:10:5,58.7378105186123,72.0892157117102,1391,1465.27868953341,1267.11547454716
1991-10-11,BOSTON,1991,6,10,4302,284,1318,BOSTON:1991:10:6,58.3546308221642,93.3505257757727,1469,1422.05788027188,1394.69783198326
1991-10-12,BOSTON,1991,7,10,4303,285,1259,BOSTON:1991:10:7,57.9707989938748,89.3916630050358,1264,1319.04863092248,1208.79448664303
1991-10-13,BOSTON,1991,1,10,4304,286,1226,BOSTON:1991:10:1,57.5864290371486,89.2578873615661,1323,1334.11788275632,1173.12738606633
1991-10-14,BOSTON,1991,2,10,4305,287,1219,BOSTON:1991:10:2,57.2016351208632,70.0950334923883,1326,1271.74287514841,1248.64342688877
1991-10-15,BOSTON,1991,3,10,4306,288,1274,BOSTON:1991:10:3,56.8165315455937,73.3468250489042,1539,1545.75328714936,1381.88560607291
1991-10-16,BOSTON,1991,4,10,4307,289,1343,BOSTON:1991:10:4,56.4312327097965,88.4076289207538,1421,1385.36076713236,1382.11941196302
1991-10-17,BOSTON,1991,5,10,4308,290,1297,BOSTON:1991:10:5,56.0458530759592,35.5540685629625,1388,1407.83239905242,1298.45379240398
1991-10-18,BOSTON,1991,6,10,4309,291,1300,BOSTON:1991:10:6,55.6605071367339,67.895334626326,1167,1170.06190996763,1360.63849209122
1991-10-19,BOSTON,1991,7,10,4310,292,1204,BOSTON:1991:10:7,55.2753093810561,27.1129965684185,1182,1177.24413865418,1113.40730485716
1991-10-20,BOSTON,1991,1,10,4311,293,1200,BOSTON:1991:10:1,54.8903742602646,54.799862462803,989,946.930451407589,1070.00862616507
1991-10-21,BOSTON,1991,2,10,4312,294,1233,BOSTON:1991:10:2,54.5058161542321,72.5693604732433,1253,1204.31839011674,1188.0778211382
1991-10-22,BOSTON,1991,3,10,4313,295,1228,BOSTON:1991:10:3,54.1217493375103,19.9630501323651,1033,1014.08083820314,1277.21498158385
1991-10-23,BOSTON,1991,4,10,4314,296,1288,BOSTON:1991:10:4,53.7382879455112,29.9296250354968,1181,1214.9456181869,1238.6167574006
1991-10-24,BOSTON,1991,5,10,4315,297,1298,BOSTON:1991:10:5,53.3555459407204,26.0801821750634,1229,1208.48721682321,1219.2702431974
1991-10-25,BOSTON,1991,6,10,4316,298,1319,BOSTON:1991:10:6,52.9736370789664,74.1829495468023,1442,1396.63210930825,1339.89781472013
1991-10-26,BOSTON,1991,7,10,4317,299,1232,BOSTON:1991:10:7,52.592674875744,43.8340947498757,1148,1106.2855732548,1126.38190260462
1991-10-27,BOSTON,1991,1,10,4318,300,1218,BOSTON:1991:10:1,52.2127725726097,61.3574756548844,1087,1091.63571717014,1076.2621652626
1991-10-28,BOSTON,1991,2,10,4319,301,1241,BOSTON:1991:10:2,51.8340431036572,70.1636372994776,984,979.778344460305,1178.69011181276
1991-10-29,BOSTON,1991,3,10,4320,302,1253,BOSTON:1991:10:3,51.4565990620779,33.8599845056908,1317,1276.77318904925,1280.56272037838
1991-10-30,BOSTON,1991,4,10,4321,303,1313,BOSTON:1991:10:4,51.080552666826,42.2277809320072,1357,1392.21763312311,1242.05691549798
1991-10-31,BOSTON,1991,5,10,4322,304,1324,BOSTON:1991:10:5,50.7060157293874,39.4692792762491,1236,1223.3054357896,1219.58759114357
1991-11-01,BOSTON,1991,6,11,4323,305,1320,BOSTON:1991:11:6,50.3330996206716,64.7991842397244,1460,1450.7424369908,1338.98189529653
1991-11-02,BOSTON,1991,7,11,4324,306,1254,BOSTON:1991:11:7,49.9619152380288,54.9783222826332,1089,1138.99034633638,1157.73692274398
1991-11-03,BOSTON,1991,1,11,4325,307,1190,BOSTON:1991:11:1,49.5925729724069,24.6520690482532,994,1018.29202688558,1013.67436504081
1991-11-04,BOSTON,1991,2,11,4326,308,1214,BOSTON:1991:11:2,49.2251826756583,34.9912025806443,1190,1173.19467902698,1135.4234511733
1991-11-05,BOSTON,1991,3,11,4327,309,1272,BOSTON:1991:11:3,48.8598536279995,41.2993265943613,1291,1284.45319356677,1257.23835940069
1991-11-06,BOSTON,1991,4,11,4328,310,1333,BOSTON:1991:11:4,48.4966945056445,50.0509036928057,1056,1080.55745364534,1246.95149716844
1991-11-07,BOSTON,1991,5,11,4329,311,1352,BOSTON:1991:11:5,48.1358133486092,54.1486860156611,1042,1079.88275562725,1222.38744584282
1991-11-08,BOSTON,1991,6,11,4330,312,1296,BOSTON:1991:11:6,47.7773175287061,34.4126503882931,1214,1225.13639572439,1312.04078738017
1991-11-09,BOSTON,1991,7,11,4331,313,1246,BOSTON:1991:11:7,47.4213137177347,37.5970431792147,1222,1226.92454962476,1126.00035054115
1991-11-10,BOSTON,1991,1,11,4332,314,1255,BOSTON:1991:11:1,47.0679078558744,77.1195079833554,1006,944.874070940173,1047.99325700189
1991-11-11,BOSTON,1991,2,11,4333,315,1240,BOSTON:1991:11:2,46.7172051202968,49.8614655766167,960,994.938669353204,1171.24560261105
1991-11-12,BOSTON,1991,3,11,4334,316,1295,BOSTON:1991:11:3,46.3693098939968,52.6010965073494,1315,1270.90470275864,1283.16909659035
1991-11-13,BOSTON,1991,4,11,4335,317,1320,BOSTON:1991:11:4,46.0243257348628,28.607663219256,1363,1371.7963026125,1236.37745714268
1991-11-14,BOSTON,1991,5,11,4336,318,1344,BOSTON:1991:11:5,45.6823553449834,37.8960590229729,1199,1224.84207174645,1202.87869800316
1991-11-15,BOSTON,1991,6,11,4337,319,1331,BOSTON:1991:11:6,45.3435005402105,55.5583384578029,1462,1416.74481270629,1328.37345468356
1991-11-16,BOSTON,1991,7,11,4338,320,1254,BOSTON:1991:11:7,45.0078622199811,35.5764859630011,1102,1108.17794042512,1134.89139664916
1991-11-17,BOSTON,1991,1,11,4339,321,1228,BOSTON:1991:11:1,44.6755403374073,42.4144808436496,1034,1134.34930069619,1015.81486536755
1991-11-18,BOSTON,1991,2,11,4340,322,1220,BOSTON:1991:11:2,44.3466338696481,21.737900212832,1342,1315.74622594562,1131.18401355981
1991-11-19,BOSTON,1991,3,11,4341,323,1294,BOSTON:1991:11:3,44.0212407885644,42.7078272090818,1182,1206.75677558435,1255.25937189833
1991-11-20,BOSTON,1991,4,11,4342,324,1382,BOSTON:1991:11:4,43.6994580316728,73.9100754933802,1316,1317.95456717373,1279.24309695475
1991-11-21,BOSTON,1991,5,11,4343,325,1322,BOSTON:1991:11:5,43.3813814734036,10.1776115627886,1171,1157.8528089906,1219.83518606971
1991-11-22,BOSTON,1991,6,11,4344,326,1317,BOSTON:1991:11:6,43.0671058966697,34.8899790294387,1206,1269.24876160078,1323.04238258873
1991-11-23,BOSTON,1991,7,11,4345,327,1252,BOSTON:1991:11:7,42.7567249647601,25.2749964729211,1096,1124.10002650864,1138.72957937219
1991-11-24,BOSTON,1991,1,11,4346,328,1243,BOSTON:1991:11:1,42.4503311935601,47.8856087966611,1075,988.269597782815,1031.51751258859
1991-11-25,BOSTON,1991,2,11,4347,329,1219,BOSTON:1991:11:2,42.1480159241122,11.919140351319,1096,1056.48365562143,1150.14693265904
1991-11-26,BOSTON,1991,3,11,4348,330,1314,BOSTON:1991:11:3,41.849869295521,52.3753976440377,1286,1221.75816905377,1278.33317210645
1991-11-27,BOSTON,1991,4,11,4349,331,1318,BOSTON:1991:11:4,41.5559802182135,10.3477358586271,1266,1277.36224659004,1238.42794873884
1991-11-28,BOSTON,1991,5,11,4350,332,1351,BOSTON:1991:11:5,41.2664363475621,26.6408970498584,1444,1434.4414162203,1210.89867008146
1991-11-29,BOSTON,1991,6,11,4351,333,1318,BOSTON:1991:11:6,40.9813240578753,27.7299300197867,1282,1260.49390951349,1321.56148005225
1991-11-30,BOSTON,1991,7,11,4352,334,1273,BOSTON:1991:11:7,40.7007284167693,36.6192263093316,1195,1196.54987214288,1146.64175069095
1991-12-01,BOSTON,1991,1,12,4353,335,1239,BOSTON:1991:12:1,40.4247331599215,35.9535601039858,1289,1309.12654136378,1211.03130220955
1991-12-02,BOSTON,1991,2,12,4354,336,1294,BOSTON:1991:12:2,40.1534206662188,74.6059672776471,1602,1578.34393973963,1297.33641103689
1991-12-03,BOSTON,1991,3,12,4355,337,1318,BOSTON:1991:12:3,39.8868719333071,47.70178538591,1258,1244.63453491229,1398.01075799425
1991-12-04,BOSTON,1991,4,12,4356,338,1346,BOSTON:1991:12:4,39.6251665535443,26.6752713955999,1440,1441.25365325571,1288.08465358457
1991-12-05,BOSTON,1991,5,12,4357,339,1405,BOSTON:1991:12:5,39.3683826903728,64.737876446816,1380,1407.17171915577,1446.72116246394
1991-12-06,BOSTON,1991,6,12,4358,340,1327,BOSTON:1991:12:6,39.1165970551088,27.7553099818766,1259,1254.19983773942,1302.08375303142
1991-12-07,BOSTON,1991,7,12,4359,341,1297,BOSTON:1991:12:7,38.8698848841646,50.8835224566915,981,1015.52828532729,1136.33728380371
1991-12-08,BOSTON,1991,1,12,4360,342,1279,BOSTON:1991:12:1,38.6283199167018,66.5943760894378,1168,1104.24740504924,1233.27535375476
1991-12-09,BOSTON,1991,2,12,4361,343,1289,BOSTON:1991:12:2,38.3919743727295,62.4893197579643,1199,1163.75140761706,1284.97106253442
1991-12-10,BOSTON,1991,3,12,4362,344,1283,BOSTON:1991:12:3,38.16091893165,9.43287916871347,1068,1099.89730097712,1366.22969512412
1991-12-11,BOSTON,1991,4,12,4363,345,1351,BOSTON:1991:12:4,37.935222711258,23.8887648683343,1124,1151.68329270138,1277.06783043973
1991-12-12,BOSTON,1991,5,12,4364,346,1383,BOSTON:1991:12:5,37.714953247203,39.8757508715861,1255,1264.36697570007,1426.30786414064
1991-12-13,BOSTON,1991,6,12,4365,347,1336,BOSTON:1991:12:6,37.5001764729164,29.0373146337002,1440,1397.34430934748,1305.04811372688
1991-12-14,BOSTON,1991,7,12,4366,348,1316,BOSTON:1991:12:7,37.2909567000133,61.4585174115163,1198,1142.10893261609,1152.62787172506
1991-12-15,BOSTON,1991,1,12,4367,349,1282,BOSTON:1991:12:1,37.0873565991732,62.3627162465217,1262,1238.16326008849,1240.13007873553
1991-12-16,BOSTON,1991,2,12,4368,350,1281,BOSTON:1991:12:2,36.8894371815036,49.5831170567321,1168,1190.70990931107,1268.74182415189
1991-12-17,BOSTON,1991,3,12,4369,351,1320,BOSTON:1991:12:3,36.6972577803959,36.7309695481513,1367,1350.79424571827,1364.20243895803
1991-12-18,BOSTON,1991,4,12,4370,352,1397,BOSTON:1991:12:4,36.5108760338747,57.5773134370804,1322,1326.68396411721,1294.0894093237
1991-12-19,BOSTON,1991,5,12,4371,353,1348,BOSTON:1991:12:5,36.3303478674498,4.58218815806329,1240,1261.29342468376,1405.38260927805
1991-12-20,BOSTON,1991,6,12,4372,354,1331,BOSTON:1991:12:6,36.1557274774724,19.4802053595969,1178,1196.32098898406,1284.58461778839
1991-12-21,BOSTON,1991,7,12,4373,355,1271,BOSTON:1991:12:7,35.9870673150027,14.8905690100247,1333,1329.13571509586,1120.31421833027
1991-12-22,BOSTON,1991,1,12,4374,356,1283,BOSTON:1991:12:1,35.824418070194,57.9547653951949,1394,1377.95836338828,1236.29007166468
1991-12-23,BOSTON,1991,2,12,4375,357,1298,BOSTON:1991:12:2,35.6678286571951,59.6900662574881,1318,1248.17455763485,1301.59429678888
1991-12-24,BOSTON,1991,3,12,4376,358,1351,BOSTON:1991:12:3,35.5173461995796,58.8137913653405,1784,1801.02843294286,1416.76770998606
1991-12-25,BOSTON,1991,4,12,4377,359,1358,BOSTON:1991:12:4,35.3730160163023,19.3210898900643,1264,1298.41781142527,1290.75810665131
1991-12-26,BOSTON,1991,5,12,4378,360,1350,BOSTON:1991:12:5,35.2348816081905,1.59945620587331,1805,1739.44147493995,1401.58836411506
1991-12-27,BOSTON,1991,6,12,4379,361,1365,BOSTON:1991:12:6,35.1029846449715,44.2450177325268,1317,1285.88983694088,1302.28351545313
1991-12-28,BOSTON,1991,7,12,4380,362,1317,BOSTON:1991:12:7,34.9773649528416,52.3414438340607,1048,1072.92646343769,1150.720626136
1991-12-29,BOSTON,1991,1,12,4381,363,1263,BOSTON:1991:12:1,34.8580605025807,35.255229803867,1031,1041.88715967626,1223.27319363384
1991-12-30,BOSTON,1991,2,12,4382,364,1265,BOSTON:1991:12:2,34.7451073982135,25.2691840895765,1116,1103.64299023227,1250.35640548782
1991-12-31,BOSTON,1991,3,12,4383,365,1313,BOSTON:1991:12:3,34.6385398662247,21.3260146641702,1421,1446.91138242325,1352.7893979325
1992-01-01,BOSTON,1992,4,1,4384,1,1369,BOSTON:1992:1:4,34.5383902453276,24.7106962814385,1465,1532.76344851492,1416.26678899445
1992-01-02,BOSTON,1992,5,1,4385,2,1382,BOSTON:1992:1:5,34.4446889767912,24.8458902366016,1349,1361.04383527695,1259.92071834188
1992-01-03,BOSTON,1992,6,1,4386,3,1361,BOSTON:1992:1:6,34.3574645953291,37.0629077475556,1312,1328.77560645232,1315.95861537273
1992-01-04,BOSTON,1992,7,1,4387,4,1313,BOSTON:1992:1:7,34.2767437205506,44.942479274035,1198,1177.14481102727,1214.78054154664
1992-01-05,BOSTON,1992,1,1,4388,5,1258,BOSTON:1992:1:1,34.2025510489796,27.4413894547937,1154,1111.4430328655,1191.68276630326
1992-01-06,BOSTON,1992,2,1,4389,6,1285,BOSTON:1992:1:2,34.1349093466409,39.9450352242559,1140,1126.87588864298,1188.03902020263
1992-01-07,BOSTON,1992,3,1,4390,7,1346,BOSTON:1992:1:3,34.073839442218,47.7779817379734,1085,1159.94988198183,1185.24775697486
1992-01-08,BOSTON,1992,4,1,4391,8,1416,BOSTON:1992:1:4,34.019360220784,61.4259948858783,1238,1263.79137750793,1451.68795326781
1992-01-09,BOSTON,1992,5,1,4392,9,1434,BOSTON:1992:1:5,33.9714886181069,65.328627354746,1249,1276.93960830786,1295.886207962
1992-01-10,BOSTON,1992,6,1,4393,10,1354,BOSTON:1992:1:6,33.9302396155314,28.3869931414144,1329,1354.75268027505,1311.25208886811
1992-01-11,BOSTON,1992,7,1,4394,11,1314,BOSTON:1992:1:7,33.8956262354395,43.4579007347701,1371,1342.61442953746,1198.06909598785
1992-01-12,BOSTON,1992,1,1,4395,12,1243,BOSTON:1992:1:1,33.8676595372894,11.3241174665095,1390,1387.00076210019,1175.89219260843
1992-01-13,BOSTON,1992,2,1,4396,13,1248,BOSTON:1992:1:2,33.8463486142363,4.46850902800446,907,935.686976759326,1176.53679753525
1992-01-14,BOSTON,1992,3,1,4397,14,1338,BOSTON:1992:1:3,33.8317005903338,38.443538014206,1342,1342.71552420108,1193.04677831166
1992-01-15,BOSTON,1992,4,1,4398,15,1411,BOSTON:1992:1:4,33.8237206183187,56.0129755187593,1310,1305.42061909985,1472.11350787474
1992-01-16,BOSTON,1992,5,1,4399,16,1420,BOSTON:1992:1:5,33.8224118779786,52.0013395179436,1315,1318.49075326907,1302.39585255316
1992-01-17,BOSTON,1992,6,1,4400,17,1368,BOSTON:1992:1:6,33.8277755751032,38.8554520698953,1125,1105.71194466614,1325.69247246981
1992-01-18,BOSTON,1992,7,1,4401,18,1343,BOSTON:1992:1:7,33.83981094102,68.0526155709531,1227,1276.24564412572,1228.50026779095
1992-01-19,BOSTON,1992,1,1,4402,19,1306,BOSTON:1992:1:1,33.8585152327141,68.5205212038999,1137,1151.88999647276,1227.37935401731
1992-01-20,BOSTON,1992,2,1,4403,20,1268,BOSTON:1992:1:2,33.8838837335322,21.3845045741152,1213,1254.55730202654,1195.33173323671
1992-01-21,BOSTON,1992,3,1,4404,21,1307,BOSTON:1992:1:3,33.915909754471,10.9571641100431,1111,1122.05385620379,1171.77572372037
1992-01-22,BOSTON,1992,4,1,4405,22,1375,BOSTON:1992:1:4,33.9545846360485,25.0000749414537,1816,1861.0000027337,1424.84749768224
1992-01-23,BOSTON,1992,5,1,4406,23,1402,BOSTON:1992:1:5,33.9998977507601,36.7263219288687,1254,1237.87009366544,1276.83508739664
1992-01-24,BOSTON,1992,6,1,4407,24,1388,BOSTON:1992:1:6,34.0518365061152,55.8389811922106,1322,1284.7788874075,1344.01071205192
1992-01-25,BOSTON,1992,7,1,4408,25,1320,BOSTON:1992:1:7,34.1103863482572,48.0183103819586,1071,1108.65564383616,1225.65009467215
1992-01-26,BOSTON,1992,1,1,4409,26,1299,BOSTON:1992:1:1,34.175530766163,62.1722693704329,1132,1195.23479979674,1218.0456870694
1992-01-27,BOSTON,1992,2,1,4410,27,1299,BOSTON:1992:1:2,34.2472512964226,49.8753591384806,1501,1519.60410083796,1201.09244902359
1992-01-28,BOSTON,1992,3,1,4411,28,1314,BOSTON:1992:1:3,34.3255275285964,17.1790307255624,1181,1196.52887239877,1168.92974099154
1992-01-29,BOSTON,1992,4,1,4412,29,1370,BOSTON:1992:1:4,34.4103371111487,21.0173537039009,1345,1380.41154580134,1409.08425217686
1992-01-30,BOSTON,1992,5,1,4413,30,1419,BOSTON:1992:1:5,34.5016557579566,51.780271192145,1239,1223.46598030271,1270.96213375287
1992-01-31,BOSTON,1992,6,1,4414,31,1338,BOSTON:1992:1:6,34.599457255391,13.966692108953,1519,1484.91559432958,1310.08611122955
1992-02-01,BOSTON,1992,7,2,4415,32,1287,BOSTON:1992:2:7,34.7037134699692,19.7225455993955,1331,1286.32931108258,1301.23050531008
1992-02-02,BOSTON,1992,1,2,4416,33,1299,BOSTON:1992:2:1,34.8143943565756,62.7353504489966,1227,1158.49848331173,1292.06435520089
1992-02-03,BOSTON,1992,2,2,4417,34,1255,BOSTON:1992:2:2,34.9314679672479,11.6900704546369,1152,1232.91291193836,1180.96727294183
1992-02-04,BOSTON,1992,3,2,4418,35,1304,BOSTON:1992:2:3,35.0549004605285,10.1066624635144,1135,1208.23956024787,1320.51057407226
1992-02-05,BOSTON,1992,4,2,4419,36,1404,BOSTON:1992:2:4,35.1846561113749,51.5279976672869,1402,1422.17662206953,1356.58955010341
1992-02-06,BOSTON,1992,5,2,4420,37,1401,BOSTON:1992:2:5,35.3206973216297,38.3191917483495,1220,1235.2942570768,1416.02989705884
1992-02-07,BOSTON,1992,6,2,4421,38,1364,BOSTON:1992:2:6,35.4629846310441,38.4314248382312,1318,1357.91008782506,1256.83325302961
1992-02-08,BOSTON,1992,7,2,4422,39,1319,BOSTON:1992:2:7,35.611476728854,49.8321011622188,1469,1466.15040949598,1316.70081388095
1992-02-09,BOSTON,1992,1,2,4423,40,1278,BOSTON:1992:2:1,35.7661304659042,46.3700314926746,1366,1366.8530801464,1262.49507515
1992-02-10,BOSTON,1992,2,2,4424,41,1299,BOSTON:1992:2:2,35.9269008673159,54.2113982424502,1204,1256.13921540248,1174.4078415591
1992-02-11,BOSTON,1992,3,2,4425,42,1313,BOSTON:1992:2:3,36.093741145698,20.7488702426345,1308,1278.16790183885,1302.13494566842
1992-02-12,BOSTON,1992,4,2,4426,43,1423,BOSTON:1992:2:4,36.2666027148926,70.1529723190443,1473,1410.07471141406,1353.58362694895
1992-02-13,BOSTON,1992,5,2,4427,44,1434,BOSTON:1992:2:5,36.4454352042554,68.9024328768169,1495,1501.86239493946,1442.02536456035
1992-02-14,BOSTON,1992,6,2,4428,45,1321,BOSTON:1992:2:6,36.6301864734641,3.59650286378101,1360,1326.6980037083,1250.24823089008
1992-02-15,BOSTON,1992,7,2,4429,46,1320,BOSTON:1992:2:7,36.8208026278512,54.1154822309249,1361,1353.95951812213,1327.10032175159
1992-02-16,BOSTON,1992,1,2,4430,47,1254,BOSTON:1992:2:1,37.017228034258,27.6915955766366,1305,1287.45045394611,1272.19155154746
1992-02-17,BOSTON,1992,2,2,4431,48,1265,BOSTON:1992:2:2,37.2194053374021,27.0030786331533,1248,1238.24861561656,1177.27544988884
1992-02-18,BOSTON,1992,3,2,4432,49,1290,BOSTON:1992:2:3,37.4272754767571,3.78504457209594,1369,1332.22568187143,1314.12646102577
1992-02-19,BOSTON,1992,4,2,4433,50,1401,BOSTON:1992:2:4,37.6407777039363,55.7633496342256,1369,1351.91495240174,1353.90945321178
1992-02-20,BOSTON,1992,5,2,4434,51,1363,BOSTON:1992:2:5,37.8598496005787,13.8931336849844,1442,1442.93360015125,1402.72386690742
1992-02-21,BOSTON,1992,6,2,4435,52,1324,BOSTON:1992:2:6,38.0844270967283,10.9437243424691,1219,1221.90247686595,1246.27969994233
1992-02-22,BOSTON,1992,7,2,4436,53,1314,BOSTON:1992:2:7,38.3144444897037,53.2814031321752,1308,1288.31060010367,1333.68763498739
1992-02-23,BOSTON,1992,1,2,4437,54,1257,BOSTON:1992:2:1,38.5498344634533,34.7151611295402,1211,1208.61625666551,1282.24901810119
1992-02-24,BOSTON,1992,2,2,4438,55,1238,BOSTON:1992:2:2,38.7905281083865,5.62038568781887,1100,1065.69195093197,1171.34943560303
1992-02-25,BOSTON,1992,3,2,4439,56,1358,BOSTON:1992:2:3,39.0364549416797,68.4185999599965,1486,1477.73681341064,1361.22801923422
1992-02-26,BOSTON,1992,4,2,4440,57,1399,BOSTON:1992:2:4,39.2875429280484,59.2326682121875,1200,1198.7010765597,1379.9173697431
1992-02-27,BOSTON,1992,5,2,4441,58,1382,BOSTON:1992:2:5,39.5437185009781,34.3013752261017,1519,1505.0326344917,1415.22087147286
1992-02-28,BOSTON,1992,6,2,4442,59,1322,BOSTON:1992:2:6,39.8049065844131,13.8446054771518,1094,1140.19433382955,1237.63881614114
1992-02-29,BOSTON,1992,7,2,4443,60,1318,BOSTON:1992:2:7,40.0710306148889,62.38129176152,1136,1147.64281841593,1326.28072407071
1992-03-01,BOSTON,1992,1,3,4444,61,1274,BOSTON:1992:3:1,40.3420125641103,55.5184834049257,1320,1322.20971000237,1124.66581873689
1992-03-02,BOSTON,1992,2,3,4445,62,1263,BOSTON:1992:3:2,40.6177729619597,34.4708842011098,1124,1188.9054749017,1176.41446675514
1992-03-03,BOSTON,1992,3,3,4446,63,1295,BOSTON:1992:3:3,40.8982309199378,18.1420501450517,1048,1024.8076194769,1140.04283701279
1992-03-04,BOSTON,1992,4,3,4447,64,1331,BOSTON:1992:3:4,41.1833041550225,6.93791426882203,1451,1481.63165797679,1328.04788878738
1992-03-05,BOSTON,1992,5,3,4448,65,1370,BOSTON:1992:3:5,41.4729090139411,30.3361004322908,1010,1016.96700584982,1315.61101491278
1992-03-06,BOSTON,1992,6,3,4449,66,1322,BOSTON:1992:3:6,41.7669604978532,20.0230068740442,1186,1176.7261359076,1228.25481422836
1992-03-07,BOSTON,1992,7,3,4450,67,1294,BOSTON:1992:3:7,42.0653722874279,46.4293494118768,1017,1059.7130389917,1133.95849068461
1992-03-08,BOSTON,1992,1,3,4451,68,1259,BOSTON:1992:3:1,42.3680567683182,48.5371138097249,1126,1132.79978247973,1121.28821622722
1992-03-09,BOSTON,1992,2,3,4452,69,1248,BOSTON:1992:3:2,42.6749250570166,27.397836346444,1168,1195.55349923306,1169.03999516753
1992-03-10,BOSTON,1992,3,3,4453,70,1349,BOSTON:1992:3:3,42.9858870270879,72.8051084142395,1283,1244.15698228935,1180.901765073
1992-03-11,BOSTON,1992,4,3,4454,71,1383,BOSTON:1992:3:4,43.3008513357739,57.5824214276175,1253,1245.74752560615,1383.03323024063
1992-03-12,BOSTON,1992,5,3,4455,72,1359,BOSTON:1992:3:5,43.619725450956,27.9716475406556,1284,1272.270662304,1322.86094739905
1992-03-13,BOSTON,1992,6,3,4456,73,1359,BOSTON:1992:3:6,43.9424156784745,59.0051187193686,1326,1330.33883746803,1238.49729607711
1992-03-14,BOSTON,1992,7,3,4457,74,1292,BOSTON:1992:3:7,44.2688271897897,51.8790804670244,1132,1128.03584428077,1127.24332999453
1992-03-15,BOSTON,1992,1,3,4458,75,1241,BOSTON:1992:3:1,44.5988640499843,38.1738797629794,938,953.481969635973,1101.33857963614
1992-03-16,BOSTON,1992,2,3,4459,76,1234,BOSTON:1992:3:2,44.9324292460915,21.6446660696056,1088,1062.18904730446,1151.061803106
1992-03-17,BOSTON,1992,3,3,4460,77,1273,BOSTON:1992:3:3,45.269424715744,11.9818360365123,989,999.081830989059,1128.47289311198
1992-03-18,BOSTON,1992,4,3,4461,78,1332,BOSTON:1992:3:4,45.6097513761379,21.4391773820863,1341,1348.1588319171,1335.54333397764
1992-03-19,BOSTON,1992,5,3,4462,79,1379,BOSTON:1992:3:5,45.953309153296,52.0140776518695,1579,1579.02528253318,1338.81765852577
1992-03-20,BOSTON,1992,6,3,4463,80,1313,BOSTON:1992:3:6,46.2999970116298,26.5940167079325,1091,1114.07084488357,1236.0513243735
1992-03-21,BOSTON,1992,7,3,4464,81,1244,BOSTON:1992:3:7,46.6497129837854,14.7571285006462,1078,1088.72937780517,1113.39545314182
1992-03-22,BOSTON,1992,1,3,4465,82,1273,BOSTON:1992:3:1,47.0023542007664,76.0180584567831,1148,1126.76041225576,1142.94655057128
1992-03-23,BOSTON,1992,2,3,4466,83,1282,BOSTON:1992:3:2,47.3578169223284,73.2678553977413,1328,1347.73876986047,1235.69988866334
1992-03-24,BOSTON,1992,3,3,4467,84,1329,BOSTON:1992:3:3,47.7159965676284,70.5689479536405,1338,1301.94261692574,1221.12842419957
1992-03-25,BOSTON,1992,4,3,4468,85,1363,BOSTON:1992:3:4,48.0767877461293,55.7537412634955,1405,1396.2266468695,1403.37554700302
1992-03-26,BOSTON,1992,5,3,4469,86,1384,BOSTON:1992:3:5,48.4400842887411,64.0943208443063,1468,1454.78809907229,1363.71037915777
1992-03-27,BOSTON,1992,6,3,4470,87,1353,BOSTON:1992:3:6,48.805779279199,69.5876345271138,1372,1344.16248258138,1272.19656532387
1992-03-28,BOSTON,1992,7,3,4471,88,1300,BOSTON:1992:3:7,49.1737650856602,74.9109361446689,1317,1321.58690560895,1169.40272617823
1992-03-29,BOSTON,1992,1,3,4472,89,1251,BOSTON:1992:3:1,49.5439333925157,63.5677174027211,1101,1079.67632189318,1142.76083483081
1992-03-30,BOSTON,1992,2,3,4473,90,1235,BOSTON:1992:3:2,49.9161752324078,38.4101313107173,1205,1181.49104612698,1180.7838463041
1992-03-31,BOSTON,1992,3,3,4474,91,1297,BOSTON:1992:3:3,50.2903810184386,50.1252147037473,1171,1167.18650354276,1158.45408060051
1992-04-01,BOSTON,1992,4,4,4475,92,1369,BOSTON:1992:4:4,50.6664405765682,70.0036777768023,1147,1151.86397812701,1372.48088632526
1992-04-02,BOSTON,1992,5,4,4476,93,1352,BOSTON:1992:4:5,51.0442431781833,45.385348945709,1158,1144.5425831752,1250.08010895551
1992-04-03,BOSTON,1992,6,4,4477,94,1329,BOSTON:1992:4:6,51.4236775728366,57.2351817682809,1337,1384.24079844057,1236.79226007531
1992-04-04,BOSTON,1992,7,4,4478,95,1250,BOSTON:1992:4:7,51.8046320211392,37.8434136724349,1022,1037.73914591081,1097.09946912949
1992-04-05,BOSTON,1992,1,4,4479,96,1204,BOSTON:1992:4:1,52.1869943277992,27.4816027503542,1075,1091.99464537012,1111.78982262938
1992-04-06,BOSTON,1992,2,4,4480,97,1224,BOSTON:1992:4:2,52.5706518748009,36.8594247968101,1238,1271.79001419951,1127.2325517765
1992-04-07,BOSTON,1992,3,4,4481,98,1268,BOSTON:1992:4:3,52.9554916547052,32.1633386846073,1217,1231.02601665733,1173.75380348187
1992-04-08,BOSTON,1992,4,4,4482,99,1318,BOSTON:1992:4:4,53.3414003040728,34.1050781376746,1368,1321.59122843811,1325.79967379086
1992-04-09,BOSTON,1992,5,4,4483,100,1353,BOSTON:1992:4:5,53.7282641369904,55.1254568317029,1327,1316.05800532277,1240.30713198206
1992-04-10,BOSTON,1992,6,4,4484,101,1349,BOSTON:1992:4:6,54.1159691786951,83.55959099574,1284,1277.59723200058,1284.7362162131
1992-04-11,BOSTON,1992,7,4,4485,102,1265,BOSTON:1992:4:7,54.5044011992884,60.2066049489675,953,977.738187710843,1146.04253742629
1992-04-12,BOSTON,1992,1,4,4486,103,1205,BOSTON:1992:4:1,54.8934457475238,38.1984875864268,1139,1089.90260223942,1142.34717096405
1992-04-13,BOSTON,1992,2,4,4487,104,1225,BOSTON:1992:4:2,55.2829881846656,46.4608459450056,962,1020.80190836895,1143.35872578171
1992-04-14,BOSTON,1992,3,4,4488,105,1288,BOSTON:1992:4:3,55.6729137184011,60.120636954336,1240,1182.38344921235,1203.98922191546
1992-04-15,BOSTON,1992,4,4,4489,106,1305,BOSTON:1992:4:4,56.0631074368039,32.2285107227991,1524,1518.55328501276,1339.86217430337
1992-04-16,BOSTON,1992,5,4,4490,107,1357,BOSTON:1992:4:5,56.4534543423324,68.4096181198365,1290,1305.1834897245,1253.80512251782
1992-04-17,BOSTON,1992,6,4,4491,108,1271,BOSTON:1992:4:6,56.843839385854,23.1226610488537,1110,1123.6952367129,1221.01029466625
1992-04-18,BOSTON,1992,7,4,4492,109,1215,BOSTON:1992:4:7,57.234147500691,23.1013242737176,1303,1263.08053312423,1090.80291222673
1992-04-19,BOSTON,1992,1,4,4493,110,1228,BOSTON:1992:4:1,57.624263636668,69.1509882257253,1204,1235.19889431107,1154.94139855142
1992-04-20,BOSTON,1992,2,4,4494,111,1206,BOSTON:1992:4:2,58.0140727941612,37.4035335259246,1112,1142.64195820753,1156.63499701354
1992-04-21,BOSTON,1992,3,4,4495,112,1267,BOSTON:1992:4:3,58.4034600581316,50.2759818390285,1211,1179.03177239056,1205.24180825108
1992-04-22,BOSTON,1992,4,4,4496,113,1298,BOSTON:1992:4:4,58.7923106321345,34.9575648389968,1252,1213.68729070534,1335.52346298212
1992-04-23,BOSTON,1992,5,4,4497,114,1353,BOSTON:1992:4:5,59.1805098722999,73.7791830795196,1347,1284.00330039199,1265.64004504305
1992-04-24,BOSTON,1992,6,4,4498,115,1310,BOSTON:1992:4:6,59.5679433212639,67.6005034741969,1280,1335.41468527554,1268.46122904446
1992-04-25,BOSTON,1992,7,4,4499,116,1212,BOSTON:1992:4:7,59.9544967420521,29.2290712718974,1166,1173.88046100072,1110.05508122223
1992-04-26,BOSTON,1992,1,4,4500,117,1202,BOSTON:1992:4:1,60.340056151895,53.7779356705007,1128,1077.92021968463,1136.92160785592
1992-04-27,BOSTON,1992,2,4,4501,118,1192,BOSTON:1992:4:2,60.7245078559739,33.0774297861156,1252,1233.29684536037,1136.77372542686
1992-04-28,BOSTON,1992,3,4,4502,119,1261,BOSTON:1992:4:3,61.1077384810813,54.283130538828,1112,1114.56260166821,1197.01516634878
1992-04-29,BOSTON,1992,4,4,4503,120,1314,BOSTON:1992:4:4,61.4896350091873,58.3869961200832,1437,1415.66267356502,1354.33380259825
1992-04-30,BOSTON,1992,5,4,4504,121,1339,BOSTON:1992:4:5,61.8700848109057,70.5952520607008,1155,1155.81520135905,1267.16759149739
1992-05-01,BOSTON,1992,6,5,4505,122,1261,BOSTON:1992:5:6,62.2489756788431,32.7688452834567,1299,1291.32579562053,1315.0773158462
1992-05-02,BOSTON,1992,7,5,4506,123,1226,BOSTON:1992:5:7,62.6261958608283,51.5649865835784,1309,1320.29784695517,1177.2406326936
1992-05-03,BOSTON,1992,1,5,4507,124,1168,BOSTON:1992:5:1,63.0016340930073,29.6596744433103,1165,1250.1921285737,1144.24295832488
1992-05-04,BOSTON,1992,2,5,4508,125,1202,BOSTON:1992:5:2,63.375179632794,52.2813303212112,1125,1123.37043740321,1150.10708037562
1992-05-05,BOSTON,1992,3,5,4509,126,1283,BOSTON:1992:5:3,63.7467222916727,83.5820079222155,1290,1323.26751981815,1271.82590927214
1992-05-06,BOSTON,1992,4,5,4510,127,1329,BOSTON:1992:5:4,64.1161524678332,81.0008686931556,982,1049.23706479999,1193.38342100486
1992-05-07,BOSTON,1992,5,5,4511,128,1347,BOSTON:1992:5:5,64.4833611786394,86.6153388233884,1459,1406.8461940892,1315.37697719969
1992-05-08,BOSTON,1992,6,5,4512,129,1252,BOSTON:1992:5:6,64.8482400929107,33.7376722116506,1203,1231.90657320479,1366.25811212683
1992-05-09,BOSTON,1992,7,5,4513,130,1205,BOSTON:1992:5:7,65.2106815630183,40.8166291967579,1271,1258.29433756181,1200.25711241415
1992-05-10,BOSTON,1992,1,5,4514,131,1207,BOSTON:1992:5:1,65.5705786567767,76.2879949926053,1155,1200.70942020364,1215.56400481813
1992-05-11,BOSTON,1992,2,5,4515,132,1199,BOSTON:1992:5:2,65.9278251891257,58.4230547453509,1372,1324.73958349259,1198.09138245099
1992-05-12,BOSTON,1992,3,5,4516,133,1231,BOSTON:1992:5:3,66.2823157535963,44.1464767523207,1180,1159.83511391366,1238.00482122473
1992-05-13,BOSTON,1992,4,5,4517,134,1274,BOSTON:1992:5:4,66.6339457535429,40.6221527105441,1261,1301.98411247788,1114.13356197405
1992-05-14,BOSTON,1992,5,5,4518,135,1285,BOSTON:1992:5:5,66.9826114331426,41.0053549255298,1209,1201.71442896559,1197.79009500444
1992-05-15,BOSTON,1992,6,5,4519,136,1289,BOSTON:1992:5:6,67.3282099081436,76.0194627064513,1300,1313.38124564285,1348.98120662734
1992-05-16,BOSTON,1992,7,5,4520,137,1224,BOSTON:1992:5:7,67.6706391963584,67.8108307388087,1033,1035.68318027624,1216.34440599336
1992-05-17,BOSTON,1992,1,5,4521,138,1188,BOSTON:1992:5:1,68.0097982478937,67.1811246364986,1176,1215.4573921033,1196.60379435731
1992-05-18,BOSTON,1992,2,5,4522,139,1228,BOSTON:1992:5:2,68.3455869751023,94.4427341697709,1223,1172.70118389819,1244.45767932936
1992-05-19,BOSTON,1992,3,5,4523,140,1226,BOSTON:1992:5:3,68.6779062822562,47.1387426159446,1337,1260.02415195439,1272.17714633318
1992-05-20,BOSTON,1992,4,5,4524,141,1317,BOSTON:1992:5:4,69.0066580949234,87.1858896789956,1215,1211.67561396804,1207.24799983639
1992-05-21,BOSTON,1992,5,5,4525,142,1286,BOSTON:1992:5:5,69.3317453890482,49.6898208862545,1394,1345.89879346959,1265.18105779075
1992-05-22,BOSTON,1992,6,5,4526,143,1247,BOSTON:1992:5:6,69.6530722197191,45.61873300225,1713,1644.84418571608,1346.77730545007
1992-05-23,BOSTON,1992,7,5,4527,144,1192,BOSTON:1992:5:7,69.97054374962,45.0575025258481,1310,1339.33801351269,1195.76833054611
1992-05-24,BOSTON,1992,1,5,4528,145,1211,BOSTON:1992:5:1,70.2840662771567,97.3289472819968,1314,1314.37134694476,1239.68335694563
1992-05-25,BOSTON,1992,2,5,4529,146,1207,BOSTON:1992:5:2,70.5935472642454,82.4037649828392,1131,1131.23111310238,1258.34385784596
1992-05-26,BOSTON,1992,3,5,4530,147,1239,BOSTON:1992:5:3,70.8988953637628,67.874910556685,1273,1274.09791721533,1297.99212317511
1992-05-27,BOSTON,1992,4,5,4531,148,1307,BOSTON:1992:5:4,71.2000204466405,86.3202429173636,1275,1302.87509996554,1218.23501718618
1992-05-28,BOSTON,1992,5,5,4532,149,1317,BOSTON:1992:5:5,71.496833628605,85.9978015586761,1053,1106.53207259055,1336.6518700049
1992-05-29,BOSTON,1992,6,5,4533,150,1278,BOSTON:1992:5:6,71.7892472965475,82.0595111961309,1324,1281.81152900813,1461.90605994345
1992-05-30,BOSTON,1992,7,5,4534,151,1243,BOSTON:1992:5:7,72.0771751345198,100,1208,1258.59117678015,1341.38951835665
1992-05-31,BOSTON,1992,1,5,4535,152,1157,BOSTON:1992:5:1,72.3605321493494,51.3356866996298,1240,1177.34397058263,1253.90588554971
1992-06-01,BOSTON,1992,2,6,4536,153,1184,BOSTON:1992:6:2,72.6392346958614,68.088727631884,1157,1139.26296976623,1143.38449905291
1992-06-02,BOSTON,1992,3,6,4537,154,1203,BOSTON:1992:6:3,72.9132005017067,40.5057134645807,1355,1271.80219341844,1234.86713105241
1992-06-03,BOSTON,1992,4,6,4538,155,1258,BOSTON:1992:6:4,73.1823486917818,49.2015467131676,1439,1477.49690841106,1259.7620594126
1992-06-04,BOSTON,1992,5,6,4539,156,1311,BOSTON:1992:6:5,73.4465998122382,87.6039269114758,1339,1437.69509956595,1324.69380181054
1992-06-05,BOSTON,1992,6,6,4540,157,1280,BOSTON:1992:6:6,73.7058758540731,90.5113661117573,1389,1357.27539361822,1212.9732894932
1992-06-06,BOSTON,1992,7,6,4541,158,1202,BOSTON:1992:6:7,73.9601002762917,69.041273469467,1208,1205.63417614427,1207.08332376373
1992-06-07,BOSTON,1992,1,6,4542,159,1163,BOSTON:1992:6:1,74.2091980286389,63.7745752244703,1170,1165.7757934615,1148.17467222732
1992-06-08,BOSTON,1992,2,6,4543,160,1183,BOSTON:1992:6:2,74.4530955738886,73.3533111367872,1283,1322.13904034094,1128.03605795235
1992-06-09,BOSTON,1992,3,6,4544,161,1197,BOSTON:1992:6:3,74.6917209096889,41.3442919610704,1343,1333.84881638897,1231.35799094911
1992-06-10,BOSTON,1992,4,6,4545,162,1306,BOSTON:1992:6:4,74.9250035899523,99.3545777633618,1251,1231.42881543436,1345.69804005275
1992-06-11,BOSTON,1992,5,6,4546,163,1302,BOSTON:1992:6:5,75.1528747457874,85.8381358193096,1468,1447.01345142097,1368.3996434379
1992-06-12,BOSTON,1992,6,6,4547,164,1233,BOSTON:1992:6:6,75.3752671059651,53.3806019363424,1140,1098.44030560498,1186.55240936941
1992-06-13,BOSTON,1992,7,6,4548,165,1206,BOSTON:1992:6:7,75.5921150169127,78.9084839828104,1083,1078.3618253066,1206.71391310478
1992-06-14,BOSTON,1992,1,6,4549,166,1195,BOSTON:1992:6:1,75.8033544622311,100,1465,1445.16600336885,1224.02205752896
1992-06-15,BOSTON,1992,2,6,4550,167,1161,BOSTON:1992:6:2,76.0089230817277,57.074294542009,1184,1183.40347626267,1162.52262216714
1992-06-16,BOSTON,1992,3,6,4551,168,1216,BOSTON:1992:6:3,76.2087601899604,64.9900812340404,1239,1219.42609453626,1262.4201949846
1992-06-17,BOSTON,1992,4,6,4552,169,1296,BOSTON:1992:6:4,76.4028067942882,95.7354358569893,1490,1453.29718823384,1354.45346392042
1992-06-18,BOSTON,1992,5,6,4553,170,1266,BOSTON:1992:6:5,76.5910056124197,58.2415398054512,1247,1247.2723032264,1335.41720657044
1992-06-19,BOSTON,1992,6,6,4554,171,1221,BOSTON:1992:6:6,76.7733010894587,47.122417945691,1086,1105.80039328942,1162.70290971854
1992-06-20,BOSTON,1992,7,6,4555,172,1193,BOSTON:1992:6:7,76.9496394144374,71.2442618454809,1162,1182.6914875242,1164.68733036436
1992-06-21,BOSTON,1992,1,6,4556,173,1144,BOSTON:1992:6:1,77.1199685363365,56.0810677456005,900,934.717007808889,1122.37921134464
1992-06-22,BOSTON,1992,2,6,4557,174,1187,BOSTON:1992:6:2,77.284238179584,87.905969442238,1059,1112.25615147488,1142.16113652739
1992-06-23,BOSTON,1992,3,6,4558,175,1233,BOSTON:1992:6:3,77.442399859029,85.961396405074,1106,1206.43052953363,1288.01592916829
1992-06-24,BOSTON,1992,4,6,4559,176,1265,BOSTON:1992:6:4,77.5944068943889,71.8488580160582,1102,1094.55890167729,1322.08643661184
1992-06-25,BOSTON,1992,5,6,4560,177,1256,BOSTON:1992:6:5,77.74021442416,53.1483162510662,1274,1269.31114571078,1299.48934818112
1992-06-26,BOSTON,1992,6,6,4561,178,1226,BOSTON:1992:6:6,77.8797794189935,55.7545428989154,1096,1116.86499739821,1148.77139141773
1992-06-27,BOSTON,1992,7,6,4562,179,1190,BOSTON:1992:6:7,78.0130606945283,72.7882947735167,1302,1299.9534432994,1176.51543277092
1992-06-28,BOSTON,1992,1,6,4563,180,1155,BOSTON:1992:6:1,78.1400189236791,70.3781259935402,1099,1090.00889590622,1139.42405889536
1992-06-29,BOSTON,1992,2,6,4564,181,1143,BOSTON:1992:6:2,78.2606166483758,47.2683205757214,977,984.037244374073,1083.89568429635
1992-06-30,BOSTON,1992,3,6,4565,182,1186,BOSTON:1992:6:3,78.3748182907498,43.7606647980197,1165,1158.64952843892,1191.33875384775
1992-07-01,BOSTON,1992,4,7,4566,183,1298,BOSTON:1992:7:4,78.4825901637653,100,1351,1274.91576207636,1246.57461654411
1992-07-02,BOSTON,1992,5,7,4567,184,1265,BOSTON:1992:7:5,78.5839004812908,64.9722093970661,1237,1254.6445162113,1339.14956473634
1992-07-03,BOSTON,1992,6,7,4568,185,1282,BOSTON:1992:7:6,78.6787193676095,100,1420,1334.75706111479,1365.26690319216
1992-07-04,BOSTON,1992,7,7,4569,186,1206,BOSTON:1992:7:7,78.7670188663642,91.0725192852433,1234,1204.79880404904,1153.17186930704
1992-07-05,BOSTON,1992,1,7,4570,187,1185,BOSTON:1992:7:1,78.8487729489347,100,1284,1224.24333970576,1237.55746603611
1992-07-06,BOSTON,1992,2,7,4571,188,1167,BOSTON:1992:7:2,78.9239575222461,74.2196881675488,1335,1318.87705745267,1234.11345880161
1992-07-07,BOSTON,1992,3,7,4572,189,1251,BOSTON:1992:7:3,78.9925504360032,100,1580,1576.22097843169,1344.48695933177
1992-07-08,BOSTON,1992,4,7,4573,190,1286,BOSTON:1992:7:4,79.054531489352,96.8609065137265,1160,1146.53764165312,1371.44255508441
1992-07-09,BOSTON,1992,5,7,4574,191,1261,BOSTON:1992:7:5,79.1098824369636,63.5029373777014,1362,1308.87728402339,1410.00186324246
1992-07-10,BOSTON,1992,6,7,4575,192,1259,BOSTON:1992:7:6,79.15858699454,92.2143001572974,1482,1461.64834672448,1391.62133616381
1992-07-11,BOSTON,1992,7,7,4576,193,1223,BOSTON:1992:7:7,79.2006308437402,100,1184,1155.80492775326,1182.41252961778
1992-07-12,BOSTON,1992,1,7,4577,194,1176,BOSTON:1992:7:1,79.2360016365242,96.0882160520819,1340,1418.32408249722,1253.98125563514
1992-07-13,BOSTON,1992,2,7,4578,195,1183,BOSTON:1992:7:2,79.2646889989151,91.3401125296837,1228,1223.20343623675,1264.99630326973
1992-07-14,BOSTON,1992,3,7,4579,196,1236,BOSTON:1992:7:3,79.2866845341758,96.3738524221242,1399,1436.91379965974,1359.01421275145
1992-07-15,BOSTON,1992,4,7,4580,197,1237,BOSTON:1992:7:4,79.3019818254025,52.2369048763276,1525,1513.48487896563,1293.71892961384
1992-07-16,BOSTON,1992,5,7,4581,198,1243,BOSTON:1992:7:5,79.3105764375309,47.1843751580695,1426,1387.78693318583,1342.81949704159
1992-07-17,BOSTON,1992,6,7,4582,199,1235,BOSTON:1992:7:6,79.3124659187572,70.4309084490353,1419,1390.84762031579,1300.70374418512
1992-07-18,BOSTON,1992,7,7,4583,200,1192,BOSTON:1992:7:7,79.3076498013714,79.4238124181309,946,945.115345272635,1094.45078864893
1992-07-19,BOSTON,1992,1,7,4584,201,1191,BOSTON:1992:7:1,79.2961296020041,100,1084,1058.51532905843,1189.17809641276
1992-07-20,BOSTON,1992,2,7,4585,202,1203,BOSTON:1992:7:2,79.2779088212859,100,1324,1321.96595685885,1235.65179095075
1992-07-21,BOSTON,1992,3,7,4586,203,1229,BOSTON:1992:7:3,79.2529929429194,89.3762752972444,1235,1186.66137076978,1329.62544093464
1992-07-22,BOSTON,1992,4,7,4587,204,1252,BOSTON:1992:7:4,79.2213894321649,66.3022735982268,1203,1242.73913460629,1286.11303205202
1992-07-23,BOSTON,1992,5,7,4588,205,1280,BOSTON:1992:7:5,79.1831077337392,81.4487396883905,1488,1533.62004054285,1396.9776693422
1992-07-24,BOSTON,1992,6,7,4589,206,1258,BOSTON:1992:7:6,79.1381592691283,91.3639738845046,1304,1327.64720690725,1391.44642333532
1992-07-25,BOSTON,1992,7,7,4590,207,1218,BOSTON:1992:7:7,79.0865574333159,100,1250,1288.35236610424,1183.96481242377
1992-07-26,BOSTON,1992,1,7,4591,208,1163,BOSTON:1992:7:1,79.0283175909263,83.0190444087913,1181,1190.42948797306,1208.28318192183
1992-07-27,BOSTON,1992,2,7,4592,209,1143,BOSTON:1992:7:2,78.9634570717858,50.5709778127307,1015,1001.33114729041,1167.23844697966
1992-07-28,BOSTON,1992,3,7,4593,210,1235,BOSTON:1992:7:3,78.8919951659008,93.6788275241233,1116,1063.13449178869,1296.87338698434
1992-07-29,BOSTON,1992,4,7,4594,211,1293,BOSTON:1992:7:4,78.813953117857,100,1301,1331.98422891001,1342.15086670481
1992-07-30,BOSTON,1992,5,7,4595,212,1271,BOSTON:1992:7:5,78.7293541206386,71.2253145671789,1385,1364.90954993255,1409.05140564152
1992-07-31,BOSTON,1992,6,7,4596,213,1224,BOSTON:1992:7:6,78.6382233088715,57.269116427551,1135,1088.33971773744,1310.96159313224
1992-08-01,BOSTON,1992,7,8,4597,214,1177,BOSTON:1992:8:7,78.5405877514909,61.6282865734006,1012,980.630694868246,1161.57776068441
1992-08-02,BOSTON,1992,1,8,4598,215,1129,BOSTON:1992:8:1,78.4364764438368,46.0367192746497,1289,1255.36311407666,1096.27713497469
1992-08-03,BOSTON,1992,2,8,4599,216,1175,BOSTON:1992:8:2,78.3259202991782,80.3337628147735,1212,1204.53294656215,1123.89890565043
1992-08-04,BOSTON,1992,3,8,4600,217,1228,BOSTON:1992:8:3,78.2089521396699,84.562313071059,1231,1265.36103833949,1257.67150713724
1992-08-05,BOSTON,1992,4,8,4601,218,1275,BOSTON:1992:8:4,78.0856066867437,83.8475320879098,1370,1393.78649543577,1328.37172877326
1992-08-06,BOSTON,1992,5,8,4602,219,1312,BOSTON:1992:8:5,77.9559205509367,100,1463,1430.20514971528,1374.83463077365
1992-08-07,BOSTON,1992,6,8,4603,220,1243,BOSTON:1992:8:6,77.819932221161,72.6738267710486,1129,1154.72711774627,1337.2983712117
1992-08-08,BOSTON,1992,7,8,4604,221,1177,BOSTON:1992:8:7,77.6776820534154,59.3084542566225,1343,1360.02408359322,1189.84832775636
1992-08-09,BOSTON,1992,1,8,4605,222,1164,BOSTON:1992:8:1,77.5292122589456,78.4070783496866,981,1037.56066607356,1144.9593124174
1992-08-10,BOSTON,1992,2,8,4606,223,1145,BOSTON:1992:8:2,77.3745668918538,47.0301615429754,1039,1080.06100880971,1115.24944554084
1992-08-11,BOSTON,1992,3,8,4607,224,1236,BOSTON:1992:8:3,77.213791836162,88.3852843210258,1286,1271.45790061467,1272.45185331517
1992-08-12,BOSTON,1992,4,8,4608,225,1290,BOSTON:1992:8:4,77.0469347923346,93.4702088241749,1352,1339.94250632097,1353.48633085578
1992-08-13,BOSTON,1992,5,8,4609,226,1263,BOSTON:1992:8:5,76.8740452632603,57.1914600340945,1317,1343.11666395004,1303.06185521944
1992-08-14,BOSTON,1992,6,8,4610,227,1229,BOSTON:1992:8:6,76.6951745397028,54.9823308803689,1319,1332.28270489726,1265.46135144214
1992-08-15,BOSTON,1992,7,8,4611,228,1226,BOSTON:1992:8:7,76.5103756852185,100,1190,1149.28771611191,1218.11890195934
1992-08-16,BOSTON,1992,1,8,4612,229,1152,BOSTON:1992:8:1,76.3197035205514,61.7503839570992,1070,1018.54540170149,1146.62268018599
1992-08-17,BOSTON,1992,2,8,4613,230,1214,BOSTON:1992:8:2,76.1232146075059,100,1141,1108.29724946936,1197.31823150481
1992-08-18,BOSTON,1992,3,8,4614,231,1244,BOSTON:1992:8:3,75.9209672323031,91.9611766383586,1311,1370.39515607236,1331.13582304357
1992-08-19,BOSTON,1992,4,8,4615,232,1309,BOSTON:1992:8:4,75.7130213884277,100,1392,1333.97486867505,1427.89723289968
1992-08-20,BOSTON,1992,5,8,4616,233,1308,BOSTON:1992:8:5,75.4994387589661,93.1226319391546,1463,1471.4269295991,1434.89518575835
1992-08-21,BOSTON,1992,6,8,4617,234,1243,BOSTON:1992:8:6,75.2802826984456,63.0137662853716,1450,1475.41558946014,1348.22023491135
1992-08-22,BOSTON,1992,7,8,4618,235,1194,BOSTON:1992:8:7,75.055618214178,66.3341189760147,1121,1153.76682726168,1211.6289009426
1992-08-23,BOSTON,1992,1,8,4619,236,1138,BOSTON:1992:8:1,74.825511947111,42.216728182812,1247,1247.42993464381,1111.25600940555
1992-08-24,BOSTON,1992,2,8,4620,237,1211,BOSTON:1992:8:2,74.5900321521982,100,1155,1148.11279496398,1179.15559878381
1992-08-25,BOSTON,1992,3,8,4621,238,1233,BOSTON:1992:8:3,74.349248678287,75.8620380203738,1320,1316.24869013373,1286.74081650676
1992-08-26,BOSTON,1992,4,8,4622,239,1269,BOSTON:1992:8:4,74.1032329475375,63.2394211640449,1296,1266.72920766579,1300.24470746796
1992-08-27,BOSTON,1992,5,8,4623,240,1318,BOSTON:1992:8:5,73.8520579343708,95.5971615878911,1215,1233.69096476537,1345.20832824974
1992-08-28,BOSTON,1992,6,8,4624,241,1283,BOSTON:1992:8:6,73.5957981439594,94.0234831281293,1423,1464.86205585472,1370.02004244152
1992-08-29,BOSTON,1992,7,8,4625,242,1229,BOSTON:1992:8:7,73.3345295902637,93.0568155524616,1392,1392.00226881071,1276.82610865505
1992-08-30,BOSTON,1992,1,8,4626,243,1178,BOSTON:1992:8:1,73.068329773618,75.3110452487674,1094,1127.1892121412,1181.88486301466
1992-08-31,BOSTON,1992,2,8,4627,244,1160,BOSTON:1992:8:2,72.7972776578791,45.4549955992079,1205,1190.31053264105,1136.37781852613
1992-09-01,BOSTON,1992,3,9,4628,245,1266,BOSTON:1992:9:3,72.5214536471372,99.7052193113682,1750,1690.62804634473,1379.21456339145
1992-09-02,BOSTON,1992,4,9,4629,246,1258,BOSTON:1992:9:4,72.2409395620016,46.53850245781,1170,1177.7169236319,1281.62351237575
1992-09-03,BOSTON,1992,5,9,4630,247,1325,BOSTON:1992:9:5,71.9558186154657,95.0400404353471,1283,1329.58694200315,1311.42258670862
1992-09-04,BOSTON,1992,6,9,4631,248,1270,BOSTON:1992:9:6,71.6661753883567,75.3900174732302,1510,1483.61455700116,1531.63165609739
1992-09-05,BOSTON,1992,7,9,4632,249,1218,BOSTON:1992:9:7,71.3720958043822,75.381055128947,1083,1104.44573411635,1224.63398727394
1992-09-06,BOSTON,1992,1,9,4633,250,1197,BOSTON:1992:9:1,71.0736671047748,87.4795117536091,1474,1552.65995884798,1352.88168972508
1992-09-07,BOSTON,1992,2,9,4634,251,1186,BOSTON:1992:9:2,70.7709778225491,62.9629384059901,1131,1115.75969783249,1127.34601809154
1992-09-08,BOSTON,1992,3,9,4635,252,1266,BOSTON:1992:9:3,70.4641177563709,92.069606039465,1173,1226.36114338135,1357.17724189705
1992-09-09,BOSTON,1992,4,9,4636,253,1320,BOSTON:1992:9:4,70.1531779440538,94.800503386692,1413,1359.77877193771,1342.8062941455
1992-09-10,BOSTON,1992,5,9,4637,254,1329,BOSTON:1992:9:5,69.8382506356866,90.3385914140672,1542,1549.16041744999,1344.46537024904
1992-09-11,BOSTON,1992,6,9,4638,255,1266,BOSTON:1992:9:6,69.5194292663991,63.708259362208,1786,1807.08952916529,1539.18824669319
1992-09-12,BOSTON,1992,7,9,4639,256,1195,BOSTON:1992:9:7,69.1968084287784,45.853789553321,1332,1266.36662139915,1185.43039578654
1992-09-13,BOSTON,1992,1,9,4640,257,1203,BOSTON:1992:9:1,68.8704838449383,84.6093437107527,1298,1292.58554470589,1320.62551600615
1992-09-14,BOSTON,1992,2,9,4641,258,1171,BOSTON:1992:9:2,68.5405523382558,40.1666148757993,1022,1005.20287756722,1101.0015763947
1992-09-15,BOSTON,1992,3,9,4642,259,1217,BOSTON:1992:9:3,68.2071118047772,37.1882954067862,1197,1192.1974365294,1242.38970180447
1992-09-16,BOSTON,1992,4,9,4643,260,1263,BOSTON:1992:9:4,67.8702611843074,34.4160424050825,919,951.544297391727,1185.39343774741
1992-09-17,BOSTON,1992,5,9,4644,261,1325,BOSTON:1992:9:5,67.530100431189,78.1902359420323,1203,1243.56025848289,1223.54392674066
1992-09-18,BOSTON,1992,6,9,4645,262,1295,BOSTON:1992:9:6,67.1867304847765,80.7105168880152,1513,1462.06581207848,1496.12228060708
1992-09-19,BOSTON,1992,7,9,4646,263,1203,BOSTON:1992:9:7,66.8402532396218,44.7971987469433,1116,1142.37129798818,1162.27333810953
1992-09-20,BOSTON,1992,1,9,4647,264,1215,BOSTON:1992:9:1,66.4907715153715,87.2245150302372,1225,1195.7399040714,1298.20575518927
1992-09-21,BOSTON,1992,2,9,4648,265,1228,BOSTON:1992:9:2,66.1383890263909,86.4943327378655,1186,1241.71319232567,1149.60208319292
1992-09-22,BOSTON,1992,3,9,4649,266,1267,BOSTON:1992:9:3,65.7832103511222,74.988789123939,1244,1263.40644899129,1333.55816769201
1992-09-23,BOSTON,1992,4,9,4650,267,1343,BOSTON:1992:9:4,65.4253409011819,97.2986375890271,1456,1398.99734155569,1339.15860393204
1992-09-24,BOSTON,1992,5,9,4651,268,1292,BOSTON:1992:9:5,65.0648868902154,40.1988958687089,1111,1127.34203731331,1259.56811630244
1992-09-25,BOSTON,1992,6,9,4652,269,1254,BOSTON:1992:9:6,64.7019553025061,33.9756872019539,1209,1193.51254549969,1451.05781659815
1992-09-26,BOSTON,1992,7,9,4653,270,1267,BOSTON:1992:9:7,64.3366538613615,95.2434998025698,1271,1237.2436838927,1229.66227882986
1992-09-27,BOSTON,1992,1,9,4654,271,1226,BOSTON:1992:9:1,63.9690909972723,88.2409986919101,1333,1321.16625915783,1358.28703907491
1992-09-28,BOSTON,1992,2,9,4655,272,1203,BOSTON:1992:9:2,63.5993758158658,53.4939396533083,1175,1232.3310352579,1136.0503223167
1992-09-29,BOSTON,1992,3,9,4656,273,1257,BOSTON:1992:9:3,63.2276180656554,56.3171128849426,1223,1152.44370118693,1274.66032521917
1992-09-30,BOSTON,1992,4,9,4657,274,1352,BOSTON:1992:9:4,62.8539281055971,95.2207566328986,1493,1487.84237055846,1302.01815179623
1992-10-01,BOSTON,1992,5,10,4658,275,1296,BOSTON:1992:10:5,62.4784168724666,34.2953051331217,1517,1457.00877675489,1404.55171782175
1992-10-02,BOSTON,1992,6,10,4659,276,1311,BOSTON:1992:10:6,62.1011958480601,76.7536615230863,1132,1142.25671119638,1209.38640657041
1992-10-03,BOSTON,1992,7,10,4660,277,1245,BOSTON:1992:10:7,61.7223770262347,65.483777713743,1204,1246.61690931327,1283.51363987161
1992-10-04,BOSTON,1992,1,10,4661,278,1236,BOSTON:1992:10:1,61.3420728797953,88.1547215342451,1166,1146.2374703941,1278.09437000073
1992-10-05,BOSTON,1992,2,10,4662,279,1238,BOSTON:1992:10:2,60.9603963272351,77.2691578969064,1109,1167.9096165085,1180.30835931271
1992-10-06,BOSTON,1992,3,10,4663,280,1282,BOSTON:1992:10:3,60.5774606993469,69.6443870287436,1383,1332.41237709003,1371.41161282241
1992-10-07,BOSTON,1992,4,10,4664,281,1296,BOSTON:1992:10:4,60.1933797057061,36.0784331224202,1421,1389.40655576404,1250.84230011633
1992-10-08,BOSTON,1992,5,10,4665,282,1334,BOSTON:1992:10:5,59.8082674010437,58.0040488573502,1331,1349.10971857949,1362.29321443914
1992-10-09,BOSTON,1992,6,10,4666,283,1298,BOSTON:1992:10:6,59.4222381515118,54.8853574450749,1163,1183.65473379271,1166.79917286864
1992-10-10,BOSTON,1992,7,10,4667,284,1223,BOSTON:1992:10:7,59.0354066008576,34.9300693061077,1334,1299.99780070064,1224.39781184993
1992-10-11,BOSTON,1992,1,10,4668,285,1240,BOSTON:1992:10:1,58.6478876365135,81.9674961823757,1342,1321.61519901623,1221.67480118506
1992-10-12,BOSTON,1992,2,10,4669,286,1213,BOSTON:1992:10:2,58.2597963556102,43.4370626390366,1068,1052.28650853159,1101.33459185508
1992-10-13,BOSTON,1992,3,10,4670,287,1291,BOSTON:1992:10:3,57.8712480309303,67.38331061824,1276,1281.69430436622,1325.32292548576
1992-10-14,BOSTON,1992,4,10,4671,288,1330,BOSTON:1992:10:4,57.482358076804,56.1673126618459,1122,1137.34924712329,1241.21827392851
1992-10-15,BOSTON,1992,5,10,4672,289,1350,BOSTON:1992:10:5,57.0932420149634,61.7181552939306,1436,1500.27840921866,1360.00987396592
1992-10-16,BOSTON,1992,6,10,4673,290,1320,BOSTON:1992:10:6,56.7040154403639,64.4779804391418,1283,1299.60920018205,1171.10047838534
1992-10-17,BOSTON,1992,7,10,4674,291,1228,BOSTON:1992:10:7,56.3147939869781,28.7383091158811,1261,1300.75933493631,1219.91276679403
1992-10-18,BOSTON,1992,1,10,4675,292,1222,BOSTON:1992:10:1,55.9256932935819,54.998185514021,1255,1207.20409241973,1181.02007542874
1992-10-19,BOSTON,1992,2,10,4676,293,1212,BOSTON:1992:10:2,55.5368289695319,31.9018840924103,1178,1134.75202667208,1073.90068065434
1992-10-20,BOSTON,1992,3,10,4677,294,1283,BOSTON:1992:10:3,55.1483165605541,50.2043907896232,1300,1305.76707345576,1288.43281117392
1992-10-21,BOSTON,1992,4,10,4678,295,1354,BOSTON:1992:10:4,54.7602715145459,66.6935570316983,1207,1149.76983479755,1237.58614268597
1992-10-22,BOSTON,1992,5,10,4679,296,1359,BOSTON:1992:10:5,54.3728091474075,59.4682115734938,1131,1118.22465378706,1354.48414462911
1992-10-23,BOSTON,1992,6,10,4680,297,1302,BOSTON:1992:10:6,53.9860446089109,37.6673516993573,1148,1157.48699521269,1140.10096170021
1992-10-24,BOSTON,1992,7,10,4681,298,1250,BOSTON:1992:10:7,53.6000928486131,39.6007858490005,1249,1213.12970590166,1212.57448217765
1992-10-25,BOSTON,1992,1,10,4682,299,1195,BOSTON:1992:10:1,53.2150685818309,18.9635548957998,1073,1084.49946917563,1155.21075338437
1992-10-26,BOSTON,1992,2,10,4683,300,1230,BOSTON:1992:10:2,52.8310862556793,38.5511481785908,1072,1107.63552619289,1071.45636817515
1992-10-27,BOSTON,1992,3,10,4684,301,1312,BOSTON:1992:10:3,52.4482600151895,66.7146682197561,1339,1363.07570381663,1312.83265052145
1992-10-28,BOSTON,1992,4,10,4685,302,1314,BOSTON:1992:10:4,52.0667036695155,22.1583028419624,1197,1187.1654270459,1217.35328327454
1992-10-29,BOSTON,1992,5,10,4686,303,1402,BOSTON:1992:10:5,51.6865306582345,84.9115818880541,1465,1500.89151382579,1398.66104913887
1992-10-30,BOSTON,1992,6,10,4687,304,1352,BOSTON:1992:10:6,51.3078540177594,72.3988074656154,1171,1227.23300606493,1209.61298046838
1992-10-31,BOSTON,1992,7,10,4688,305,1303,BOSTON:1992:10:7,50.9307863478644,78.300970716784,1204,1257.13038001971,1311.601299306
1992-11-01,BOSTON,1992,1,11,4689,306,1240,BOSTON:1992:11:1,50.5554397783424,51.8655901595201,1082,1123.73603514812,1155.32666092052
1992-11-02,BOSTON,1992,2,11,4690,307,1241,BOSTON:1992:11:2,50.1819259357952,39.2204244072862,1155,1158.76056260448,1163.88626563768
1992-11-03,BOSTON,1992,3,11,4691,308,1302,BOSTON:1992:11:3,49.8103559105739,47.4777882727877,1169,1113.55756562378,1227.52663149935
1992-11-04,BOSTON,1992,4,11,4692,309,1325,BOSTON:1992:11:4,49.4408402238764,22.0457117558249,1314,1317.84319032956,1304.16037232897
1992-11-05,BOSTON,1992,5,11,4693,310,1349,BOSTON:1992:11:5,49.073488795008,30.129486214179,1403,1434.46846150561,1297.55382660634
1992-11-06,BOSTON,1992,6,11,4694,311,1326,BOSTON:1992:11:6,48.7084109088231,39.9496087207284,1262,1282.23193704933,1298.83371195714
1992-11-07,BOSTON,1992,7,11,4695,312,1273,BOSTON:1992:11:7,48.3457151833484,41.496543247302,1434,1419.89949537518,1279.4828177956
1992-11-08,BOSTON,1992,1,11,4696,313,1259,BOSTON:1992:11:1,47.9855095376058,59.6011356184988,1014,1007.52906094718,1118.27216454508
1992-11-09,BOSTON,1992,2,11,4697,314,1233,BOSTON:1992:11:2,47.6279011596367,22.3275485350192,1112,1082.16287418356,1137.87313666209
1992-11-10,BOSTON,1992,3,11,4698,315,1310,BOSTON:1992:11:3,47.272996474743,44.7807444685475,1245,1302.05428779401,1207.34908404518
1992-11-11,BOSTON,1992,4,11,4699,316,1336,BOSTON:1992:11:4,46.9209011139527,22.2123460991487,1359,1344.1756697994,1298.89737417129
1992-11-12,BOSTON,1992,5,11,4700,317,1383,BOSTON:1992:11:5,46.5717198827157,50.2696690230484,1316,1348.99311123721,1312.20517666912
1992-11-13,BOSTON,1992,6,11,4701,318,1307,BOSTON:1992:11:6,46.2255567298465,13.1502219881126,1486,1477.05192071986,1298.70779467089
1992-11-14,BOSTON,1992,7,11,4702,319,1312,BOSTON:1992:11:7,45.8825147167145,67.2312294893264,1500,1482.11984122873,1310.57075479457
1992-11-15,BOSTON,1992,1,11,4703,320,1279,BOSTON:1992:11:1,45.5426959866981,69.1240066998961,1052,1061.74226339459,1150.15645134461
1992-11-16,BOSTON,1992,2,11,4704,321,1245,BOSTON:1992:11:2,45.2062017349084,24.3059171894123,1174,1149.00115078975,1160.62513301419
1992-11-17,BOSTON,1992,3,11,4705,322,1324,BOSTON:1992:11:3,44.8731321781898,48.381519418771,1146,1098.15613179765,1225.30473918699
1992-11-18,BOSTON,1992,4,11,4706,323,1382,BOSTON:1992:11:4,44.5435865254121,52.4502450235168,1184,1190.73221348304,1328.92722114154
1992-11-19,BOSTON,1992,5,11,4707,324,1356,BOSTON:1992:11:5,44.2176629480548,18.4608113084562,1309,1321.02645633843,1302.46192601814
1992-11-20,BOSTON,1992,6,11,4708,325,1368,BOSTON:1992:11:6,43.8954585511014,57.7063813060299,1340,1343.96881675689,1319.76114664491
1992-11-21,BOSTON,1992,7,11,4709,326,1325,BOSTON:1992:11:7,43.5770693442439,70.0192015755576,1169,1170.02240313996,1319.73349911876
1992-11-22,BOSTON,1992,1,11,4710,327,1295,BOSTON:1992:11:1,43.2625902134115,74.7902878319966,1298,1286.60425609214,1157.50883038685
1992-11-23,BOSTON,1992,2,11,4711,328,1293,BOSTON:1992:11:2,42.9521148926319,59.3237476162353,1159,1161.13533757845,1185.73846437543
1992-11-24,BOSTON,1992,3,11,4712,329,1288,BOSTON:1992:11:3,42.6457359362277,7.76566578772613,1314,1282.38488378091,1213.81954526929
1992-11-25,BOSTON,1992,4,11,4713,330,1403,BOSTON:1992:11:4,42.3435446913653,61.3185930871704,1412,1371.07461078143,1337.01503235696
1992-11-26,BOSTON,1992,5,11,4714,331,1381,BOSTON:1992:11:5,42.0456312709557,31.1397179398755,1209,1289.49227828129,1324.77907070916
1992-11-27,BOSTON,1992,6,11,4715,332,1352,BOSTON:1992:11:6,41.7520845269206,35.500380357949,1146,1171.18031582175,1316.69734672915
1992-11-28,BOSTON,1992,7,11,4716,333,1264,BOSTON:1992:11:7,41.4629920238316,6.6823117450498,1078,1154.10205645224,1271.21292829425
1992-11-29,BOSTON,1992,1,11,4717,334,1255,BOSTON:1992:11:1,41.1784400129253,29.7120429751957,1235,1259.58619436512,1099.73589281008
1992-11-30,BOSTON,1992,2,11,4718,335,1268,BOSTON:1992:11:2,40.8985134065099,28.6054910919577,1192,1145.54834519359,1143.87700031958
1992-12-01,BOSTON,1992,3,12,4719,336,1331,BOSTON:1992:12:3,40.6232957527627,37.8894553482187,1209,1221.53942549497,1418.62940838392
1992-12-02,BOSTON,1992,4,12,4720,337,1415,BOSTON:1992:12:4,40.3528692109334,63.1255996927443,1248,1209.79126340951,1329.25069021256
1992-12-03,BOSTON,1992,5,12,4721,338,1414,BOSTON:1992:12:5,40.0873145269541,51.0876428167646,1263,1287.83027458712,1323.53126240804
1992-12-04,BOSTON,1992,6,12,4722,339,1355,BOSTON:1992:12:6,39.8267110094677,30.4899510259057,1234,1277.5595986172,1249.00336115426
1992-12-05,BOSTON,1992,7,12,4723,340,1331,BOSTON:1992:12:7,39.5711365062813,59.7395270969788,1183,1171.13526226777,1260.38014373323
1992-12-06,BOSTON,1992,1,12,4724,341,1264,BOSTON:1992:12:1,39.3206673812478,31.0355697687141,1087,1148.99820592268,1144.36392342611
1992-12-07,BOSTON,1992,2,12,4725,342,1322,BOSTON:1992:12:2,39.0753784915885,70.1569703734001,1129,1126.71387498749,1217.37079740566
1992-12-08,BOSTON,1992,3,12,4726,343,1362,BOSTON:1992:12:3,38.8353431656575,57.8624900652645,1350,1397.54307438778,1441.16827364057
1992-12-09,BOSTON,1992,4,12,4727,344,1377,BOSTON:1992:12:4,38.6006331811593,24.97523371083,1698,1637.11943416722,1295.75429432914
1992-12-10,BOSTON,1992,5,12,4728,345,1385,BOSTON:1992:12:5,38.3713187438242,20.2386293488361,1291,1265.03954802972,1284.37674563174
1992-12-11,BOSTON,1992,6,12,4729,346,1344,BOSTON:1992:12:6,38.1474684665452,13.9917525949429,1386,1345.85183108036,1237.2126344603
1992-12-12,BOSTON,1992,7,12,4730,347,1345,BOSTON:1992:12:7,37.9291493489888,65.0995714773905,1559,1508.32318888105,1284.14819898037
1992-12-13,BOSTON,1992,1,12,4731,348,1282,BOSTON:1992:12:1,37.7164267576784,40.5282337069996,1166,1176.49912677081,1175.43236352546
1992-12-14,BOSTON,1992,2,12,4732,349,1324,BOSTON:1992:12:2,37.5093644065633,65.9628061763793,1215,1221.2989430632,1231.68339871551
1992-12-15,BOSTON,1992,3,12,4733,350,1386,BOSTON:1992:12:3,37.3080243380729,72.22016584603,1513,1428.36683659519,1471.84935238515
1992-12-16,BOSTON,1992,4,12,4734,351,1403,BOSTON:1992:12:4,37.1124669046657,40.9769749383957,1198,1224.83225683846,1317.40601075417
1992-12-17,BOSTON,1992,5,12,4735,352,1399,BOSTON:1992:12:5,36.9227507508784,25.3098493286833,1294,1312.06847607904,1291.80396460326
1992-12-18,BOSTON,1992,6,12,4736,353,1391,BOSTON:1992:12:6,36.7389327958772,48.5477081938262,1231,1250.21539691554,1251.75317118906
1992-12-19,BOSTON,1992,7,12,4737,354,1349,BOSTON:1992:12:7,36.5610682165209,62.743620070811,1171,1163.89590953119,1275.4148833181
1992-12-20,BOSTON,1992,1,12,4738,355,1320,BOSTON:1992:12:1,36.3892104309367,69.8446620670462,1341,1314.48060465275,1191.28559952892
1992-12-21,BOSTON,1992,2,12,4739,356,1289,BOSTON:1992:12:2,36.2234110826172,29.5009368354,1192,1211.0101785536,1198.7153070895
1992-12-22,BOSTON,1992,3,12,4740,357,1369,BOSTON:1992:12:3,36.0637200250412,52.4700471804599,1608,1619.39042984304,1416.52072863443
1992-12-23,BOSTON,1992,4,12,4741,358,1388,BOSTON:1992:12:4,35.9101853068225,23.0394114172324,1007,992.362503334938,1284.60089036951
1992-12-24,BOSTON,1992,5,12,4742,359,1413,BOSTON:1992:12:5,35.7628531573937,32.7273205930033,1351,1428.03890512537,1289.55091531211
1992-12-25,BOSTON,1992,6,12,4743,360,1360,BOSTON:1992:12:6,35.6217679732255,17.3323607004023,1128,1188.14719460593,1241.0308332007
1992-12-26,BOSTON,1992,7,12,4744,361,1338,BOSTON:1992:12:7,35.4869723045895,48.950959167506,1164,1230.11353726655,1257.05677397317
1992-12-27,BOSTON,1992,1,12,4745,362,1281,BOSTON:1992:12:1,35.3585068428656,29.5028805373004,1069,1086.13008316486,1151.91811351723
1992-12-28,BOSTON,1992,2,12,4746,363,1315,BOSTON:1992:12:2,35.2364104083989,48.5223011166107,1311,1317.5871385795,1199.23049679374
1992-12-29,BOSTON,1992,3,12,4747,364,1391,BOSTON:1992:12:3,35.1207199389102,66.5985063788468,1511,1512.55796283486,1442.83223695127
1992-12-30,BOSTON,1992,4,12,4748,365,1370,BOSTON:1992:12:4,35.0114704784619,3.57774340078772,1368,1378.42134205425,1291.98811433991
1992-12-31,BOSTON,1992,5,12,4749,366,1431,BOSTON:1992:12:5,34.9086951669851,43.2117832913609,1291,1245.16333228725,1300.73711205039
1993-01-01,BOSTON,1993,6,1,4750,1,1405,BOSTON:1993:1:6,34.8124252303683,52.0780757509351,1547,1573.61331112209,1422.62777525736
1993-01-02,BOSTON,1993,7,1,4751,2,1341,BOSTON:1993:1:7,34.7226899711128,47.8118107945371,1312,1252.6564773269,1273.89481378908
1993-01-03,BOSTON,1993,1,1,4752,3,1319,BOSTON:1993:1:1,34.6395167595563,60.8526882323293,1237,1276.99533197526,1269.00653975715
1993-01-04,BOSTON,1993,2,1,4753,4,1327,BOSTON:1993:1:2,34.562931025668,55.506315331242,1249,1254.41394611756,1228.64021046328
1993-01-05,BOSTON,1993,3,1,4754,5,1388,BOSTON:1993:1:3,34.4929562514177,61.2718594498461,1334,1284.40084069276,1254.66713980237
1993-01-06,BOSTON,1993,4,1,4755,6,1451,BOSTON:1993:1:4,34.4296139637203,68.0894798035928,1452,1392.64496912749,1495.97507289426
1993-01-07,BOSTON,1993,5,1,4756,7,1428,BOSTON:1993:1:5,34.3729237279593,37.7741883624083,1231,1224.20030431608,1368.52756128833
1993-01-08,BOSTON,1993,6,1,4757,8,1411,BOSTON:1993:1:6,34.3229031420894,53.9938105384469,1569,1503.03289977391,1410.22949787229
1993-01-09,BOSTON,1993,7,1,4758,9,1335,BOSTON:1993:1:7,34.2795678313222,39.8434615127143,1348,1346.42100822913,1250.89679214813
1993-01-10,BOSTON,1993,1,1,4759,10,1260,BOSTON:1993:1:1,34.2429314433942,4.61710430182238,1161,1208.61912766303,1220.20556795303
1993-01-11,BOSTON,1993,2,1,4760,11,1303,BOSTON:1993:1:2,34.2130056444205,32.0285197092801,1388,1359.46811806755,1202.14971727193
1993-01-12,BOSTON,1993,3,1,4761,12,1331,BOSTON:1993:1:3,34.1898001153346,9.73756338752315,1051,1123.77475273123,1229.85916932025
1993-01-13,BOSTON,1993,4,1,4762,13,1417,BOSTON:1993:1:4,34.1733225489149,38.1124604570794,1482,1505.0382259226,1474.15263434051
1993-01-14,BOSTON,1993,5,1,4763,14,1388,BOSTON:1993:1:5,34.1635786474006,3.08209731590686,1404,1364.44219489135,1368.54474797431
1993-01-15,BOSTON,1993,6,1,4764,15,1409,BOSTON:1993:1:6,34.1605721206946,50.7184808913229,1462,1425.48743127992,1433.27303077757
1993-01-16,BOSTON,1993,7,1,4765,16,1291,BOSTON:1993:1:7,34.1643046851581,0,1134,1190.94313425858,1263.57178966152
1993-01-17,BOSTON,1993,1,1,4766,17,1262,BOSTON:1993:1:1,34.1747760629934,5.2867913243082,1099,1135.32344815418,1247.5235236763
1993-01-18,BOSTON,1993,2,1,4767,18,1339,BOSTON:1993:1:2,34.1919839822174,62.3041250251652,1174,1230.08116573531,1258.50792672243
1993-01-19,BOSTON,1993,3,1,4768,19,1399,BOSTON:1993:1:3,34.2159241772255,67.4069800026713,1410,1513.87028610839,1313.77785423127
1993-01-20,BOSTON,1993,4,1,4769,20,1397,BOSTON:1993:1:4,34.2465903899448,20.9991322560983,1581,1509.83920855813,1502.43179735479
1993-01-21,BOSTON,1993,5,1,4770,21,1439,BOSTON:1993:1:5,34.2839743715778,44.2235437740639,1647,1624.50068314239,1385.32565102914
1993-01-22,BOSTON,1993,6,1,4771,22,1403,BOSTON:1993:1:6,34.3280658849346,45.0778072282503,1385,1330.74334125039,1412.11218047611
1993-01-23,BOSTON,1993,7,1,4772,23,1340,BOSTON:1993:1:7,34.3788527073539,42.2385894488744,1149,1172.77176716721,1256.84630223198
1993-01-24,BOSTON,1993,1,1,4773,24,1324,BOSTON:1993:1:1,34.436320634212,61.1288125180896,1344,1449.29023687478,1258.34199653996
1993-01-25,BOSTON,1993,2,1,4774,25,1329,BOSTON:1993:1:2,34.5004534830179,54.2052034723412,1102,1074.32641574517,1223.70214554583
1993-01-26,BOSTON,1993,3,1,4775,26,1344,BOSTON:1993:1:3,34.5712330980945,20.8781169864137,1229,1248.78598208053,1225.6958366414
1993-01-27,BOSTON,1993,4,1,4776,27,1376,BOSTON:1993:1:4,34.6486393558437,3.42956571007318,1390,1393.32870345119,1432.44049540905
1993-01-28,BOSTON,1993,5,1,4777,28,1422,BOSTON:1993:1:5,34.7326501705942,30.9749609292743,1195,1206.63156225322,1354.6020397135
1993-01-29,BOSTON,1993,6,1,4778,29,1383,BOSTON:1993:1:6,34.8232415010299,29.6444677230048,1126,1127.10426967916,1410.75751561346
1993-01-30,BOSTON,1993,7,1,4779,30,1341,BOSTON:1993:1:7,34.9203873571981,44.5052617119667,1377,1338.5908450263,1274.79030217331
1993-01-31,BOSTON,1993,1,1,4780,31,1313,BOSTON:1993:1:1,35.0240598080942,52.1532279017644,1419,1468.0191762526,1264.92237207355
1993-02-01,BOSTON,1993,2,2,4781,32,1314,BOSTON:1993:2:2,35.1342289898213,41.3888915002945,1214,1158.19882735694,1134.12285097314
1993-02-02,BOSTON,1993,3,2,4782,33,1357,BOSTON:1993:2:3,35.2508631143222,32.6506248469899,1147,1190.50271741496,1180.31301111475
1993-02-03,BOSTON,1993,4,2,4783,34,1389,BOSTON:1993:2:4,35.3739284786816,15.7299820280123,1169,1192.6983753928,1323.94477452446
1993-02-04,BOSTON,1993,5,2,4784,35,1421,BOSTON:1993:2:5,35.503389474995,32.2469459036957,1571,1553.52181261238,1352.08381232787
1993-02-05,BOSTON,1993,6,2,4785,36,1411,BOSTON:1993:2:6,35.6392086008021,54.3679963764192,1226,1240.64983638341,1318.67806972252
1993-02-06,BOSTON,1993,7,2,4786,37,1310,BOSTON:1993:2:7,35.7813464700818,18.8581429738194,1164,1142.0437013035,1157.16371596155
1993-02-07,BOSTON,1993,1,2,4787,38,1308,BOSTON:1993:2:1,35.929761824804,50.4436840095098,1195,1144.67541269552,1216.24302244991
1993-02-08,BOSTON,1993,2,2,4788,39,1327,BOSTON:1993:2:2,36.0844115470378,55.5952000338426,1204,1187.20608236953,1144.16496268155
1993-02-09,BOSTON,1993,3,2,4789,40,1349,BOSTON:1993:2:3,36.2452506716092,28.3003502222438,1185,1201.25658798871,1189.62740450485
1993-02-10,BOSTON,1993,4,2,4790,41,1395,BOSTON:1993:2:4,36.4122323993062,23.0114757221592,1470,1402.44130625235,1335.03064345617
1993-02-11,BOSTON,1993,5,2,4791,42,1391,BOSTON:1993:2:5,36.5853081106293,9.3400347463871,1291,1366.08771045859,1346.86277002996
1993-02-12,BOSTON,1993,6,2,4792,43,1385,BOSTON:1993:2:6,36.7644273800782,35.3567693856551,1356,1377.77213103675,1303.29527206621
1993-02-13,BOSTON,1993,7,2,4793,44,1346,BOSTON:1993:2:7,36.949537990977,53.5214842398548,1241,1199.86545079724,1179.23681792506
1993-02-14,BOSTON,1993,1,2,4794,45,1292,BOSTON:1993:2:1,37.1405859508281,38.3811406612126,1266,1318.14372792266,1221.91543497837
1993-02-15,BOSTON,1993,2,2,4795,46,1336,BOSTON:1993:2:2,37.3375155071926,66.9674601306406,937,939.919166058524,1158.48118926117
1993-02-16,BOSTON,1993,3,2,4796,47,1317,BOSTON:1993:2:3,37.5402691640941,3.55236995565269,1343,1415.63619466797,1188.84054267895
1993-02-17,BOSTON,1993,4,2,4797,48,1444,BOSTON:1993:2:4,37.7487876989366,66.8888299983414,1421,1414.79972486004,1379.51948726847
1993-02-18,BOSTON,1993,5,2,4798,49,1427,BOSTON:1993:2:5,37.9630101799376,43.5356846336618,1303,1312.73467976661,1396.31589723637
1993-02-19,BOSTON,1993,6,2,4799,50,1409,BOSTON:1993:2:6,38.1828739840643,59.782693674519,1415,1416.90611431174,1343.18518217722
1993-02-20,BOSTON,1993,7,2,4800,51,1319,BOSTON:1993:2:7,38.4083148154743,33.757430572746,1162,1115.11503356064,1169.48268332235
1993-02-21,BOSTON,1993,1,2,4801,52,1273,BOSTON:1993:2:1,38.6392667244512,25.6542611408371,1098,1138.76532099592,1196.54932277709
1993-02-22,BOSTON,1993,2,2,4802,53,1293,BOSTON:1993:2:2,38.8756621268293,32.4934663705243,1197,1233.23373320284,1115.23099708561
1993-02-23,BOSTON,1993,3,2,4803,54,1336,BOSTON:1993:2:3,39.1174318239061,24.9486759112185,1062,1077.64770671674,1178.21904170702
1993-02-24,BOSTON,1993,4,2,4804,55,1373,BOSTON:1993:2:4,39.3645050228302,12.774670558582,1314,1297.1425485075,1335.50509475121
1993-02-25,BOSTON,1993,5,2,4805,56,1398,BOSTON:1993:2:5,39.6168093574654,24.1028464381072,1293,1324.08430981334,1362.73752040936
1993-02-26,BOSTON,1993,6,2,4806,57,1361,BOSTON:1993:2:6,39.8742709097179,24.1634079648839,1276,1260.49046182522,1307.84147603421
1993-02-27,BOSTON,1993,7,2,4807,58,1308,BOSTON:1993:2:7,40.1368142313279,28.9564453040205,1102,1093.473584949,1163.11678278725
1993-02-28,BOSTON,1993,1,2,4808,59,1247,BOSTON:1993:2:1,40.4043623661122,6.68822768567712,1281,1343.55295806702,1205.29221979989
1993-03-01,BOSTON,1993,2,3,4809,60,1316,BOSTON:1993:3:2,40.6768368726546,58.9395117649758,1109,1087.98140126797,1256.8639963239
1993-03-02,BOSTON,1993,3,3,4810,61,1344,BOSTON:1993:3:3,40.9541578474392,37.2557160304797,1107,1105.8427661875,1232.07821578658
1993-03-03,BOSTON,1993,4,3,4811,62,1409,BOSTON:1993:3:4,41.2362439484146,48.3186866874617,1286,1264.15120845949,1325.81201937219
1993-03-04,BOSTON,1993,5,3,4812,63,1379,BOSTON:1993:3:5,41.5230124189879,13.8655497415352,1478,1535.0796000677,1400.52738184682
1993-03-05,BOSTON,1993,6,3,4813,64,1337,BOSTON:1993:3:6,41.8143791124366,9.03345559501571,1285,1294.84576514521,1231.15232463909
1993-03-06,BOSTON,1993,7,3,4814,65,1291,BOSTON:1993:3:7,42.1102585167335,20.0341655163737,1286,1263.95284222318,1277.24915092107
1993-03-07,BOSTON,1993,1,3,4815,66,1244,BOSTON:1993:3:1,42.4105637797788,9.60864874047041,1159,1169.34704959721,1156.40139555604
1993-03-08,BOSTON,1993,2,3,4816,67,1326,BOSTON:1993:3:2,42.7152067350269,73.4325056892865,1321,1322.85778289935,1291.70128737842
1993-03-09,BOSTON,1993,3,3,4817,68,1342,BOSTON:1993:3:3,43.0240979275074,42.3864891982045,1408,1386.78940818016,1262.27358288306
1993-03-10,BOSTON,1993,4,3,4818,69,1420,BOSTON:1993:3:4,43.3371466402246,64.5109284999131,1460,1476.86514885764,1361.69600387892
1993-03-11,BOSTON,1993,5,3,4819,70,1412,BOSTON:1993:3:5,43.6542609209363,47.8258080632595,1600,1555.4146067578,1437.6930994076
1993-03-12,BOSTON,1993,6,3,4820,71,1338,BOSTON:1993:3:6,43.9753476092963,16.6655586571803,1171,1186.36162588814,1240.73036243685
1993-03-13,BOSTON,1993,7,3,4821,72,1273,BOSTON:1993:3:7,44.300312364356,10.0363062479286,1220,1197.42425577494,1267.18131443194
1993-03-14,BOSTON,1993,1,3,4822,73,1269,BOSTON:1993:3:1,44.6290596924205,39.8908153875214,1312,1257.50112109044,1153.52483808904
1993-03-15,BOSTON,1993,2,3,4823,74,1264,BOSTON:1993:3:2,44.9614929752417,24.4600466773838,1316,1305.96005947225,1232.47871020386
1993-03-16,BOSTON,1993,3,3,4824,75,1362,BOSTON:1993:3:3,45.2975144985512,66.737809852083,1232,1259.68219848861,1250.28955472218
1993-03-17,BOSTON,1993,4,3,4825,76,1390,BOSTON:1993:3:4,45.6370254809154,46.4065997691942,1358,1417.9224455069,1336.62152158046
1993-03-18,BOSTON,1993,5,3,4826,77,1404,BOSTON:1993:3:5,45.9799261029088,48.6879842436151,1237,1264.00390402181,1423.63755471503
1993-03-19,BOSTON,1993,6,3,4827,78,1400,BOSTON:1993:3:6,46.3261155365981,76.293119799906,1328,1295.90728841404,1290.29724781454
1993-03-20,BOSTON,1993,7,3,4828,79,1273,BOSTON:1993:3:7,46.6754919753225,17.0072342103162,1353,1353.21461307509,1292.23449674855
1993-03-21,BOSTON,1993,1,3,4829,80,1233,BOSTON:1993:3:1,47.0279526637698,13.5724481075833,990,981.896144155686,1146.59668002038
1993-03-22,BOSTON,1993,2,3,4830,81,1285,BOSTON:1993:3:2,47.3833939283302,51.4312244755363,1319,1258.29910613624,1240.13812962614
1993-03-23,BOSTON,1993,3,3,4831,82,1300,BOSTON:1993:3:3,47.741711207728,20.0678248406081,1376,1366.41733142818,1219.42843823854
1993-03-24,BOSTON,1993,4,3,4832,83,1363,BOSTON:1993:3:4,48.1027990839142,31.5189255428199,1305,1257.56407524823,1317.37657946364
1993-03-25,BOSTON,1993,5,3,4833,84,1365,BOSTON:1993:3:5,48.4665513132154,23.2667460851757,1352,1384.92654744819,1405.14196403001
1993-03-26,BOSTON,1993,6,3,4834,85,1330,BOSTON:1993:3:6,48.8328608577301,24.541699496114,1220,1178.19453368243,1241.82006510744
1993-03-27,BOSTON,1993,7,3,4835,86,1305,BOSTON:1993:3:7,49.2016199169593,54.0747256352479,1279,1256.84553109381,1301.33503790539
1993-03-28,BOSTON,1993,1,3,4836,87,1229,BOSTON:1993:3:1,49.5727199596668,18.6711688131409,1152,1169.89383726404,1156.47708633061
1993-03-29,BOSTON,1993,2,3,4837,88,1284,BOSTON:1993:3:2,49.9460517559562,59.0192442005862,1204,1217.11799153444,1247.81787646942
1993-03-30,BOSTON,1993,3,3,4838,89,1344,BOSTON:1993:3:3,50.3215054095556,66.8415266157893,1091,1131.07855526914,1249.93020837474
1993-03-31,BOSTON,1993,4,3,4839,90,1366,BOSTON:1993:3:4,50.6989703903044,41.8945771076786,1257,1280.08016614886,1324.49387570397
1993-04-01,BOSTON,1993,5,4,4840,91,1405,BOSTON:1993:4:5,51.0783355668249,65.4439522916513,1270,1236.35355008263,1389.37113628027
1993-04-02,BOSTON,1993,6,4,4841,92,1315,BOSTON:1993:4:6,51.4594892393785,20.2006545737373,1161,1212.89149613863,1227.71780919233
1993-04-03,BOSTON,1993,7,4,4842,93,1299,BOSTON:1993:4:7,51.8423191728871,57.7053836258929,1407,1370.11221790664,1182.76530891908
1993-04-04,BOSTON,1993,1,4,4843,94,1238,BOSTON:1993:4:1,52.2267126301191,35.7183755151815,1135,1109.90001051709,1114.23462136334
1993-04-05,BOSTON,1993,2,4,4844,95,1244,BOSTON:1993:4:2,52.612556405023,30.2142403574029,1185,1173.38504822016,1109.20597303664
1993-04-06,BOSTON,1993,3,4,4845,96,1302,BOSTON:1993:4:3,52.999736856201,38.129916413219,1256,1242.03496220139,1240.82117156954
1993-04-07,BOSTON,1993,4,4,4846,97,1377,BOSTON:1993:4:4,53.3881399405174,60.6567986516268,1319,1277.64678770895,1308.39688602697
1993-04-08,BOSTON,1993,5,4,4847,98,1374,BOSTON:1993:4:5,53.777651246822,48.1588320994736,1459,1402.75466828653,1369.80807534285
1993-04-09,BOSTON,1993,6,4,4848,99,1355,BOSTON:1993:4:6,54.1681560297891,63.6943455558665,1226,1277.2131090896,1251.84155793219
1993-04-10,BOSTON,1993,7,4,4849,100,1321,BOSTON:1993:4:7,54.559539243855,85.8980510423858,1344,1299.12529189153,1237.345356405
1993-04-11,BOSTON,1993,1,4,4850,101,1251,BOSTON:1993:4:1,54.9516855772448,56.7601193427903,1125,1107.65899171469,1153.26235560282
1993-04-12,BOSTON,1993,2,4,4851,102,1242,BOSTON:1993:4:2,55.3444794860845,37.7937838125219,1166,1152.47812438272,1129.63822463139
1993-04-13,BOSTON,1993,3,4,4852,103,1330,BOSTON:1993:4:3,55.7378052285774,72.7508998726396,1172,1208.18955689959,1286.16693880979
1993-04-14,BOSTON,1993,4,4,4853,104,1364,BOSTON:1993:4:4,56.1315468992469,58.2592408396666,1402,1380.08431291862,1334.59284502598
1993-04-15,BOSTON,1993,5,4,4854,105,1343,BOSTON:1993:4:5,56.5255884632249,31.0691692346488,1375,1442.25266439172,1372.91065848033
1993-04-16,BOSTON,1993,6,4,4855,106,1316,BOSTON:1993:4:6,56.9198137905839,38.7394968967344,1181,1191.75494129469,1224.02908811027
1993-04-17,BOSTON,1993,7,4,4856,107,1250,BOSTON:1993:4:7,57.3141066906968,30.59256615024,1003,947.605510105327,1160.65059034602
1993-04-18,BOSTON,1993,1,4,4857,108,1213,BOSTON:1993:4:1,57.7083509466165,30.2295401906149,1051,1051.46836221683,1101.69344775397
1993-04-19,BOSTON,1993,2,4,4858,109,1265,BOSTON:1993:4:2,58.1024303494681,68.6568907250379,1112,1091.79762193212,1138.02602148635
1993-04-20,BOSTON,1993,3,4,4859,110,1322,BOSTON:1993:4:3,58.4962287328358,75.1278651288862,1438,1428.40787186801,1303.25789376276
1993-04-21,BOSTON,1993,4,4,4860,111,1349,BOSTON:1993:4:4,58.8896300071443,55.1936374428275,1289,1314.24138401725,1336.47186182044
1993-04-22,BOSTON,1993,5,4,4861,112,1336,BOSTON:1993:4:5,59.2825181940145,34.5525385667144,1506,1497.71562315201,1368.39197778915
1993-04-23,BOSTON,1993,6,4,4862,113,1356,BOSTON:1993:4:6,59.6747774605922,83.5113595005408,1375,1374.80751811433,1287.64500632004
1993-04-24,BOSTON,1993,7,4,4863,114,1310,BOSTON:1993:4:7,60.0662921538335,94.8481002316569,1116,1122.27766717121,1289.23874433174
1993-04-25,BOSTON,1993,1,4,4864,115,1200,BOSTON:1993:4:1,60.4569468347378,26.8187804103851,1226,1253.50761078979,1167.80957527838
1993-04-26,BOSTON,1993,2,4,4865,116,1250,BOSTON:1993:4:2,60.8466263125231,63.4278484909375,1079,1148.08512279741,1165.12978084556
1993-04-27,BOSTON,1993,3,4,4866,117,1320,BOSTON:1993:4:3,61.2352156787248,81.9822798794204,1303,1319.00045865716,1338.75399585184
1993-04-28,BOSTON,1993,4,4,4867,118,1348,BOSTON:1993:4:4,61.6226003412179,63.3042216626949,1352,1320.72985702975,1382.53840713173
1993-04-29,BOSTON,1993,5,4,4868,119,1337,BOSTON:1993:4:5,62.0086660581433,44.2706717430406,1298,1282.14945229217,1407.51815211185
1993-04-30,BOSTON,1993,6,4,4869,120,1319,BOSTON:1993:4:6,62.3932989717336,60.5363306829581,1303,1229.34699826929,1254.76653844225
1993-05-01,BOSTON,1993,7,5,4870,121,1249,BOSTON:1993:5:7,62.7763856420293,48.2287303064018,1466,1445.55774725054,1260.76616748685
1993-05-02,BOSTON,1993,1,5,4871,122,1263,BOSTON:1993:5:1,63.1578130804689,95.8745946775877,1443,1440.65929770385,1261.81089494401
1993-05-03,BOSTON,1993,2,5,4872,123,1255,BOSTON:1993:5:2,63.537468783352,77.4741184606956,1184,1134.82364581947,1230.51393031628
1993-05-04,BOSTON,1993,3,5,4873,124,1308,BOSTON:1993:5:3,63.9152407651558,81.1794472374744,1296,1337.75078021379,1326.15573319105
1993-05-05,BOSTON,1993,4,5,4874,125,1300,BOSTON:1993:5:4,64.2910175917053,30.2452532208838,1387,1452.88286190305,1262.93068693795
1993-05-06,BOSTON,1993,5,5,4875,126,1342,BOSTON:1993:5:5,64.664688413178,57.7284356021857,1437,1477.6057458987,1367.41564510299
1993-05-07,BOSTON,1993,6,5,4876,127,1310,BOSTON:1993:5:6,65.0361429969386,61.8068283074141,1180,1167.92074385726,1048.99486145439
1993-05-08,BOSTON,1993,7,5,4877,128,1229,BOSTON:1993:5:7,65.4052717601949,38.9290915792876,1304,1355.08016980487,1265.22898255227
1993-05-09,BOSTON,1993,1,5,4878,129,1204,BOSTON:1993:5:1,65.7719658024594,48.7760551565311,1027,1064.04259336363,1182.11024934925
1993-05-10,BOSTON,1993,2,5,4879,130,1207,BOSTON:1993:5:2,66.1361169378147,41.5987148234495,1125,1151.28316439239,1135.58432499523
1993-05-11,BOSTON,1993,3,5,4880,131,1276,BOSTON:1993:5:3,66.4976177269669,60.6860906652251,1220,1223.029339198,1230.84425379892
1993-05-12,BOSTON,1993,4,5,4881,132,1309,BOSTON:1993:5:4,66.856361509079,46.9924560587498,1040,1016.44385708042,1217.02442552184
1993-05-13,BOSTON,1993,5,5,4882,133,1344,BOSTON:1993:5:5,67.2122424333791,68.8006325304011,1245,1256.80406090821,1344.85249368909
1993-05-14,BOSTON,1993,6,5,4883,134,1338,BOSTON:1993:5:6,67.565155490526,94.7116539303595,975,1061.55839907862,1080.46434151097
1993-05-15,BOSTON,1993,7,5,4884,135,1252,BOSTON:1993:5:7,67.9149965437328,69.0793687694905,1038,1014.09660620552,1329.82229778717
1993-05-16,BOSTON,1993,1,5,4885,136,1210,BOSTON:1993:5:1,68.261662359628,63.0154162005513,1206,1232.44086130296,1233.54937607083
1993-05-17,BOSTON,1993,2,5,4886,137,1211,BOSTON:1993:5:2,68.605050638857,54.2719456819619,1217,1227.01820078216,1180.0005422585
1993-05-18,BOSTON,1993,3,5,4887,138,1254,BOSTON:1993:5:3,68.9450600464042,49.65764070164,1302,1338.6490999872,1249.02386573671
1993-05-19,BOSTON,1993,4,5,4888,139,1289,BOSTON:1993:5:4,69.281590241633,38.0040190817524,1267,1277.90952806447,1223.97780413799
1993-05-20,BOSTON,1993,5,5,4889,140,1359,BOSTON:1993:5:5,69.6145419080349,89.6231320223378,1251,1230.75784792595,1388.55279023562
1993-05-21,BOSTON,1993,6,5,4890,141,1336,BOSTON:1993:5:6,69.9438167826735,100,1172,1237.0672446555,1117.19780991296
1993-05-22,BOSTON,1993,7,5,4891,142,1275,BOSTON:1993:5:7,70.2693176853223,99.0194689786746,1432,1434.8049134998,1431.53594376364
1993-05-23,BOSTON,1993,1,5,4892,143,1194,BOSTON:1993:5:1,70.5909485472809,56.024526500653,1392,1426.01792974602,1287.96679691464
1993-05-24,BOSTON,1993,2,5,4893,144,1202,BOSTON:1993:5:2,70.9086144398638,52.965828504853,1338,1326.69878634094,1215.71322361906
1993-05-25,BOSTON,1993,3,5,4894,145,1254,BOSTON:1993:5:3,71.2222216025565,57.7658918037649,1278,1279.19529578936,1289.97614727799
1993-05-26,BOSTON,1993,4,5,4895,146,1304,BOSTON:1993:5:4,71.5316774708231,59.5045748271991,1278,1261.49244991073,1268.06708339829
1993-05-27,BOSTON,1993,5,5,4896,147,1338,BOSTON:1993:5:5,71.8368907035653,79.8598508253087,1564,1527.27328300545,1396.17907097031
1993-05-28,BOSTON,1993,6,5,4897,148,1304,BOSTON:1993:5:6,72.137771210218,81.5919458666389,988,993.066687002297,1068.34298712305
1993-05-29,BOSTON,1993,7,5,4898,149,1209,BOSTON:1993:5:7,72.4342301774782,44.9995604374458,1335,1300.276144611,1287.64660841521
1993-05-30,BOSTON,1993,1,5,4899,150,1203,BOSTON:1993:5:1,72.7261800956571,72.5908950934777,1122,1158.66293701127,1224.56268272496
1993-05-31,BOSTON,1993,2,5,4900,151,1182,BOSTON:1993:5:2,73.0135347846459,41.3433624164696,1066,1025.18538616539,1168.18797880183
1993-06-01,BOSTON,1993,3,6,4901,152,1275,BOSTON:1993:6:3,73.2962094194931,84.3396418535826,1355,1361.40295845082,1241.27665803843
1993-06-02,BOSTON,1993,4,6,4902,153,1348,BOSTON:1993:6:4,73.5741205555785,100,1200,1233.55652191413,1364.68975290916
1993-06-03,BOSTON,1993,5,6,4903,154,1360,BOSTON:1993:6:5,73.8471861533831,100,1433,1463.88141070299,1423.87329625258
1993-06-04,BOSTON,1993,6,6,4904,155,1320,BOSTON:1993:6:6,74.115325602843,100,1446,1441.91591525887,1388.11130318129
1993-06-05,BOSTON,1993,7,6,4905,156,1231,BOSTON:1993:6:7,74.3784597472806,72.6931319179531,1343,1331.04470215601,1267.08548714596
1993-06-06,BOSTON,1993,1,6,4906,157,1189,BOSTON:1993:6:1,74.6365109069102,65.4823176429436,994,1034.96408460003,1242.47071652649
1993-06-07,BOSTON,1993,2,6,4907,158,1201,BOSTON:1993:6:2,74.8894029019043,67.1522598296046,1265,1246.23383112685,1220.26533042794
1993-06-08,BOSTON,1993,3,6,4908,159,1292,BOSTON:1993:6:3,75.1370610750203,100,1233,1264.02843098405,1321.4834070981
1993-06-09,BOSTON,1993,4,6,4909,160,1321,BOSTON:1993:6:4,75.3794123137748,88.4210291782773,1330,1266.60237877507,1384.26184272927
1993-06-10,BOSTON,1993,5,6,4910,161,1311,BOSTON:1993:6:5,75.6163850721654,69.8038827620198,1144,1186.77925487882,1353.97216026452
1993-06-11,BOSTON,1993,6,6,4911,162,1282,BOSTON:1993:6:6,75.8479093919273,74.4704748569753,1196,1163.63319392799,1278.48317845163
1993-06-12,BOSTON,1993,7,6,4912,163,1246,BOSTON:1993:6:7,76.073916923322,93.3699104502539,1213,1181.12304702397,1247.50591670797
1993-06-13,BOSTON,1993,1,6,4913,164,1210,BOSTON:1993:6:1,76.2943409454526,92.7388157510647,1372,1427.96813527514,1284.73922640063
1993-06-14,BOSTON,1993,2,6,4914,165,1203,BOSTON:1993:6:2,76.5091163860955,74.4917966621317,1324,1328.82610767368,1244.87196271622
1993-06-15,BOSTON,1993,3,6,4915,166,1247,BOSTON:1993:6:3,76.7181798410482,70.5154711720414,1314,1307.68918786809,1267.50567436849
1993-06-16,BOSTON,1993,4,6,4916,167,1294,BOSTON:1993:6:4,76.921469592982,70.0670044757696,1560,1552.09408104994,1315.55856104446
1993-06-17,BOSTON,1993,5,6,4917,168,1327,BOSTON:1993:6:5,77.1189256297985,89.1103564092518,1608,1582.93628663238,1371.12928101971
1993-06-18,BOSTON,1993,6,6,4918,169,1293,BOSTON:1993:6:6,77.3104896624811,90.6627161028102,1432,1446.36324488952,1322.65918009
1993-06-19,BOSTON,1993,7,6,4919,170,1192,BOSTON:1993:6:7,77.4961051424383,46.6218517916626,983,1063.69224347471,1186.18240786132
1993-06-20,BOSTON,1993,1,6,4920,171,1187,BOSTON:1993:6:1,77.6757172783329,74.8897904306142,1409,1374.27253033292,1195.39576932681
1993-06-21,BOSTON,1993,2,6,4921,172,1201,BOSTON:1993:6:2,77.8492730523915,78.2375336409071,1177,1180.62243415254,1207.72660328831
1993-06-22,BOSTON,1993,3,6,4922,173,1224,BOSTON:1993:6:3,78.0167212361911,54.0185894888335,1203,1179.08261491728,1233.75289134162
1993-06-23,BOSTON,1993,4,6,4923,174,1282,BOSTON:1993:6:4,78.178012405916,64.3776373378214,1305,1279.53448797508,1275.23455145253
1993-06-24,BOSTON,1993,5,6,4924,175,1286,BOSTON:1993:6:5,78.3330989570817,57.3481325095048,1233,1247.39285206917,1269.02526246413
1993-06-25,BOSTON,1993,6,6,4925,176,1246,BOSTON:1993:6:6,78.4819351187225,51.6660972106519,1115,1135.36132900514,1199.74633827959
1993-06-26,BOSTON,1993,7,6,4926,177,1247,BOSTON:1993:6:7,78.6244769670346,100,1369,1317.12215141822,1207.22618828115
1993-06-27,BOSTON,1993,1,6,4927,178,1175,BOSTON:1993:6:1,78.7606824384768,67.5451396857154,1144,1104.96915290431,1196.39428773864
1993-06-28,BOSTON,1993,2,6,4928,179,1167,BOSTON:1993:6:2,78.8905113423178,48.2151391543383,1070,1083.19018100057,1163.13610357121
1993-06-29,BOSTON,1993,3,6,4929,180,1257,BOSTON:1993:6:3,79.0139253726333,89.1675438229099,1217,1225.22439842348,1257.98136914749
1993-06-30,BOSTON,1993,4,6,4930,181,1315,BOSTON:1993:6:4,79.1308881197436,97.5890368357612,1321,1249.7409838521,1376.25529186037
1993-07-01,BOSTON,1993,5,7,4931,182,1309,BOSTON:1993:7:5,79.2413650810914,81.8164704678775,1354,1370.09469318731,1322.25783017076
1993-07-02,BOSTON,1993,6,7,4932,183,1273,BOSTON:1993:7:6,79.3453236715565,79.5165753550525,1281,1296.80572710795,1419.27910453421
1993-07-03,BOSTON,1993,7,7,4933,184,1237,BOSTON:1993:7:7,79.4427332332027,97.3625226811176,1220,1261.14526730623,1180.5943556624
1993-07-04,BOSTON,1993,1,7,4934,185,1212,BOSTON:1993:7:1,79.5335650444556,100,1277,1359.2906923851,1262.8850268434
1993-07-05,BOSTON,1993,2,7,4935,186,1220,BOSTON:1993:7:2,79.6177923287074,100,1127,1101.88740671595,1259.65229981723
1993-07-06,BOSTON,1993,3,7,4936,187,1244,BOSTON:1993:7:3,79.6953902623468,79.7571868958735,1370,1369.39465740229,1293.07456800736
1993-07-07,BOSTON,1993,4,7,4937,188,1316,BOSTON:1993:7:4,79.7663359822117,100,1515,1564.37606860839,1453.15222586321
1993-07-08,BOSTON,1993,5,7,4938,189,1281,BOSTON:1993:7:5,79.8306085924613,58.3318199949334,1499,1476.59392986947,1318.62676448925
1993-07-09,BOSTON,1993,6,7,4939,190,1261,BOSTON:1993:7:6,79.8881891708677,70.9830591235166,1683,1622.98439032555,1412.33947021155
1993-07-10,BOSTON,1993,7,7,4940,191,1210,BOSTON:1993:7:7,79.9390607745225,73.4428908674816,1156,1145.67976910779,1124.70587289934
1993-07-11,BOSTON,1993,1,7,4941,192,1154,BOSTON:1993:7:1,79.9832084449589,51.4276365005061,1077,1030.19371574913,1123.27006933466
1993-07-12,BOSTON,1993,2,7,4942,193,1159,BOSTON:1993:7:2,80.0206192126862,45.1613040999874,1144,1156.9872063797,1082.778229094
1993-07-13,BOSTON,1993,3,7,4943,194,1235,BOSTON:1993:7:3,80.0512821011364,72.3240003844842,993,1003.71424992155,1153.29905473293
1993-07-14,BOSTON,1993,4,7,4944,195,1265,BOSTON:1993:7:4,80.0751881300211,56.1735942562782,1357,1367.76566225599,1264.02891929907
1993-07-15,BOSTON,1993,5,7,4945,196,1333,BOSTON:1993:7:5,80.0923303180979,100,1189,1187.84934352278,1274.96260439592
1993-07-16,BOSTON,1993,6,7,4946,197,1277,BOSTON:1993:7:6,80.1027036853451,86.4362331479173,1338,1344.78660309006,1416.44167824029
1993-07-17,BOSTON,1993,7,7,4947,198,1212,BOSTON:1993:7:7,80.1063052545447,76.7222861763236,1189,1192.10786328312,1135.55539707184
1993-07-18,BOSTON,1993,1,7,4948,199,1184,BOSTON:1993:7:1,80.1031340522728,82.3924794005266,981,958.041152511008,1183.67846839472
1993-07-19,BOSTON,1993,2,7,4949,200,1162,BOSTON:1993:7:2,80.0931911092964,48.6481247764793,1213,1202.74642593275,1123.12512352149
1993-07-20,BOSTON,1993,3,7,4950,201,1262,BOSTON:1993:7:3,80.0764794603782,97.8152432598035,1111,1159.10055850634,1255.6968271469
1993-07-21,BOSTON,1993,4,7,4951,202,1306,BOSTON:1993:7:4,80.0530041434875,93.242564420875,1379,1480.53809539404,1399.74461297611
1993-07-22,BOSTON,1993,5,7,4952,203,1275,BOSTON:1993:7:5,80.0227721984187,53.9782037812905,1029,1014.73095467228,1269.49315990862
1993-07-23,BOSTON,1993,6,7,4953,204,1278,BOSTON:1993:7:6,79.9857926648171,87.752920461359,1326,1293.23160640833,1416.78992853658
1993-07-24,BOSTON,1993,7,7,4954,205,1227,BOSTON:1993:7:7,79.9420765796127,90.4205051632049,1080,1142.28788356654,1163.21114587633
1993-07-25,BOSTON,1993,1,7,4955,206,1172,BOSTON:1993:7:1,79.8916369738637,68.9965631316064,1422,1342.61112889114,1187.16643542846
1993-07-26,BOSTON,1993,2,7,4956,207,1208,BOSTON:1993:7:2,79.834488869008,93.0577111070197,1167,1157.36664311711,1185.44434757626
1993-07-27,BOSTON,1993,3,7,4957,208,1249,BOSTON:1993:7:3,79.7706492725276,84.5877942829841,1480,1416.17324611265,1251.9295501069
1993-07-28,BOSTON,1993,4,7,4958,209,1275,BOSTON:1993:7:4,79.700137173023,64.0695671049989,1213,1242.03267719938,1347.07424185835
1993-07-29,BOSTON,1993,5,7,4959,210,1337,BOSTON:1993:7:5,79.6229735347025,100,1440,1405.3614934832,1325.65964103228
1993-07-30,BOSTON,1993,6,7,4960,211,1237,BOSTON:1993:7:6,79.539181291286,47.7619554537088,1419,1454.1714633179,1382.14981847849
1993-07-31,BOSTON,1993,7,7,4961,212,1247,BOSTON:1993:7:7,79.4487853393257,100,1130,1206.79127363755,1170.93322848681
1993-08-01,BOSTON,1993,1,8,4962,213,1207,BOSTON:1993:8:1,79.3518125309459,100,1554,1525.77537422124,1256.67503482144
1993-08-02,BOSTON,1993,2,8,4963,214,1183,BOSTON:1993:8:2,79.2482916660028,66.9344688764194,1356,1359.01811934147,1329.82074843718
1993-08-03,BOSTON,1993,3,8,4964,215,1239,BOSTON:1993:8:3,79.1382534836688,73.3680617122249,1474,1453.09266455822,1372.61891819985
1993-08-04,BOSTON,1993,4,8,4965,216,1294,BOSTON:1993:8:4,79.0217306534412,79.3195514008055,1071,1056.00797758661,1122.64969191513
1993-08-05,BOSTON,1993,5,8,4966,217,1310,BOSTON:1993:8:5,78.8987577655799,82.5450135251022,1300,1314.01600466814,1421.17857080097
1993-08-06,BOSTON,1993,6,8,4967,218,1241,BOSTON:1993:8:6,78.7693713209763,48.8766272249802,1129,1065.60572095824,1212.1876223377
1993-08-07,BOSTON,1993,7,8,4968,219,1206,BOSTON:1993:8:7,78.6336097204554,65.9795589805077,1277,1277.82335567137,1183.45947060993
1993-08-08,BOSTON,1993,1,8,4969,220,1167,BOSTON:1993:8:1,78.4915132535164,59.8282745474492,1238,1283.75393463047,1122.34158486833
1993-08-09,BOSTON,1993,2,8,4970,221,1170,BOSTON:1993:8:2,78.3431240865121,50.1752724959607,1066,1057.23081818031,1216.33522859591
1993-08-10,BOSTON,1993,3,8,4971,222,1284,BOSTON:1993:8:3,78.1884862502741,100,1223,1205.49940851389,1348.2446902374
1993-08-11,BOSTON,1993,4,8,4972,223,1284,BOSTON:1993:8:4,78.0276456271836,66.9854378031173,1100,1077.86328831519,1094.89773626904
1993-08-12,BOSTON,1993,5,8,4973,224,1344,BOSTON:1993:8:5,77.8606499376955,100,1523,1486.17500463504,1430.08131882585
1993-08-13,BOSTON,1993,6,8,4974,225,1300,BOSTON:1993:8:6,77.6875487263169,99.3951123244915,1566,1582.03092927182,1317.06340566452
1993-08-14,BOSTON,1993,7,8,4975,226,1216,BOSTON:1993:8:7,77.5083933470441,71.1618762838325,1080,1074.56737134123,1275.86848363261
1993-08-15,BOSTON,1993,1,8,4976,227,1210,BOSTON:1993:8:1,77.323236948266,98.1511225746156,1055,1074.65063564594,1257.11819288516
1993-08-16,BOSTON,1993,2,8,4977,228,1183,BOSTON:1993:8:2,77.1321344571323,59.2347185649113,1375,1376.67232570423,1311.99570388673
1993-08-17,BOSTON,1993,3,8,4978,229,1272,BOSTON:1993:8:3,76.9351425633972,96.4239620959593,1555,1525.30167733752,1419.42624537962
1993-08-18,BOSTON,1993,4,8,4979,230,1268,BOSTON:1993:8:4,76.7323197027397,47.7433390588229,1315,1338.7906024354,1111.99796860551
1993-08-19,BOSTON,1993,5,8,4980,231,1291,BOSTON:1993:8:5,76.5237260395652,56.3620687667272,1293,1315.82664992703,1342.23459280446
1993-08-20,BOSTON,1993,6,8,4981,232,1317,BOSTON:1993:8:6,76.309423449297,100,1214,1255.97667111325,1271.47445479551
1993-08-21,BOSTON,1993,7,8,4982,233,1193,BOSTON:1993:8:7,76.0894755001578,44.2503051233876,1229,1227.8408402272,1204.76396565612
1993-08-22,BOSTON,1993,1,8,4983,234,1196,BOSTON:1993:8:1,75.8639474344516,79.0580958934577,1134,1141.46787145668,1168.96156806007
1993-08-23,BOSTON,1993,2,8,4984,235,1218,BOSTON:1993:8:2,75.6329061493477,87.7973243321491,1469,1505.68919227458,1300.81717990743
1993-08-24,BOSTON,1993,3,8,4985,236,1238,BOSTON:1993:8:3,75.3964201771738,59.7355399272488,1192,1183.96833048602,1330.04463686009
1993-08-25,BOSTON,1993,4,8,4986,237,1304,BOSTON:1993:8:4,75.1545596652264,74.6614762366349,949,950.94899996218,1105.45460320734
1993-08-26,BOSTON,1993,5,8,4987,238,1347,BOSTON:1993:8:5,74.9073963550986,100,1501,1442.79521107413,1423.50551756834
1993-08-27,BOSTON,1993,6,8,4988,239,1283,BOSTON:1993:8:6,74.6550035615385,73.5901649062455,1152,1153.05417101581,1260.27451719482
1993-08-28,BOSTON,1993,7,8,4989,240,1204,BOSTON:1993:8:7,74.3974561508381,48.9003976279505,1283,1310.04369850853,1204.90808009606
1993-08-29,BOSTON,1993,1,8,4990,241,1184,BOSTON:1993:8:1,74.1348305187635,61.336390388336,953,1002.56694578149,1128.90361936524
1993-08-30,BOSTON,1993,2,8,4991,242,1230,BOSTON:1993:8:2,73.8672045680317,92.5049510194543,1193,1203.10111598574,1300.03113916469
1993-08-31,BOSTON,1993,3,8,4992,243,1226,BOSTON:1993:8:3,73.594657685338,41.757077306705,1338,1256.7976758797,1311.66550931704
1993-09-01,BOSTON,1993,4,9,4993,244,1344,BOSTON:1993:9:4,73.3172707179456,100,1418,1329.31373076042,1340.15904796751
1993-09-02,BOSTON,1993,5,9,4994,245,1338,BOSTON:1993:9:5,73.0351259498395,85.8394897551745,1095,1126.52863654953,1284.05425838237
1993-09-03,BOSTON,1993,6,9,4995,246,1284,BOSTON:1993:9:6,72.7483070774563,66.9220278149098,1144,1134.79822498971,1302.6026241555
1993-09-04,BOSTON,1993,7,9,4996,247,1209,BOSTON:1993:9:7,72.4568991849918,46.9303051799323,1051,1112.88142322949,1120.54171273528
1993-09-05,BOSTON,1993,1,9,4997,248,1234,BOSTON:1993:9:1,72.1609887192989,100,1415,1480.81968838317,1323.32044940803
1993-09-06,BOSTON,1993,2,9,4998,249,1196,BOSTON:1993:9:2,71.8606634643809,53.073017757474,1176,1185.08473969847,1373.476304306
1993-09-07,BOSTON,1993,3,9,4999,250,1284,BOSTON:1993:9:3,71.5560125154851,88.3152561346477,1529,1471.53071767103,1346.36075717064
1993-09-08,BOSTON,1993,4,9,5000,251,1278,BOSTON:1993:9:4,71.2471262528108,36.8143766559208,1198,1292.96511258375,1273.916378129
1993-09-09,BOSTON,1993,5,9,5001,252,1310,BOSTON:1993:9:5,70.9340963148321,53.3381880059647,1221,1224.23641724075,1192.80488238016
1993-09-10,BOSTON,1993,6,9,5002,253,1335,BOSTON:1993:9:6,70.6170155712486,100,1422,1503.47917090667,1320.62047643787
1993-09-11,BOSTON,1993,7,9,5003,254,1258,BOSTON:1993:9:7,70.2959780955715,85.4945112627028,1132,1135.39318111569,1174.97554536548
1993-09-12,BOSTON,1993,1,9,5004,255,1220,BOSTON:1993:9:1,69.9710791373483,80.5920593162856,1467,1444.38296824805,1329.16609229575
1993-09-13,BOSTON,1993,2,9,5005,256,1203,BOSTON:1993:9:2,69.6424150940424,51.481349601729,1273,1326.71425211513,1349.23488443662
1993-09-14,BOSTON,1993,3,9,5006,257,1241,BOSTON:1993:9:3,69.3100834825672,40.3855763121173,1262,1271.96919025158,1271.52793704719
1993-09-15,BOSTON,1993,4,9,5007,258,1307,BOSTON:1993:9:4,68.9741829104918,54.7415225414755,1368,1348.33516541412,1259.91164631382
1993-09-16,BOSTON,1993,5,9,5008,259,1340,BOSTON:1993:9:5,68.6348130469175,71.579629174337,1281,1317.95509436359,1199.22276523314
1993-09-17,BOSTON,1993,6,9,5009,260,1325,BOSTON:1993:9:6,68.2920745930428,87.9374565028379,1239,1238.48368353174,1279.5797984877
1993-09-18,BOSTON,1993,7,9,5010,261,1232,BOSTON:1993:9:7,67.9460692524199,51.9749765309725,1161,1157.04293374405,1102.02023484488
1993-09-19,BOSTON,1993,1,9,5011,262,1202,BOSTON:1993:9:1,67.5968997009108,54.7989439024599,1111,1097.84083496942,1226.18282221653
1993-09-20,BOSTON,1993,2,9,5012,263,1262,BOSTON:1993:9:2,67.2446695563586,98.5804972133802,1439,1428.88593214031,1383.96159162562
1993-09-21,BOSTON,1993,3,9,5013,264,1279,BOSTON:1993:9:3,66.8894833479733,66.2073931181528,1436,1354.90409873023,1324.78352664485
1993-09-22,BOSTON,1993,4,9,5014,265,1369,BOSTON:1993:9:4,66.5314464854507,99.6385851666762,1387,1386.70116846607,1370.07092714707
1993-09-23,BOSTON,1993,5,9,5015,266,1372,BOSTON:1993:9:5,66.1706652278256,90.3836957919586,1296,1271.33881961274,1304.28374079765
1993-09-24,BOSTON,1993,6,9,5016,267,1349,BOSTON:1993:9:6,65.8072466520737,99.3842153997305,1486,1484.02058458477,1388.19710091683
1993-09-25,BOSTON,1993,7,9,5017,268,1227,BOSTON:1993:9:7,65.4412986214709,38.4205751509842,1220,1158.37057214006,1166.46250704776
1993-09-26,BOSTON,1993,1,9,5018,269,1209,BOSTON:1993:9:1,65.0729297537141,52.0516356493131,1152,1128.24532711736,1266.33063608321
1993-09-27,BOSTON,1993,2,9,5019,270,1269,BOSTON:1993:9:2,64.7022493888226,95.8296205761444,1640,1595.9834536554,1421.32721962932
1993-09-28,BOSTON,1993,3,9,5020,271,1298,BOSTON:1993:9:3,64.3293675568185,74.2375096047528,1072,1140.96640174569,1356.32777914062
1993-09-29,BOSTON,1993,4,9,5021,272,1378,BOSTON:1993:9:4,63.9543949452049,97.513936249335,1255,1295.52487704099,1381.94200044106
1993-09-30,BOSTON,1993,5,9,5022,273,1391,BOSTON:1993:9:5,63.5774428662473,96.6182833988779,1407,1373.18235568161,1319.63435320419
1993-10-01,BOSTON,1993,6,10,5023,274,1337,BOSTON:1993:10:6,63.1986232240654,79.3372157471224,1317,1323.23862808457,1308.43380232761
1993-10-02,BOSTON,1993,7,10,5024,275,1256,BOSTON:1993:10:7,62.818048481553,55.2470476079761,1170,1157.27278872443,1242.59713186055
1993-10-03,BOSTON,1993,1,10,5025,276,1242,BOSTON:1993:10:1,62.4358316271248,73.8781976367029,1203,1237.43610715254,1308.86784231343
1993-10-04,BOSTON,1993,2,10,5026,277,1225,BOSTON:1993:10:2,62.0520861413122,45.0583483151884,1062,1093.43430020118,1270.85032987792
1993-10-05,BOSTON,1993,3,10,5027,278,1280,BOSTON:1993:10:3,61.6669259632056,48.3528187979993,1457,1414.85289249462,1249.93158462028
1993-10-06,BOSTON,1993,4,10,5028,279,1375,BOSTON:1993:10:4,61.2804654567631,85.112412222767,1355,1354.03482617209,1381.95192956272
1993-10-07,BOSTON,1993,5,10,5029,280,1376,BOSTON:1993:10:5,60.8928193769917,74.0719385737121,1467,1464.26960911658,1340.57073512537
1993-10-08,BOSTON,1993,6,10,5030,281,1349,BOSTON:1993:10:6,60.5041028360073,79.7493511215952,1138,1159.15430682175,1242.30496612935
1993-10-09,BOSTON,1993,7,10,5031,282,1257,BOSTON:1993:10:7,60.1144312689924,46.6632335279049,1228,1231.25851504404,1181.10497387011
1993-10-10,BOSTON,1993,1,10,5032,283,1248,BOSTON:1993:10:1,59.723920400051,69.6333260757677,1261,1293.92385491577,1266.3319498157
1993-10-11,BOSTON,1993,2,10,5033,284,1260,BOSTON:1993:10:2,59.3326862079799,67.2701001370102,1220,1244.09814620229,1267.97196225811
1993-10-12,BOSTON,1993,3,10,5034,285,1282,BOSTON:1993:10:3,58.9408448919625,39.799666015801,1152,1237.56200082102,1241.24715783239
1993-10-13,BOSTON,1993,4,10,5035,286,1335,BOSTON:1993:10:4,58.5485128371925,40.7796580333211,1123,1148.03624624264,1316.21186730092
1993-10-14,BOSTON,1993,5,10,5036,287,1401,BOSTON:1993:10:5,58.1558065804449,84.5988670563121,1248,1272.47418550225,1322.41054063095
1993-10-15,BOSTON,1993,6,10,5037,288,1358,BOSTON:1993:10:6,57.762842775596,77.6967235783056,1234,1276.156471916,1233.67057254366
1993-10-16,BOSTON,1993,7,10,5038,289,1244,BOSTON:1993:10:7,57.3697381591113,24.1660193431812,1127,1119.7525615083,1167.82798117162
1993-10-17,BOSTON,1993,1,10,5039,290,1265,BOSTON:1993:10:1,56.9766095155029,74.8499270193389,1312,1340.81521909321,1268.57814171641
1993-10-18,BOSTON,1993,2,10,5040,291,1290,BOSTON:1993:10:2,56.5835736427729,84.4236860625719,1572,1532.5305080354,1306.5065777886
1993-10-19,BOSTON,1993,3,10,5041,292,1343,BOSTON:1993:10:3,56.1907473178526,83.7053607306389,1537,1542.91179675018,1344.27725476858
1993-10-20,BOSTON,1993,4,10,5042,293,1333,BOSTON:1993:10:4,55.7982472620411,29.1587506222045,1352,1383.18557506101,1372.8161619956
1993-10-21,BOSTON,1993,5,10,5043,294,1418,BOSTON:1993:10:5,55.4061901064645,88.7452379947584,1409,1414.32199982079,1367.75232128588
1993-10-22,BOSTON,1993,6,10,5044,295,1377,BOSTON:1993:10:6,55.0146923575548,83.718344146665,1551,1482.14470286001,1277.0594158546
1993-10-23,BOSTON,1993,7,10,5045,296,1269,BOSTON:1993:10:7,54.6238703625666,37.7536339797469,1169,1172.2900496881,1206.78062725938
1993-10-24,BOSTON,1993,1,10,5046,297,1283,BOSTON:1993:10:1,54.2338402751392,81.4613213781758,1414,1319.38271154583,1305.58403020067
1993-10-25,BOSTON,1993,2,10,5047,298,1293,BOSTON:1993:10:2,53.8447180209118,77.1564868493374,1295,1316.19060268904,1303.67113007169
1993-10-26,BOSTON,1993,3,10,5048,299,1315,BOSTON:1993:10:3,53.4566192632075,49.2065854371059,973,1026.20728420429,1283.54400278098
1993-10-27,BOSTON,1993,4,10,5049,300,1339,BOSTON:1993:10:4,53.0696593687891,23.4422580056845,1570,1574.619991823,1329.02004113916
1993-10-28,BOSTON,1993,5,10,5050,301,1418,BOSTON:1993:10:5,52.6839533737059,78.3147322442512,1226,1211.75906446447,1319.2664029552
1993-10-29,BOSTON,1993,6,10,5051,302,1338,BOSTON:1993:10:6,52.2996159492308,39.9559343548739,1013,995.261763783363,1191.53124314999
1993-10-30,BOSTON,1993,7,10,5052,303,1275,BOSTON:1993:10:7,51.9167613679079,33.163300743187,1253,1220.80886821581,1148.68928584339
1993-10-31,BOSTON,1993,1,10,5053,304,1287,BOSTON:1993:10:1,51.5355034697151,74.4807798707208,1214,1252.95699076186,1254.63803595581
1993-11-01,BOSTON,1993,2,11,5054,305,1314,BOSTON:1993:11:2,51.1559556283506,85.5649179032522,1289,1289.95786241559,1289.99296397026
1993-11-02,BOSTON,1993,3,11,5055,306,1307,BOSTON:1993:11:3,50.7782307176596,31.8879611816002,1340,1293.08202371786,1318.56697389671
1993-11-03,BOSTON,1993,4,11,5056,307,1348,BOSTON:1993:11:4,50.4024410782029,21.6194512554091,1155,1162.93114634442,1310.76414906762
1993-11-04,BOSTON,1993,5,11,5057,308,1407,BOSTON:1993:11:5,50.0286984839842,59.4922518264868,1446,1445.38874338828,1457.04237961024
1993-11-05,BOSTON,1993,6,11,5058,309,1390,BOSTON:1993:11:6,49.6571141093437,74.6156800941964,1610,1550.09107038024,1521.37514632681
1993-11-06,BOSTON,1993,7,11,5059,310,1280,BOSTON:1993:11:7,49.2877984960237,27.1637259894656,1103,1133.76352445809,1217.9350036654
1993-11-07,BOSTON,1993,1,11,5060,311,1270,BOSTON:1993:11:1,48.9208615204247,49.3041009764114,1257,1252.09230050464,1363.43905796355
1993-11-08,BOSTON,1993,2,11,5061,312,1272,BOSTON:1993:11:2,48.5564123610512,38.4456542022072,1200,1178.9067194278,1203.69741958518
1993-11-09,BOSTON,1993,3,11,5062,313,1363,BOSTON:1993:11:3,48.194559466168,70.9092713548612,1329,1293.7797047367,1305.85730630376
1993-11-10,BOSTON,1993,4,11,5063,314,1389,BOSTON:1993:11:4,47.8354105216652,46.6964333321169,1464,1456.30952951584,1326.8544711671
1993-11-11,BOSTON,1993,5,11,5064,315,1382,BOSTON:1993:11:5,47.479072419151,28.7129773419977,1415,1347.32523001679,1420.49005665662
1993-11-12,BOSTON,1993,6,11,5065,316,1350,BOSTON:1993:11:6,47.125651224277,31.0370915455213,1553,1548.55883289135,1428.06459828889
1993-11-13,BOSTON,1993,7,11,5066,317,1338,BOSTON:1993:11:7,46.7752521453039,69.3847972052717,1220,1232.3475774753,1212.13831582555
1993-11-14,BOSTON,1993,1,11,5067,318,1241,BOSTON:1993:11:1,46.4279795019234,13.2365172659325,1372,1375.03973997248,1355.01218690036
1993-11-15,BOSTON,1993,2,11,5068,319,1284,BOSTON:1993:11:2,46.0839366943364,39.498722067361,1173,1168.01793150528,1206.13609546972
1993-11-16,BOSTON,1993,3,11,5069,320,1352,BOSTON:1993:11:3,45.7432261726066,52.4656491621576,1248,1257.78493993619,1287.97679473622
1993-11-17,BOSTON,1993,4,11,5070,321,1401,BOSTON:1993:11:4,45.4059494062892,47.4177250880382,1191,1286.20071071806,1318.96945983621
1993-11-18,BOSTON,1993,5,11,5071,322,1428,BOSTON:1993:11:5,45.0722068543509,57.8521704459526,1374,1392.39932807558,1451.85648626673
1993-11-19,BOSTON,1993,6,11,5072,323,1378,BOSTON:1993:11:6,44.7420979353873,45.2890014734393,1375,1363.56173900232,1448.58206541768
1993-11-20,BOSTON,1993,7,11,5073,324,1324,BOSTON:1993:11:7,44.4157209981438,48.2217466750387,1181,1261.51869956488,1183.83584962445
1993-11-21,BOSTON,1993,1,11,5074,325,1311,BOSTON:1993:11:1,44.0931732923556,67.9799806251022,1416,1316.14758907488,1369.87278396018
1993-11-22,BOSTON,1993,2,11,5075,326,1284,BOSTON:1993:11:2,43.7745509399073,30.6502621583612,1095,1122.82652153796,1200.13578700122
1993-11-23,BOSTON,1993,3,11,5076,327,1315,BOSTON:1993:11:3,43.4599489063275,10.9763173266564,1234,1221.44343985054,1252.16199933895
1993-11-24,BOSTON,1993,4,11,5077,328,1433,BOSTON:1993:11:4,43.1494609726234,65.2690452145054,1471,1461.51791627479,1324.4119199325
1993-11-25,BOSTON,1993,5,11,5078,329,1444,BOSTON:1993:11:5,42.843179707463,62.3435549671306,1570,1535.05028903462,1475.61107746438
1993-11-26,BOSTON,1993,6,11,5079,330,1415,BOSTON:1993:11:6,42.5411964397168,67.6977608309349,1370,1410.02970087346,1509.97818996544
1993-11-27,BOSTON,1993,7,11,5080,331,1292,BOSTON:1993:11:7,42.2436012313624,11.8439561882911,1308,1340.2301422021,1198.09083088606
1993-11-28,BOSTON,1993,1,11,5081,332,1253,BOSTON:1993:11:1,41.9504828507656,7.56691114638169,1382,1322.31834986725,1338.67597118021
1993-11-29,BOSTON,1993,2,11,5082,333,1312,BOSTON:1993:11:2,41.6619287463393,48.0795900322985,1358,1339.52517258559,1215.03773396952
1993-11-30,BOSTON,1993,3,11,5083,334,1389,BOSTON:1993:11:3,41.3780250205941,67.2511016499534,1338,1307.83696648846,1324.43692572222
1993-12-01,BOSTON,1993,4,12,5084,335,1409,BOSTON:1993:12:4,41.0988564045859,37.3392884108928,1411,1329.17901460454,1459.02503002713
1993-12-02,BOSTON,1993,5,12,5085,336,1388,BOSTON:1993:12:5,40.8245062327652,8.45475655632902,1373,1423.06044279894,1325.94982255065
1993-12-03,BOSTON,1993,6,12,5086,337,1384,BOSTON:1993:12:6,40.5550564182424,34.2753972471194,1242,1264.72496354096,1378.36016551457
1993-12-04,BOSTON,1993,7,12,5087,338,1322,BOSTON:1993:12:7,40.2905874284684,30.8557222112781,1217,1237.81134882206,1271.90813948721
1993-12-05,BOSTON,1993,1,12,5088,339,1295,BOSTON:1993:12:1,40.0311782613439,38.392116400138,1201,1214.90150827639,1211.04192318274
1993-12-06,BOSTON,1993,2,12,5089,340,1283,BOSTON:1993:12:2,39.7769064217628,14.1343493218356,1020,1040.34459478853,1180.60440446293
1993-12-07,BOSTON,1993,3,12,5090,341,1364,BOSTON:1993:12:3,39.5278478985939,38.0897858612526,1330,1339.24663455375,1380.68240835994
1993-12-08,BOSTON,1993,4,12,5091,342,1400,BOSTON:1993:12:4,39.284077142112,22.7859655648731,1440,1402.47993317734,1413.68527683118
1993-12-09,BOSTON,1993,5,12,5092,343,1433,BOSTON:1993:12:5,39.0456670418818,38.3409729472798,1407,1346.71974778398,1329.05080902918
1993-12-10,BOSTON,1993,6,12,5093,344,1432,BOSTON:1993:12:6,38.8126889051038,67.2369732282224,1615,1630.08164399332,1421.73747569127
1993-12-11,BOSTON,1993,7,12,5094,345,1339,BOSTON:1993:12:7,38.5852124354252,38.6550265339584,1242,1250.9545256209,1291.069936825
1993-12-12,BOSTON,1993,1,12,5095,346,1319,BOSTON:1993:12:1,38.3633057122264,52.6087824046757,1267,1323.0931368473,1214.96339942387
1993-12-13,BOSTON,1993,2,12,5096,347,1282,BOSTON:1993:12:2,38.147035170386,7.20073710805034,1252,1289.6209971469,1172.08508082756
1993-12-14,BOSTON,1993,3,12,5097,348,1387,BOSTON:1993:12:3,37.9364655805309,51.1882298146863,1452,1425.374315721,1383.93196762239
1993-12-15,BOSTON,1993,4,12,5098,349,1451,BOSTON:1993:12:4,37.7316600297788,58.6473293396855,1461,1438.11722489412,1450.15916774008
1993-12-16,BOSTON,1993,5,12,5099,350,1398,BOSTON:1993:12:5,37.532679902977,3.85253217875086,1325,1313.4952327338,1326.94769654832
1993-12-17,BOSTON,1993,6,12,5100,351,1365,BOSTON:1993:12:6,37.3395848644441,4.91660489211887,1392,1394.38884403253,1376.37652526855
1993-12-18,BOSTON,1993,7,12,5101,352,1350,BOSTON:1993:12:7,37.1524328402212,42.5999890909499,1397,1334.59037669346,1289.2095455826
1993-12-19,BOSTON,1993,1,12,5102,353,1331,BOSTON:1993:12:1,36.9712800008337,57.2737901622522,1257,1306.18868551592,1241.76917214167
1993-12-20,BOSTON,1993,2,12,5103,354,1340,BOSTON:1993:12:2,36.7961807445746,53.2644530748141,1405,1378.24041526658,1225.70824889663
1993-12-21,BOSTON,1993,3,12,5104,355,1357,BOSTON:1993:12:3,36.6271876813094,20.4248280137959,1404,1405.37269691554,1388.31781635896
1993-12-22,BOSTON,1993,4,12,5105,356,1457,BOSTON:1993:12:4,36.4643516168105,57.840001323271,1487,1386.29335682323,1433.08346533756
1993-12-23,BOSTON,1993,5,12,5106,357,1438,BOSTON:1993:12:5,36.3077215376235,31.0530229812413,1288,1306.8513844704,1322.56506041868
1993-12-24,BOSTON,1993,6,12,5107,358,1380,BOSTON:1993:12:6,36.157344596472,12.722408094455,1557,1496.92362025902,1368.14324133924
1993-12-25,BOSTON,1993,7,12,5108,359,1357,BOSTON:1993:12:7,36.0132660982046,43.2965959594432,1271,1293.66589347971,1274.81237810652
1993-12-26,BOSTON,1993,1,12,5109,360,1338,BOSTON:1993:12:1,35.875529486286,58.6787544168257,1169,1224.6857408131,1226.2255052489
1993-12-27,BOSTON,1993,2,12,5110,361,1348,BOSTON:1993:12:2,35.7441763298406,55.4107412484295,1113,1162.47701310777,1211.60226581087
1993-12-28,BOSTON,1993,3,12,5111,362,1346,BOSTON:1993:12:3,35.6192463112484,6.32262926431854,1342,1321.77669559011,1375.06780765867
1993-12-29,BOSTON,1993,4,12,5112,363,1398,BOSTON:1993:12:4,35.5007772142993,5.45386299909961,1359,1399.10701864172,1402.04706006057
1993-12-30,BOSTON,1993,5,12,5113,364,1489,BOSTON:1993:12:5,35.3888049129084,67.5160061487616,1276,1280.48996199079,1364.48661144963
1993-12-31,BOSTON,1993,6,12,5114,365,1377,BOSTON:1993:12:6,35.283363360396,6.60385636048981,1150,1167.84305634827,1411.38259218865
1994-01-01,BOSTON,1994,7,1,5115,1,1329,BOSTON:1994:1:7,35.184484579335,15.0420722376695,1306,1317.7179286567,1379.00462714422
1994-01-02,BOSTON,1994,1,1,5116,2,1310,BOSTON:1994:1:1,35.0921986519694,30.8364501583725,1102,1172.68183419964,1264.29215976745
1994-01-03,BOSTON,1994,2,1,5117,3,1351,BOSTON:1994:1:2,35.0065337112068,54.4575379127532,1511,1489.04495388175,1336.13595291718
1994-01-04,BOSTON,1994,3,1,5118,4,1413,BOSTON:1994:1:3,34.9275159321864,59.5260730873001,1181,1209.76165409666,1232.36352517489
1994-01-05,BOSTON,1994,4,1,5119,5,1449,BOSTON:1994:1:4,34.8551695244265,43.5858427928638,1175,1183.10209904339,1353.45802541975
1994-01-06,BOSTON,1994,5,1,5120,6,1442,BOSTON:1994:1:5,34.7895167245532,26.9523804252039,1331,1356.64285185114,1295.09650190323
1994-01-07,BOSTON,1994,6,1,5121,7,1385,BOSTON:1994:1:6,34.7305777896126,9.79341734842635,1402,1377.65969658325,1308.23085496564
1994-01-08,BOSTON,1994,7,1,5122,8,1386,BOSTON:1994:1:7,34.6783709909681,61.3954672880385,1361,1338.5248553297,1373.2389215331
1994-01-09,BOSTON,1994,1,1,5123,9,1347,BOSTON:1994:1:1,34.6329126087851,60.79483948647,1286,1268.74704434519,1280.38046557143
1994-01-10,BOSTON,1994,2,1,5124,10,1318,BOSTON:1994:1:2,34.594216927105,23.297875370515,1294,1307.13057388717,1312.24483942089
1994-01-11,BOSTON,1994,3,1,5125,11,1387,BOSTON:1994:1:3,34.5622962295092,35.4942036770298,1182,1225.25378274866,1191.96333826415
1994-01-12,BOSTON,1994,4,1,5126,12,1440,BOSTON:1994:1:4,34.5371607953749,34.1126405011929,1451,1399.79598843356,1326.06534235033
1994-01-13,BOSTON,1994,5,1,5127,13,1480,BOSTON:1994:1:5,34.5188188967241,55.0594653463868,1326,1285.18697796703,1315.28051957471
1994-01-14,BOSTON,1994,6,1,5128,14,1452,BOSTON:1994:1:6,34.5072767956662,63.7963351377765,1210,1268.93435380178,1365.51272584309
1994-01-15,BOSTON,1994,7,1,5129,15,1364,BOSTON:1994:1:7,34.5025387424352,40.5477575556683,1347,1304.34907895468,1366.46305255301
1994-01-16,BOSTON,1994,1,1,5130,16,1345,BOSTON:1994:1:1,34.5046069740225,57.1482345682476,1272,1324.95992999932,1251.73425761206
1994-01-17,BOSTON,1994,2,1,5131,17,1358,BOSTON:1994:1:2,34.5134817134047,56.0342054139281,1161,1177.26313758342,1309.40634094748
1994-01-18,BOSTON,1994,3,1,5132,18,1369,BOSTON:1994:1:3,34.5291611693682,19.2392700702766,1099,1110.05832776721,1178.26627935265
1994-01-19,BOSTON,1994,4,1,5133,19,1442,BOSTON:1994:1:4,34.5516415369295,35.1570434854895,1327,1229.80321864102,1318.5949885666
1994-01-20,BOSTON,1994,5,1,5134,20,1437,BOSTON:1994:1:5,34.5809169983509,20.2469778209011,1129,1113.38130213671,1288.23803536385
1994-01-21,BOSTON,1994,6,1,5135,21,1449,BOSTON:1994:1:6,34.6169797247528,60.3506435859269,1463,1392.32930043076,1354.3275032109
1994-01-22,BOSTON,1994,7,1,5136,22,1375,BOSTON:1994:1:7,34.6598198783207,49.5955372421626,1446,1381.86279751317,1381.82784082118
1994-01-23,BOSTON,1994,1,1,5137,23,1309,BOSTON:1994:1:1,34.7094256151069,25.0740170524989,1451,1488.39327348404,1242.6376794261
1994-01-24,BOSTON,1994,2,1,5138,24,1374,BOSTON:1994:1:2,34.7657830884261,69.5579012098303,1170,1198.58562738104,1328.16470794159
1994-01-25,BOSTON,1994,3,1,5139,25,1404,BOSTON:1994:1:3,34.8288764528435,48.8991081065934,1350,1275.63130094456,1209.40685721093
1994-01-26,BOSTON,1994,4,1,5140,26,1419,BOSTON:1994:1:4,34.8986878687552,16.5222104451656,1371,1336.70814185418,1325.88164365894
1994-01-27,BOSTON,1994,5,1,5141,27,1468,BOSTON:1994:1:5,34.9751975075587,45.2999851075246,1418,1427.85935074334,1305.38494315134
1994-01-28,BOSTON,1994,6,1,5142,28,1404,BOSTON:1994:1:6,35.0583835574118,24.1350426361216,1281,1231.92104488837,1327.92891598421
1994-01-29,BOSTON,1994,7,1,5143,29,1382,BOSTON:1994:1:7,35.1482222295797,56.1920505200013,1415,1436.95966887941,1374.46555795363
1994-01-30,BOSTON,1994,1,1,5144,30,1306,BOSTON:1994:1:1,35.2446877653663,22.996638324107,1170,1191.26516145397,1241.95543762193
1994-01-31,BOSTON,1994,2,1,5145,31,1314,BOSTON:1994:1:2,35.34775244363,19.0577607793955,1438,1379.34728056833,1288.04815877444
1994-02-01,BOSTON,1994,3,2,5146,32,1352,BOSTON:1994:2:3,35.4573865888794,5.34206522881663,1089,1097.83630601365,1307.15250110256
1994-02-02,BOSTON,1994,4,2,5147,33,1447,BOSTON:1994:2:4,35.5735585799494,40.5097745296599,1407,1359.78512101348,1403.70353652726
1994-02-03,BOSTON,1994,5,2,5148,34,1412,BOSTON:1994:2:5,35.6962348592516,0.98819378316886,1399,1407.11760003659,1439.07602078832
1994-02-04,BOSTON,1994,6,2,5149,35,1398,BOSTON:1994:2:6,35.8253799425999,20.4884955380672,1297,1284.88279017775,1287.43991627536
1994-02-05,BOSTON,1994,7,2,5150,36,1338,BOSTON:1994:2:7,35.9609564296059,20.5670603313572,1205,1231.27570597965,1394.44599087604
1994-02-06,BOSTON,1994,1,2,5151,37,1344,BOSTON:1994:2:1,36.102925014642,58.3789785550507,1181,1214.72981505667,1339.46299120754
1994-02-07,BOSTON,1994,2,2,5152,38,1301,BOSTON:1994:2:2,36.2512444983696,9.46464627743635,1275,1265.55999753207,1317.98294408501
1994-02-08,BOSTON,1994,3,2,5153,39,1366,BOSTON:1994:2:3,36.4058717998266,19.7573919227868,1570,1496.0186806326,1329.96781904472
1994-02-09,BOSTON,1994,4,2,5154,40,1434,BOSTON:1994:2:4,36.5667619690749,32.3130587948936,1245,1238.14883254756,1400.90706108094
1994-02-10,BOSTON,1994,5,2,5155,41,1493,BOSTON:1994:2:5,36.7338682003994,68.8207806498487,1376,1419.58998991566,1484.345496519
1994-02-11,BOSTON,1994,6,2,5156,42,1399,BOSTON:1994:2:6,36.907141846058,24.1409053671295,1286,1277.23186350801,1297.21795082199
1994-02-12,BOSTON,1994,7,2,5157,43,1377,BOSTON:1994:2:7,37.0865324305776,57.0606553581017,1522,1520.81450623695,1406.92196018527
1994-02-13,BOSTON,1994,1,2,5158,44,1288,BOSTON:1994:2:1,37.2719876655905,11.4790566267042,1498,1496.49245539474,1293.5286480372
1994-02-14,BOSTON,1994,2,2,5159,45,1329,BOSTON:1994:2:2,37.4634534652102,37.0806571068931,1378,1331.24227311828,1299.7298468467
1994-02-15,BOSTON,1994,3,2,5160,46,1385,BOSTON:1994:2:3,37.6608739619377,39.4256137696328,1325,1323.04133803707,1329.78310690481
1994-02-16,BOSTON,1994,4,2,5161,47,1470,BOSTON:1994:2:4,37.8641915230975,64.8932304375768,1632,1603.73062925406,1428.24263598876
1994-02-17,BOSTON,1994,5,2,5162,48,1438,BOSTON:1994:2:5,38.0733467677965,28.3912186433918,1309,1303.84863270233,1442.41888755858
1994-02-18,BOSTON,1994,6,2,5163,49,1409,BOSTON:1994:2:6,38.2882785843998,35.9288097010307,1311,1329.16471154784,1270.75107350244
1994-02-19,BOSTON,1994,7,2,5164,50,1346,BOSTON:1994:2:7,38.5089241485226,34.3143681488114,1433,1409.53948515591,1365.4975732984
1994-02-20,BOSTON,1994,1,2,5165,51,1330,BOSTON:1994:2:1,38.7352189415262,53.6712486267218,1299,1266.92444742486,1302.29458640645
1994-02-21,BOSTON,1994,2,2,5166,52,1291,BOSTON:1994:2:2,38.96709676952,7.55011101606196,1126,1168.54975219039,1289.46327852733
1994-02-22,BOSTON,1994,3,2,5167,53,1396,BOSTON:1994:2:3,39.2044897828574,53.2967353248361,1314,1349.62139457112,1331.09657295174
1994-02-23,BOSTON,1994,4,2,5168,54,1447,BOSTON:1994:2:4,39.4473284961243,50.8906696400192,1362,1311.56289402,1413.1467664129
1994-02-24,BOSTON,1994,5,2,5169,55,1460,BOSTON:1994:2:5,39.6955418086127,51.1661889788211,1735,1667.61171624303,1453.15959513757
1994-02-25,BOSTON,1994,6,2,5170,56,1408,BOSTON:1994:2:6,39.9490570252721,39.9423135862646,1240,1280.86840375129,1278.59105940256
1994-02-26,BOSTON,1994,7,2,5171,57,1330,BOSTON:1994:2:7,40.2077998781367,24.4810678043193,1367,1382.84342733185,1360.13447564638
1994-02-27,BOSTON,1994,1,2,5172,58,1300,BOSTON:1994:2:1,40.4716945482148,31.5948499805024,1234,1221.72029795987,1276.71377434368
1994-02-28,BOSTON,1994,2,2,5173,59,1292,BOSTON:1994:2:2,40.7406636878435,13.1253590473492,1408,1394.9715894,1279.82393053522
1994-03-01,BOSTON,1994,3,3,5174,60,1356,BOSTON:1994:3:3,41.0146284434931,23.8619774771841,1438,1410.39758119793,1253.51970510394
1994-03-02,BOSTON,1994,4,3,5175,61,1390,BOSTON:1994:3:4,41.2935084790193,9.53612884378212,1235,1244.53720387112,1344.66229160607
1994-03-03,BOSTON,1994,5,3,5176,62,1439,BOSTON:1994:3:5,41.5772219993574,39.4497838420262,1386,1413.62835051339,1321.83512782094
1994-03-04,BOSTON,1994,6,3,5177,63,1389,BOSTON:1994:3:6,41.865685774646,29.5518769851693,1286,1305.2306778001,1348.42590541909
1994-03-05,BOSTON,1994,7,3,5178,64,1320,BOSTON:1994:3:7,42.1588151647807,21.857928428995,1225,1325.47649221438,1305.32446222804
1994-03-06,BOSTON,1994,1,3,5179,65,1325,BOSTON:1994:3:1,42.4565241443822,60.1407108344035,1227,1256.77546518022,1264.5755896635
1994-03-07,BOSTON,1994,2,3,5180,66,1298,BOSTON:1994:3:2,42.7587253281792,24.8300122709891,1359,1295.55917901953,1363.9225527052
1994-03-08,BOSTON,1994,3,3,5181,67,1363,BOSTON:1994:3:3,43.0653299967939,36.4530079201045,1289,1274.62952037434,1262.41564696021
1994-03-09,BOSTON,1994,4,3,5182,68,1441,BOSTON:1994:3:4,43.3762481229218,57.6140719724657,1502,1503.09679488759,1367.15441724951
1994-03-10,BOSTON,1994,5,3,5183,69,1403,BOSTON:1994:3:5,43.6913883979041,16.7008078577537,1389,1375.94010817964,1302.26785714648
1994-03-11,BOSTON,1994,6,3,5184,70,1368,BOSTON:1994:3:6,44.010658258676,18.4435809325533,1117,1140.06986173488,1321.20494907314
1994-03-12,BOSTON,1994,7,3,5185,71,1378,BOSTON:1994:3:7,44.3339639150919,78.2473400671417,1322,1326.94247937697,1352.54195879697
1994-03-13,BOSTON,1994,1,3,5186,72,1338,BOSTON:1994:3:1,44.6612103776128,78.0353045094812,1252,1264.30123586121,1326.61826121007
1994-03-14,BOSTON,1994,2,3,5187,73,1333,BOSTON:1994:3:2,44.9923014853494,63.0987365733246,1464,1460.20302292424,1440.04635394236
1994-03-15,BOSTON,1994,3,3,5188,74,1327,BOSTON:1994:3:3,45.327139934457,12.4313033953561,1182,1161.35399563396,1285.6894678359
1994-03-16,BOSTON,1994,4,3,5189,75,1459,BOSTON:1994:3:4,45.665627306865,78.8603082309267,1177,1174.31339185661,1417.64607053695
1994-03-17,BOSTON,1994,5,3,5190,76,1453,BOSTON:1994:3:5,46.0076640993437,64.2265883977605,1528,1492.67369082949,1380.84045399532
1994-03-18,BOSTON,1994,6,3,5191,77,1425,BOSTON:1994:3:6,46.3531497528872,73.4740924893974,1546,1536.11365990894,1419.39818276495
1994-03-19,BOSTON,1994,7,3,5192,78,1310,BOSTON:1994:3:7,46.7019826824167,27.2387000614167,1344,1334.63403441069,1331.08221478788
1994-03-20,BOSTON,1994,1,3,5193,79,1277,BOSTON:1994:3:1,47.0540603067848,30.9872620579909,1386,1414.64693899422,1244.13974072369
1994-03-21,BOSTON,1994,2,3,5194,80,1315,BOSTON:1994:3:2,47.4092790790767,54.9171308175594,1349,1376.53004663318,1375.44770400791
1994-03-22,BOSTON,1994,3,3,5195,81,1346,BOSTON:1994:3:3,47.7675345172016,36.5814356347387,1194,1162.68930644181,1268.01269918307
1994-03-23,BOSTON,1994,4,3,5196,82,1433,BOSTON:1994:3:4,48.1287212347584,66.1165716223391,1504,1494.21715723675,1381.50507794072
1994-03-24,BOSTON,1994,5,3,5197,83,1388,BOSTON:1994:3:5,48.492732972175,18.731351990521,1254,1244.21937925336,1304.69005391721
1994-03-25,BOSTON,1994,6,3,5198,84,1419,BOSTON:1994:3:6,48.8594626281041,76.2034872844446,1518,1524.45835919126,1377.97096274778
1994-03-26,BOSTON,1994,7,3,5199,85,1348,BOSTON:1994:3:7,49.2288022910712,68.163355451869,1458,1439.48404034049,1360.05136419112
1994-03-27,BOSTON,1994,1,3,5200,86,1318,BOSTON:1994:3:1,49.6006432713655,76.3895335330342,1286,1283.26308168326,1315.66640840386
1994-03-28,BOSTON,1994,2,3,5201,87,1336,BOSTON:1994:3:2,49.9748761331593,81.3191771143047,1470,1474.92932052103,1462.58338935101
1994-03-29,BOSTON,1994,3,3,5202,88,1338,BOSTON:1994:3:3,50.3513907268548,38.0317446426393,1275,1282.65946611928,1308.36248091361
1994-03-30,BOSTON,1994,4,3,5203,89,1378,BOSTON:1994:3:4,50.7300762216381,28.2362565154962,1457,1484.05193127994,1364.03214265713
1994-03-31,BOSTON,1994,5,3,5204,90,1387,BOSTON:1994:3:5,51.1108211382427,26.6003251426057,1058,1060.71959449826,1305.36650711927
1994-04-01,BOSTON,1994,6,4,5205,91,1347,BOSTON:1994:4:6,51.4935133819019,24.5185568629315,1146,1158.65812157521,1248.92552961407
1994-04-02,BOSTON,1994,7,4,5206,92,1317,BOSTON:1994:4:7,51.8780402754863,49.8675267057923,1284,1266.29092724862,1196.53465685593
1994-04-03,BOSTON,1994,1,4,5207,93,1306,BOSTON:1994:4:1,52.2642885928181,74.0549300459352,1207,1184.4786312224,1308.17029900283
1994-04-04,BOSTON,1994,2,4,5208,94,1323,BOSTON:1994:4:2,52.6521445921453,78.3241145470011,965,982.660070290214,1220.02670851169
1994-04-05,BOSTON,1994,3,4,5209,95,1311,BOSTON:1994:4:3,53.0414940497747,22.5704330938777,1216,1170.05579426059,1254.41909296446
1994-04-06,BOSTON,1994,4,4,5210,96,1417,BOSTON:1994:4:4,53.432222293846,69.6691760454957,1533,1621.98151019814,1442.1390622418
1994-04-07,BOSTON,1994,5,4,5211,97,1450,BOSTON:1994:4:5,53.8242142382412,86.9113014256916,1301,1272.47378149273,1207.30934707584
1994-04-08,BOSTON,1994,6,4,5212,98,1356,BOSTON:1994:4:6,54.2173544166208,40.9955582500034,1358,1354.91353027575,1310.25744108
1994-04-09,BOSTON,1994,7,4,5213,99,1330,BOSTON:1994:4:7,54.6115270165699,69.7584770598421,1283,1241.91910519303,1241.93671757339
1994-04-10,BOSTON,1994,1,4,5214,100,1282,BOSTON:1994:4:1,55.0066159138535,61.6707467622203,1216,1252.14469552197,1307.33645147121
1994-04-11,BOSTON,1994,2,4,5215,101,1252,BOSTON:1994:4:2,55.4025047067615,23.4252611715409,1225,1188.49471055988,1162.2769481184
1994-04-12,BOSTON,1994,3,4,5216,102,1334,BOSTON:1994:4:3,55.7990767505415,52.2386576655715,1233,1259.04080166346,1245.36837921141
1994-04-13,BOSTON,1994,4,4,5217,103,1401,BOSTON:1994:4:4,56.1962151919026,65.903452890506,1397,1320.20942491219,1425.44758166853
1994-04-14,BOSTON,1994,5,4,5218,104,1427,BOSTON:1994:4:5,56.5938030035834,77.6410597555007,1113,1108.13819386426,1178.835401001
1994-04-15,BOSTON,1994,6,4,5219,105,1368,BOSTON:1994:4:6,56.9917230189757,59.9236201120519,1237,1319.47452808887,1298.50398776484
1994-04-16,BOSTON,1994,7,4,5220,106,1335,BOSTON:1994:4:7,57.3898579667867,84.117234318851,1353,1328.52964904325,1256.7941878185
1994-04-17,BOSTON,1994,1,4,5221,107,1231,BOSTON:1994:4:1,57.7880905057394,23.2630877849736,1271,1254.44484423987,1288.6010810369
1994-04-18,BOSTON,1994,2,4,5222,108,1276,BOSTON:1994:4:2,58.1863032592917,54.4640399431335,1385,1422.47157222733,1175.81173986483
1994-04-19,BOSTON,1994,3,4,5223,109,1330,BOSTON:1994:4:3,58.5843788503685,57.4157942060397,1261,1287.95810530049,1261.60859086822
1994-04-20,BOSTON,1994,4,4,5224,110,1406,BOSTON:1994:4:4,58.9821999360982,79.511103881913,1465,1403.14079939807,1470.06932765268
1994-04-21,BOSTON,1994,5,4,5225,111,1375,BOSTON:1994:4:5,59.3796492425373,43.8756496726183,1129,1149.30436486023,1157.84765460719
1994-04-22,BOSTON,1994,6,4,5226,112,1364,BOSTON:1994:4:6,59.7766095993806,66.1151307274353,1354,1326.56889750815,1284.10099783791
1994-04-23,BOSTON,1994,7,4,5227,113,1274,BOSTON:1994:4:7,60.1729639746379,38.2951297598089,1049,1042.84740895865,1191.55498949541
1994-04-24,BOSTON,1994,1,4,5228,114,1284,BOSTON:1994:4:1,60.5685955092766,82.0783179129929,1529,1521.50351611997,1318.8921684853
1994-04-25,BOSTON,1994,2,4,5229,115,1280,BOSTON:1994:4:2,60.9633875518117,67.5670063375507,1192,1200.26561153866,1208.8846035023
1994-04-26,BOSTON,1994,3,4,5230,116,1305,BOSTON:1994:4:3,61.3572236928362,45.4210323244538,1308,1303.53904591344,1256.60393695666
1994-04-27,BOSTON,1994,4,4,5231,117,1399,BOSTON:1994:4:4,61.7499877994848,82.9309275111151,1415,1432.0151019296,1472.34402844046
1994-04-28,BOSTON,1994,5,4,5232,118,1394,BOSTON:1994:4:5,62.1415640498131,69.485029845088,1185,1199.62692909165,1184.00759731671
1994-04-29,BOSTON,1994,6,4,5233,119,1386,BOSTON:1994:4:6,62.5318369670922,94.5860244199784,1425,1459.7557543455,1378.21204370436
1994-04-30,BOSTON,1994,7,4,5234,120,1266,BOSTON:1994:4:7,62.9206914539964,40.4233406732374,1162,1129.68021992097,1244.17944825552
1994-05-01,BOSTON,1994,1,5,5235,121,1217,BOSTON:1994:5:1,63.3080128266874,28.6046628945905,1231,1254.35282401369,1249.7538824207
1994-05-02,BOSTON,1994,2,5,5236,122,1256,BOSTON:1994:5:2,63.6936868487727,54.7169599465896,1108,1149.60835637465,1190.09262453847
1994-05-03,BOSTON,1994,3,5,5237,123,1338,BOSTON:1994:5:3,64.0775997651354,83.0786919285156,1233,1223.24149231544,1320.71477608923
1994-05-04,BOSTON,1994,4,5,5238,124,1372,BOSTON:1994:5:4,64.4596383356246,69.5785888106319,1417,1395.73817282062,1306.58090227214
1994-05-05,BOSTON,1994,5,5,5239,125,1351,BOSTON:1994:5:5,64.8396898685924,41.7718530954763,1384,1353.36390692862,1312.99196033896
1994-05-06,BOSTON,1994,6,5,5240,126,1309,BOSTON:1994:5:6,65.217642254274,36.4753224477951,1165,1227.89353865983,1296.57740151273
1994-05-07,BOSTON,1994,7,5,5241,127,1313,BOSTON:1994:5:7,65.5933839979942,91.9292694202984,1202,1198.9138720538,1218.07510824285
1994-05-08,BOSTON,1994,1,5,5242,128,1221,BOSTON:1994:5:1,65.9668042531945,41.1586303634346,1231,1213.74486655758,1278.39488988361
1994-05-09,BOSTON,1994,2,5,5243,129,1269,BOSTON:1994:5:2,66.3377928542728,75.8071593376631,1197,1236.2060738595,1222.8700669073
1994-05-10,BOSTON,1994,3,5,5244,130,1305,BOSTON:1994:5:3,66.7062403492186,62.9428792230341,1334,1403.05263056885,1298.49271226054
1994-05-11,BOSTON,1994,4,5,5245,131,1394,BOSTON:1994:5:4,67.072038032044,96.8755910344649,1338,1314.69947869486,1345.76317212952
1994-05-12,BOSTON,1994,5,5,5246,132,1380,BOSTON:1994:5:5,67.4350779749911,75.2680631367948,1437,1372.54744779512,1407.03041073378
1994-05-13,BOSTON,1994,6,5,5247,133,1300,BOSTON:1994:5:6,67.7952530605145,37.6300772556462,1642,1619.10686905369,1344.68476919562
1994-05-14,BOSTON,1994,7,5,5248,134,1278,BOSTON:1994:5:7,68.1524570130236,69.3290373806335,1143,1112.71167063032,1199.96793410532
1994-05-15,BOSTON,1994,1,5,5249,135,1254,BOSTON:1994:5:1,68.5065844303773,81.7764701808648,1344,1286.07455734293,1316.15333859046
1994-05-16,BOSTON,1994,2,5,5250,136,1251,BOSTON:1994:5:2,68.8575308151247,67.8009059033992,1316,1286.2419175309,1242.83309934999
1994-05-17,BOSTON,1994,3,5,5251,137,1311,BOSTON:1994:5:3,69.2051926054754,77.329667109041,1253,1236.46487683256,1323.71018294684
1994-05-18,BOSTON,1994,4,5,5252,138,1350,BOSTON:1994:5:4,69.5494672059993,68.0882718097399,1205,1238.84164042906,1290.03171256405
1994-05-19,BOSTON,1994,5,5,5253,139,1392,BOSTON:1994:5:5,69.8902530180387,94.5756804434679,1242,1213.97001198096,1409.07500823468
1994-05-20,BOSTON,1994,6,5,5254,140,1309,BOSTON:1994:5:6,70.2274494698275,53.9635418621827,1190,1133.39679800897,1375.98418443318
1994-05-21,BOSTON,1994,7,5,5255,141,1263,BOSTON:1994:5:7,70.560957046311,64.1623929814358,1197,1216.62011767339,1199.82810352839
1994-05-22,BOSTON,1994,1,5,5256,142,1256,BOSTON:1994:5:1,70.89067731865,91.8638585123445,1388,1431.68966167807,1337.33599956451
1994-05-23,BOSTON,1994,2,5,5257,143,1274,BOSTON:1994:5:2,71.2165129734097,97.3749301107495,1299,1315.90317672144,1311.46337223728
1994-05-24,BOSTON,1994,3,5,5258,144,1298,BOSTON:1994:5:3,71.5383678414164,74.261046461319,1558,1553.34109371353,1383.3210219578
1994-05-25,BOSTON,1994,4,5,5259,145,1331,BOSTON:1994:5:4,71.85614692628,59.8283280769697,1290,1266.64138564876,1307.62421303322
1994-05-26,BOSTON,1994,5,5,5260,146,1363,BOSTON:1994:5:5,72.169756432569,77.6499962988704,1449,1460.19238883646,1382.90262069426
1994-05-27,BOSTON,1994,6,5,5261,147,1308,BOSTON:1994:5:6,72.4791037936321,60.8503699947706,1396,1317.13246658793,1375.75364485306
1994-05-28,BOSTON,1994,7,5,5262,148,1238,BOSTON:1994:5:7,72.7840976990592,48.8787922324446,1260,1248.58813647063,1184.12885412714
1994-05-29,BOSTON,1994,1,5,5263,149,1229,BOSTON:1994:5:1,73.0846481217694,73.7933137646568,1260,1214.82526362661,1272.36188953896
1994-05-30,BOSTON,1994,2,5,5264,150,1206,BOSTON:1994:5:2,73.3806663447235,40.9337806932803,1225,1250.74486421615,1177.74083696604
1994-05-31,BOSTON,1994,3,5,5265,151,1262,BOSTON:1994:5:3,73.6720649872485,48.6455269365149,1202,1202.1443519861,1253.76130674348
1994-06-01,BOSTON,1994,4,6,5266,152,1313,BOSTON:1994:6:4,73.9587580309679,50.9936733534058,1341,1369.47735651957,1305.96888281992
1994-06-02,BOSTON,1994,5,6,5267,153,1336,BOSTON:1994:6:5,74.2406608453326,61.9199249693498,1274,1329.16298554672,1181.25167820552
1994-06-03,BOSTON,1994,6,6,5268,154,1303,BOSTON:1994:6:6,74.517690212739,64.2677863145185,1243,1236.28548367809,1214.1099607812
1994-06-04,BOSTON,1994,7,6,5269,155,1286,BOSTON:1994:6:7,74.7897643532338,100,1304,1251.07772596548,1283.27490527713
1994-06-05,BOSTON,1994,1,6,5270,156,1212,BOSTON:1994:6:1,75.0568029487918,65.0075552280473,1041,1054.15691327839,1305.99242094496
1994-06-06,BOSTON,1994,2,6,5271,157,1268,BOSTON:1994:6:2,75.3187271671646,100,1181,1216.00202962187,1191.83321875885
1994-06-07,BOSTON,1994,3,6,5272,158,1282,BOSTON:1994:6:3,75.5754596852902,74.3450380369294,1330,1282.0615619184,1290.27422966745
1994-06-08,BOSTON,1994,4,6,5273,159,1363,BOSTON:1994:6:4,75.8269247122556,100,1552,1574.04378178974,1491.36556959501
1994-06-09,BOSTON,1994,5,6,5274,160,1330,BOSTON:1994:6:5,76.0730480118109,63.3067007217942,1457,1490.27795738156,1295.66095786958
1994-06-10,BOSTON,1994,6,6,5275,161,1297,BOSTON:1994:6:6,76.3137569244204,64.796480712313,1241,1214.38711787638,1275.66866509345
1994-06-11,BOSTON,1994,7,6,5276,162,1228,BOSTON:1994:6:7,76.548980388852,52.8471707418246,1190,1163.84643894867,1248.30609030233
1994-06-12,BOSTON,1994,1,6,5277,163,1227,BOSTON:1994:6:1,76.7786489632923,85.5244157808843,1435,1449.53224023437,1314.00926556109
1994-06-13,BOSTON,1994,2,6,5278,164,1206,BOSTON:1994:6:2,77.002694845984,54.8413357854283,1015,1024.17632599328,1124.38337615655
1994-06-14,BOSTON,1994,3,6,5279,165,1282,BOSTON:1994:6:3,77.2210518953809,79.9670297730202,1297,1280.10496047749,1235.44798542004
1994-06-15,BOSTON,1994,4,6,5280,166,1304,BOSTON:1994:6:4,77.43365564981,56.1656181457591,1322,1308.23062263666,1352.56264683101
1994-06-16,BOSTON,1994,5,6,5281,167,1309,BOSTON:1994:6:5,77.6404433466399,49.9211576489636,1225,1204.66882157776,1191.76945997922
1994-06-17,BOSTON,1994,6,6,5282,168,1292,BOSTON:1994:6:6,77.8413539409455,65.9598610114124,1116,1086.63419273764,1224.79242189535
1994-06-18,BOSTON,1994,7,6,5283,169,1256,BOSTON:1994:6:7,78.0363281236674,85.1460995434496,1208,1178.29919541614,1254.91147733491
1994-06-19,BOSTON,1994,1,6,5284,170,1228,BOSTON:1994:6:1,78.2253083392573,91.5539314962519,1655,1605.4965102047,1345.21224817339
1994-06-20,BOSTON,1994,2,6,5285,171,1204,BOSTON:1994:6:2,78.4082388028047,57.7502909034967,1163,1182.99636973661,1134.1783654706
1994-06-21,BOSTON,1994,3,6,5286,172,1268,BOSTON:1994:6:3,78.5850655166432,72.6368489926681,1238,1236.53624142,1241.09512367908
1994-06-22,BOSTON,1994,4,6,5287,173,1296,BOSTON:1994:6:4,78.755736286426,53.8658615719993,1301,1301.97170450466,1357.55326921538
1994-06-23,BOSTON,1994,5,6,5288,174,1313,BOSTON:1994:6:5,78.9202007366704,58.4492316929983,1111,1137.60581713364,1208.70018097302
1994-06-24,BOSTON,1994,6,6,5289,175,1322,BOSTON:1994:6:6,79.0784103257639,97.6934403411171,1410,1415.54005177573,1295.42895223068
1994-06-25,BOSTON,1994,7,6,5290,176,1244,BOSTON:1994:6:7,79.2303183604297,77.944220406868,1368,1332.70675772376,1283.50752709131
1994-06-26,BOSTON,1994,1,6,5291,177,1192,BOSTON:1994:6:1,79.3758800096443,61.1404443049437,1134,1144.64863627521,1299.78606532572
1994-06-27,BOSTON,1994,2,6,5292,178,1244,BOSTON:1994:6:2,79.5150523180058,100,1278,1279.71621067037,1186.60503960715
1994-06-28,BOSTON,1994,3,6,5293,179,1267,BOSTON:1994:6:3,79.6477942185483,75.6389633396647,1194,1233.48068369726,1292.18266123156
1994-06-29,BOSTON,1994,4,6,5294,180,1295,BOSTON:1994:6:4,79.7740665449968,56.6705538494719,1392,1399.40877126074,1400.54963153928
1994-06-30,BOSTON,1994,5,6,5295,181,1306,BOSTON:1994:6:5,79.8938320434619,56.4507541290451,1026,1093.7876773056,1215.61772297669
1994-07-01,BOSTON,1994,6,7,5296,182,1335,BOSTON:1994:7:6,80.0070553835681,100,1297,1319.72346188052,1286.33889629915
1994-07-02,BOSTON,1994,7,7,5297,183,1244,BOSTON:1994:7:7,80.1137031690134,81.6751905536196,1334,1343.32896658,1314.37501718897
1994-07-03,BOSTON,1994,1,7,5298,184,1210,BOSTON:1994:7:1,80.2137439475584,81.791073047668,1387,1455.94365745799,1204.52567639089
1994-07-04,BOSTON,1994,2,7,5299,185,1234,BOSTON:1994:7:2,80.3071482204388,93.5205449261258,1193,1167.58855033542,1268.25418883989
1994-07-05,BOSTON,1994,3,7,5300,186,1292,BOSTON:1994:7:3,80.3938884512024,100,1274,1227.01470933555,1335.9762063056
1994-07-06,BOSTON,1994,4,7,5301,187,1334,BOSTON:1994:7:4,80.4739390739638,93.938997686601,1390,1418.16235175276,1463.64049021075
1994-07-07,BOSTON,1994,5,7,5302,188,1361,BOSTON:1994:7:5,80.5472765010783,100,1381,1471.1412335357,1492.79682700467
1994-07-08,BOSTON,1994,6,7,5303,189,1269,BOSTON:1994:7:6,80.6138791302295,55.492952898618,1404,1451.87535005338,1309.36837952961
1994-07-09,BOSTON,1994,7,7,5304,190,1224,BOSTON:1994:7:7,80.6737273509299,64.2408963638974,1234,1251.29806343738,1290.50169606123
1994-07-10,BOSTON,1994,1,7,5305,191,1235,BOSTON:1994:7:1,80.7268035504335,100,1181,1213.0166595305,1245.58760040824
1994-07-11,BOSTON,1994,2,7,5306,192,1208,BOSTON:1994:7:2,80.7730921190561,70.5468241004603,1527,1488.35616553168,1249.7498666634
1994-07-12,BOSTON,1994,3,7,5307,193,1301,BOSTON:1994:7:3,80.8125794549043,100,1274,1304.59075274864,1312.24010241755
1994-07-13,BOSTON,1994,4,7,5308,194,1304,BOSTON:1994:7:4,80.8452539680097,68.7439894185904,1520,1459.60823565972,1362.89636778144
1994-07-14,BOSTON,1994,5,7,5309,195,1341,BOSTON:1994:7:5,80.8711060838686,91.048577293186,1459,1501.9185683505,1414.35906029962
1994-07-15,BOSTON,1994,6,7,5310,196,1297,BOSTON:1994:7:6,80.8901282463852,82.3841285816092,1258,1288.72317203636,1315.52261016644
1994-07-16,BOSTON,1994,7,7,5311,197,1245,BOSTON:1994:7:7,80.9023149202177,85.2819727670932,1464,1522.66670829288,1320.87543581846
1994-07-17,BOSTON,1994,1,7,5312,198,1206,BOSTON:1994:7:1,80.9076625925265,80.8245664184689,1074,1109.54794185723,1224.75721378596
1994-07-18,BOSTON,1994,2,7,5313,199,1220,BOSTON:1994:7:2,80.9061697741239,83.0638929653182,1130,1143.2555700234,1250.86654630984
1994-07-19,BOSTON,1994,3,7,5314,200,1259,BOSTON:1994:7:3,80.8978370000254,72.7174292835984,1435,1444.03278129346,1262.16521653566
1994-07-20,BOSTON,1994,4,7,5315,201,1325,BOSTON:1994:7:4,80.8826668294013,87.9961596209422,1183,1160.80248356387,1377.02366460482
1994-07-21,BOSTON,1994,5,7,5316,202,1311,BOSTON:1994:7:5,80.8606638449305,64.2833158203461,1390,1409.90360312705,1360.75117803793
1994-07-22,BOSTON,1994,6,7,5317,203,1307,BOSTON:1994:7:6,80.8318346515536,91.1007642545975,1336,1358.35541737604,1289.17196025357
1994-07-23,BOSTON,1994,7,7,5318,204,1253,BOSTON:1994:7:7,80.7961878746298,92.4200813688819,1371,1392.49583532764,1329.91186148139
1994-07-24,BOSTON,1994,1,7,5319,205,1210,BOSTON:1994:7:1,80.7537341574938,84.562776555846,1400,1356.59868615567,1230.01567429319
1994-07-25,BOSTON,1994,2,7,5320,206,1204,BOSTON:1994:7:2,80.7044861584162,67.2792990018806,1156,1155.5608697913,1237.12939818313
1994-07-26,BOSTON,1994,3,7,5321,207,1287,BOSTON:1994:7:3,80.6484585469682,97.6855573924352,1225,1251.47507883469,1297.61847474228
1994-07-27,BOSTON,1994,4,7,5322,208,1346,BOSTON:1994:7:4,80.5856679997891,100,1562,1549.06566373284,1451.4394774064
1994-07-28,BOSTON,1994,5,7,5323,209,1320,BOSTON:1994:7:5,80.5161331957618,71.3127225488836,1458,1507.95292507597,1420.09293465642
1994-07-29,BOSTON,1994,6,7,5324,210,1292,BOSTON:1994:7:6,80.4398748105935,76.3269195486403,1195,1196.1617802427,1289.59815375588
1994-07-30,BOSTON,1994,7,7,5325,211,1269,BOSTON:1994:7:7,80.3569155108067,100,1201,1179.30214894698,1348.33598944712
1994-07-31,BOSTON,1994,1,7,5326,212,1201,BOSTON:1994:7:1,80.26727994714,73.8866149126187,1096,1120.628551858,1233.11383512541
1994-08-01,BOSTON,1994,2,8,5327,213,1219,BOSTON:1994:8:2,80.1709947473614,79.1189151438198,1261,1251.10663121503,1251.5755865172
1994-08-02,BOSTON,1994,3,8,5328,214,1270,BOSTON:1994:8:3,80.0680885084965,80.3279220446073,1282,1295.4384783874,1276.14237239043
1994-08-03,BOSTON,1994,4,8,5329,215,1284,BOSTON:1994:8:4,79.958591788473,47.7285153245799,1637,1625.37697739525,1410.99731604999
1994-08-04,BOSTON,1994,5,8,5330,216,1324,BOSTON:1994:8:5,79.8425370971851,72.5124265724041,1394,1387.13620283702,1360.23365362717
1994-08-05,BOSTON,1994,6,8,5331,217,1295,BOSTON:1994:8:6,79.7199588869794,76.9397802320404,1285,1259.40773491964,1246.77906238713
1994-08-06,BOSTON,1994,7,8,5332,218,1248,BOSTON:1994:8:7,79.5908935425648,83.5759275324488,1206,1178.51010612764,1277.61242859726
1994-08-07,BOSTON,1994,1,8,5333,219,1222,BOSTON:1994:8:1,79.4553793703522,91.5352690818105,1203,1173.29263134876,1271.22500810601
1994-08-08,BOSTON,1994,2,8,5334,220,1235,BOSTON:1994:8:2,79.3134565872218,92.0730046985749,1211,1198.13447222752,1267.47029465084
1994-08-09,BOSTON,1994,3,8,5335,221,1302,BOSTON:1994:8:3,79.1651673087275,100,1269,1238.70983480884,1349.17744837571
1994-08-10,BOSTON,1994,4,8,5336,222,1335,BOSTON:1994:8:4,79.0105555367361,90.6331514541696,1413,1456.34631748349,1547.35673414541
1994-08-11,BOSTON,1994,5,8,5337,223,1337,BOSTON:1994:8:5,78.8496671465101,80.5300862027207,1014,1035.64369336913,1461.96899224966
1994-08-12,BOSTON,1994,6,8,5338,224,1286,BOSTON:1994:8:6,78.6825498732334,65.4545156730866,1167,1191.54359778421,1298.74561595829
1994-08-13,BOSTON,1994,7,8,5339,225,1211,BOSTON:1994:8:7,78.5092532979867,45.3422484333238,1337,1349.65147608016,1252.69596292305
1994-08-14,BOSTON,1994,1,8,5340,226,1186,BOSTON:1994:8:1,78.3298288331769,52.4327365285188,1269,1181.5040117949,1192.99578129941
1994-08-15,BOSTON,1994,2,8,5341,227,1225,BOSTON:1994:8:2,78.1443297074211,78.2792606486973,1181,1261.56002106774,1187.90155375575
1994-08-16,BOSTON,1994,3,8,5342,228,1276,BOSTON:1994:8:3,77.9528109498954,78.7174808818548,1138,1174.53403821119,1237.02068811336
1994-08-17,BOSTON,1994,4,8,5343,229,1296,BOSTON:1994:8:4,77.7553293741476,50.8209236994553,1413,1445.99079690176,1375.8181863581
1994-08-18,BOSTON,1994,5,8,5344,230,1319,BOSTON:1994:8:5,77.5519435613827,60.4813101741896,1266,1238.46504586403,1310.67211754374
1994-08-19,BOSTON,1994,6,8,5345,231,1279,BOSTON:1994:8:6,77.3427138432229,53.8581371681134,1337,1305.20855296365,1194.58540062524
1994-08-20,BOSTON,1994,7,8,5346,232,1234,BOSTON:1994:8:7,77.1277022839499,61.6854445042996,1174,1184.18252358313,1207.82584667321
1994-08-21,BOSTON,1994,1,8,5347,233,1191,BOSTON:1994:8:1,76.9069726622334,52.5843320038771,1192,1186.668477243,1161.89865565617
1994-08-22,BOSTON,1994,2,8,5348,234,1224,BOSTON:1994:8:2,76.6805904523493,71.7041513814615,1084,1116.89249794,1155.71859385376
1994-08-23,BOSTON,1994,3,8,5349,235,1258,BOSTON:1994:8:3,76.4486228048991,56.294182269201,1266,1358.5125874884,1185.73791849009
1994-08-24,BOSTON,1994,4,8,5350,236,1297,BOSTON:1994:8:4,76.2111385270273,46.670832560516,1218,1170.53820121182,1338.92829009638
1994-08-25,BOSTON,1994,5,8,5351,237,1374,BOSTON:1994:8:5,75.9682080621516,100,1835,1801.93447166316,1376.12523657432
1994-08-26,BOSTON,1994,6,8,5352,238,1287,BOSTON:1994:8:6,75.7199034692057,55.7123283870787,1188,1244.50316033562,1236.88992102821
1994-08-27,BOSTON,1994,7,8,5353,239,1232,BOSTON:1994:8:7,75.4662984014031,54.6649205671165,1245,1220.91373561445,1223.86576181064
1994-08-28,BOSTON,1994,1,8,5354,240,1207,BOSTON:1994:8:1,75.2074680845288,62.3662394071032,1146,1104.02516812311,1183.88055494252
1994-08-29,BOSTON,1994,2,8,5355,241,1221,BOSTON:1994:8:2,74.9434892947627,63.0650511428556,1292,1272.13924504603,1166.33397122621
1994-08-30,BOSTON,1994,3,8,5356,242,1306,BOSTON:1994:8:3,74.6744403360462,93.5205072165517,1360,1315.06535293302,1266.92157263462
1994-08-31,BOSTON,1994,4,8,5357,243,1342,BOSTON:1994:8:4,74.4004010169909,79.5146928628117,1429,1419.37262038187,1436.89947334811
1994-09-01,BOSTON,1994,5,9,5358,244,1322,BOSTON:1994:9:5,74.1214526273449,50.4697180694108,1425,1403.20535335161,1260.17936188662
1994-09-02,BOSTON,1994,6,9,5359,245,1340,BOSTON:1994:9:6,73.8376779140182,95.773504807914,1273,1258.43930289168,1277.16876966359
1994-09-03,BOSTON,1994,7,9,5360,246,1292,BOSTON:1994:9:7,73.5491610566735,100,1427,1461.25013091739,1325.05314042982
1994-09-04,BOSTON,1994,1,9,5361,247,1208,BOSTON:1994:9:1,73.2559876428958,55.929607968409,1131,1100.83838849716,1175.82667488404
1994-09-05,BOSTON,1994,2,9,5362,248,1258,BOSTON:1994:9:2,72.9582446429394,90.5585379188396,1299,1320.81582675821,1387.36480122277
1994-09-06,BOSTON,1994,3,9,5363,249,1268,BOSTON:1994:9:3,72.656020384068,51.9597191193796,1428,1409.3824946614,1371.80938798352
1994-09-07,BOSTON,1994,4,9,5364,250,1369,BOSTON:1994:9:4,72.3494045244906,95.3964372369837,1220,1200.66471622358,1287.556922194
1994-09-08,BOSTON,1994,5,9,5365,251,1339,BOSTON:1994:9:5,72.0384880269006,58.1794940072172,1297,1288.09320841389,1301.24620854124
1994-09-09,BOSTON,1994,6,9,5366,252,1343,BOSTON:1994:9:6,71.7233631316308,90.3859650691707,1330,1307.84627140686,1278.16667616041
1994-09-10,BOSTON,1994,7,9,5367,253,1238,BOSTON:1994:9:7,71.4041233294247,44.8499737026704,1025,1006.80824193976,1230.0253370248
1994-09-11,BOSTON,1994,1,9,5368,254,1258,BOSTON:1994:9:1,71.0808633338403,95.2064598259259,1210,1251.44370108194,1174.00806348095
1994-09-12,BOSTON,1994,2,9,5369,255,1270,BOSTON:1994:9:2,70.7536790532873,93.2392423636162,1452,1509.68737458288,1415.24405648843
1994-09-13,BOSTON,1994,3,9,5370,256,1325,BOSTON:1994:9:3,70.4226675627112,95.1949540779285,1195,1206.58590223705,1467.8682345307
1994-09-14,BOSTON,1994,4,9,5371,257,1310,BOSTON:1994:9:4,70.0879270749306,36.1068689313856,1161,1211.09700377073,1247.37213119359
1994-09-15,BOSTON,1994,5,9,5372,258,1325,BOSTON:1994:9:5,69.7495569116338,37.4043826702884,1228,1284.88216692869,1254.11186884968
1994-09-16,BOSTON,1994,6,9,5373,259,1312,BOSTON:1994:9:6,69.40765747405,55.3276151518837,1280,1289.41705876578,1217.6612129801
1994-09-17,BOSTON,1994,7,9,5374,260,1260,BOSTON:1994:9:7,69.0623302132946,56.9306654836175,1275,1229.97088082195,1201.34416555653
1994-09-18,BOSTON,1994,1,9,5375,261,1207,BOSTON:1994:9:1,68.7136776004056,38.9477569986204,1140,1167.12644895882,1081.81985547794
1994-09-19,BOSTON,1994,2,9,5376,262,1268,BOSTON:1994:9:2,68.3618030960762,82.9275567068808,1258,1183.44092331848,1294.91239296782
1994-09-20,BOSTON,1994,3,9,5377,263,1268,BOSTON:1994:9:3,68.0068111200903,34.7698579579678,1611,1538.84607393757,1299.35606030422
1994-09-21,BOSTON,1994,4,9,5378,264,1383,BOSTON:1994:9:4,67.6488070204766,90.3330395851196,1226,1300.67943245892,1224.57042307678
1994-09-22,BOSTON,1994,5,9,5379,265,1371,BOSTON:1994:9:5,67.2878970423819,68.0880950562761,1166,1184.44086825194,1281.55003840482
1994-09-23,BOSTON,1994,6,9,5380,266,1357,BOSTON:1994:9:6,66.9241882966814,85.5937248504704,1128,1165.02692207352,1268.86348909024
1994-09-24,BOSTON,1994,7,9,5381,267,1314,BOSTON:1994:9:7,66.5577887283278,97.2181037935068,1340,1326.57504456932,1310.57735699032
1994-09-25,BOSTON,1994,1,9,5382,268,1249,BOSTON:1994:9:1,66.1888070844531,69.1260772685006,1123,1211.04385498341,1172.3454061559
1994-09-26,BOSTON,1994,2,9,5383,269,1294,BOSTON:1994:9:2,65.8173528822331,97.2429965689039,1505,1500.59934311247,1416.4787493195
1994-09-27,BOSTON,1994,3,9,5384,270,1298,BOSTON:1994:9:3,65.4435363765179,52.6296630598909,1290,1302.81527736146,1384.96631718035
1994-09-28,BOSTON,1994,4,9,5385,271,1347,BOSTON:1994:9:4,65.0674685272478,50.1430231724025,1363,1360.83786334294,1210.50052353676
1994-09-29,BOSTON,1994,5,9,5386,272,1417,BOSTON:1994:9:5,64.6892609666534,97.4759047092371,1313,1223.10738479146,1331.91252231658
1994-09-30,BOSTON,1994,6,9,5387,273,1323,BOSTON:1994:9:6,64.3090259662586,46.3130937522965,1265,1283.38087858956,1234.13985210309
1994-10-01,BOSTON,1994,7,10,5388,274,1311,BOSTON:1994:10:7,63.9268764036924,84.9082985099622,1261,1277.35872699163,1395.44003434799
1994-10-02,BOSTON,1994,1,10,5389,275,1238,BOSTON:1994:10:1,63.5429257293168,49.2076542111049,1060,1060.21440752649,1244.86411127173
1994-10-03,BOSTON,1994,2,10,5390,276,1282,BOSTON:1994:10:2,63.157287932687,76.9322800903921,1160,1158.52054952896,1255.40131138174
1994-10-04,BOSTON,1994,3,10,5391,277,1341,BOSTON:1994:10:3,62.7700775088467,81.0528252944075,1189,1223.1013048977,1275.96007825932
1994-10-05,BOSTON,1994,4,10,5392,278,1354,BOSTON:1994:10:4,62.381409424476,46.542530173089,1460,1440.32117189195,1467.47810170879
1994-10-06,BOSTON,1994,5,10,5393,279,1346,BOSTON:1994:10:5,61.9913990838931,27.3559667981707,1381,1382.93151729192,1236.14878870376
1994-10-07,BOSTON,1994,6,10,5394,280,1346,BOSTON:1994:10:6,61.6001622949285,56.1471579328669,1469,1386.89969378721,1381.92963792536
1994-10-08,BOSTON,1994,7,10,5395,281,1304,BOSTON:1994:10:7,61.2078152346773,68.0549995467415,1394,1442.50851966015,1327.74708623024
1994-10-09,BOSTON,1994,1,10,5396,282,1257,BOSTON:1994:10:1,60.8144744151377,56.7661904698343,1139,1161.57496889264,1225.50716966691
1994-10-10,BOSTON,1994,2,10,5397,283,1263,BOSTON:1994:10:2,60.4202566487524,49.3980684229914,1322,1348.76395564213,1193.38773545753
1994-10-11,BOSTON,1994,3,10,5398,284,1330,BOSTON:1994:10:3,60.0252790138556,61.1905264337046,1212,1231.75764882459,1191.11363714287
1994-10-12,BOSTON,1994,4,10,5399,285,1359,BOSTON:1994:10:4,59.6296588200427,40.6216376306772,1443,1443.4283670758,1411.51565836873
1994-10-13,BOSTON,1994,5,10,5400,286,1378,BOSTON:1994:10:5,59.2335135734668,44.4929125987021,1173,1146.11385855818,1214.66746698
1994-10-14,BOSTON,1994,6,10,5401,287,1322,BOSTON:1994:10:6,58.8369609420764,25.406481503101,1149,1171.37598486145,1343.98443005676
1994-10-15,BOSTON,1994,7,10,5402,288,1306,BOSTON:1994:10:7,58.4401187208053,60.4257751256731,1351,1349.8942132518,1289.9401985261
1994-10-16,BOSTON,1994,1,10,5403,289,1263,BOSTON:1994:10:1,58.0431047967179,52.3355324054612,1394,1406.38935043103,1204.54775274797
1994-10-17,BOSTON,1994,2,10,5404,290,1320,BOSTON:1994:10:2,57.6460371141319,90.88189474754,1307,1275.74062453785,1257.54300423079
1994-10-18,BOSTON,1994,3,10,5405,291,1301,BOSTON:1994:10:3,57.2490336397158,25.7187937549742,1273,1222.66765285729,1208.39941772254
1994-10-19,BOSTON,1994,4,10,5406,292,1402,BOSTON:1994:10:4,56.8522123275822,66.5472980640395,1492,1456.26921158826,1461.24930834136
1994-10-20,BOSTON,1994,5,10,5407,293,1404,BOSTON:1994:10:5,56.4556910843827,56.0282212333992,1267,1344.85265293226,1257.0860764766
1994-10-21,BOSTON,1994,6,10,5408,294,1329,BOSTON:1994:10:6,56.059587734411,21.3890254489467,1324,1283.75307302489,1377.17237696741
1994-10-22,BOSTON,1994,7,10,5409,295,1288,BOSTON:1994:10:7,55.6640199847342,33.643407532555,1373,1263.27052493565,1290.6325846129
1994-10-23,BOSTON,1994,1,10,5410,296,1288,BOSTON:1994:10:1,55.2691053903515,64.666668863673,1341,1368.19423899902,1212.09142758798
1994-10-24,BOSTON,1994,2,10,5411,297,1293,BOSTON:1994:10:2,54.8749613194006,56.1680216286542,1071,1104.25819233775,1208.01887093563
1994-10-25,BOSTON,1994,3,10,5412,298,1377,BOSTON:1994:10:3,54.4817049184135,81.8992564233273,1241,1272.84335690752,1239.52686687495
1994-10-26,BOSTON,1994,4,10,5413,299,1414,BOSTON:1994:10:4,54.0894530776388,66.5216045726522,1424,1458.73367170892,1478.75693157465
1994-10-27,BOSTON,1994,5,10,5414,300,1415,BOSTON:1994:10:5,53.6983223964375,54.6620817162943,1140,1104.45034693151,1253.09766783219
1994-10-28,BOSTON,1994,6,10,5415,301,1362,BOSTON:1994:10:6,53.3084291487609,39.8140028107588,1537,1489.35254621032,1375.91355504472
1994-10-29,BOSTON,1994,7,10,5416,302,1313,BOSTON:1994:10:7,52.9198892487263,45.7371416620961,1211,1172.59982191205,1286.24009628749
1994-10-30,BOSTON,1994,1,10,5417,303,1259,BOSTON:1994:10:1,52.5328182162943,28.2635503974037,1138,1074.29339857692,1184.98953872367
1994-10-31,BOSTON,1994,2,10,5418,304,1290,BOSTON:1994:10:2,52.1473311430618,43.7339574967354,1228,1232.66587788267,1173.64907799708
1994-11-01,BOSTON,1994,3,11,5419,305,1335,BOSTON:1994:11:3,51.7635426581821,35.688333621247,1586,1564.94884233126,1542.69947783957
1994-11-02,BOSTON,1994,4,11,5420,306,1446,BOSTON:1994:11:4,51.3815668944155,82.5518500545879,1290,1293.57584759827,1368.9763506012
1994-11-03,BOSTON,1994,5,11,5421,307,1401,BOSTON:1994:11:5,51.00151745433,33.6597455834785,1138,1154.71800587516,1354.0837552475
1994-11-04,BOSTON,1994,6,11,5422,308,1407,BOSTON:1994:11:6,50.623507376652,67.1247082672862,1366,1337.61103871309,1346.18418849418
1994-11-05,BOSTON,1994,7,11,5423,309,1295,BOSTON:1994:11:7,50.2476491027872,19.9854242329846,1438,1401.21647820762,1372.06445610626
1994-11-06,BOSTON,1994,1,11,5424,310,1284,BOSTON:1994:11:1,49.8740544435117,40.8306840024437,1197,1196.15059753188,1295.51080810971
1994-11-07,BOSTON,1994,2,11,5425,311,1286,BOSTON:1994:11:2,49.5028345458508,29.7287818937861,1294,1300.12199671789,1206.08805877675
1994-11-08,BOSTON,1994,3,11,5426,312,1394,BOSTON:1994:11:3,49.1340998601527,75.6628203060836,1544,1499.867456506,1609.90888538227
1994-11-09,BOSTON,1994,4,11,5427,313,1410,BOSTON:1994:11:4,48.7679601073631,43.4004195019968,1149,1134.99276024056,1347.04166731975
1994-11-10,BOSTON,1994,5,11,5428,314,1416,BOSTON:1994:11:5,48.4045242465191,35.8770132500768,1391,1432.70347054377,1334.72206773211
1994-11-11,BOSTON,1994,6,11,5429,315,1388,BOSTON:1994:11:6,48.0439004424616,41.9266783475532,1239,1248.69039379611,1303.70533433828
1994-11-12,BOSTON,1994,7,11,5430,316,1310,BOSTON:1994:11:7,47.6861960337841,23.6339150848211,1186,1233.31837695614,1349.3970375556
1994-11-13,BOSTON,1994,1,11,5431,317,1311,BOSTON:1994:11:1,47.3315175010248,56.3703983898632,1541,1549.70090240669,1298.93959040359
1994-11-14,BOSTON,1994,2,11,5432,318,1337,BOSTON:1994:11:2,46.9799704351072,65.8377328156103,1284,1298.61660401187,1230.59918296029
1994-11-15,BOSTON,1994,3,11,5433,319,1404,BOSTON:1994:11:3,46.6316595060469,74.757652961807,1524,1461.21767781312,1624.65207771702
1994-11-16,BOSTON,1994,4,11,5434,320,1434,BOSTON:1994:11:4,46.2866884319246,53.9972067892686,1210,1246.63120483196,1353.07277686836
1994-11-17,BOSTON,1994,5,11,5435,321,1451,BOSTON:1994:11:5,45.9451599481443,55.0931865970532,1519,1452.92135643088,1350.86908371793
1994-11-18,BOSTON,1994,6,11,5436,322,1417,BOSTON:1994:11:6,45.6071757769748,56.9516683451436,1300,1336.06700376743,1323.60402015732
1994-11-19,BOSTON,1994,7,11,5437,323,1380,BOSTON:1994:11:7,45.272836597394,75.3727980640156,1295,1297.57580187519,1413.92265128124
1994-11-20,BOSTON,1994,1,11,5438,324,1348,BOSTON:1994:11:1,44.942242015239,79.3994859639482,1375,1386.75783554887,1363.51336065435
1994-11-21,BOSTON,1994,2,11,5439,325,1304,BOSTON:1994:11:2,44.6154905336699,27.7116401556669,1049,1086.65029681065,1225.02024345916
1994-11-22,BOSTON,1994,3,11,5440,326,1361,BOSTON:1994:11:3,44.2926795239622,29.6517034544671,1558,1509.96534065452,1558.6695620388
1994-11-23,BOSTON,1994,4,11,5441,327,1469,BOSTON:1994:11:4,43.973905196629,72.7858465879518,1822,1790.40414077849,1361.43304150705
1994-11-24,BOSTON,1994,5,11,5442,328,1436,BOSTON:1994:11:5,43.6592625728871,34.7907684575828,1350,1322.70519755698,1358.3250933016
1994-11-25,BOSTON,1994,6,11,5443,329,1430,BOSTON:1994:11:6,43.3488454564736,58.9970818662346,1408,1441.47624837223,1339.50645701045
1994-11-26,BOSTON,1994,7,11,5444,330,1380,BOSTON:1994:11:7,43.0427464058194,66.8408033142369,1620,1623.21224020516,1403.61585505808
1994-11-27,BOSTON,1994,1,11,5445,331,1286,BOSTON:1994:11:1,42.7410567065927,15.9091960269253,1136,1128.66723488398,1291.03624083186
1994-11-28,BOSTON,1994,2,11,5446,332,1358,BOSTON:1994:11:2,42.4438663446138,66.5620498047004,1266,1310.07469219568,1231.29251479929
1994-11-29,BOSTON,1994,3,11,5447,333,1398,BOSTON:1994:11:3,42.1512639791572,53.0867283897342,1712,1684.1956614535,1588.06999701958
1994-11-30,BOSTON,1994,4,11,5448,334,1399,BOSTON:1994:11:4,41.8633369166412,7.51298446636725,1275,1225.54522501487,1315.47616370559
1994-12-01,BOSTON,1994,5,12,5449,335,1421,BOSTON:1994:12:5,41.5801710847187,14.1342204694989,1512,1505.34296588902,1291.10364222128
1994-12-02,BOSTON,1994,6,12,5450,336,1412,BOSTON:1994:12:6,41.3018510067745,36.2035526284857,1470,1419.47817947307,1495.13402077937
1994-12-03,BOSTON,1994,7,12,5451,337,1386,BOSTON:1994:12:7,41.0284597768346,64.0052159798229,1263,1279.23004687084,1337.07106922917
1994-12-04,BOSTON,1994,1,12,5452,338,1309,BOSTON:1994:12:1,40.7600790349004,29.2287901014258,1300,1296.65926373627,1388.37624245125
1994-12-05,BOSTON,1994,2,12,5453,339,1320,BOSTON:1994:12:2,40.4967889427086,26.1248128772592,1210,1220.97132570517,1261.58277911121
1994-12-06,BOSTON,1994,3,12,5454,340,1426,BOSTON:1994:12:3,40.2386681599301,68.71261454455,1468,1471.86819296716,1376.4987304118
1994-12-07,BOSTON,1994,4,12,5455,341,1439,BOSTON:1994:12:4,39.9857938208095,33.4529448242336,1369,1300.56285484067,1356.57881176547
1994-12-08,BOSTON,1994,5,12,5456,342,1467,BOSTON:1994:12:5,39.7382415112567,44.4740024026011,1108,1167.3717272292,1306.62005810726
1994-12-09,BOSTON,1994,6,12,5457,343,1403,BOSTON:1994:12:6,39.4960852463949,21.8840152405422,1376,1444.66734429088,1477.45498148832
1994-12-10,BOSTON,1994,7,12,5458,344,1335,BOSTON:1994:12:7,39.2593974485713,13.658018231457,1459,1423.18714787299,1276.43864260491
1994-12-11,BOSTON,1994,1,12,5459,345,1304,BOSTON:1994:12:1,39.0282489258396,17.8222790934676,1238,1255.57914846554,1353.50451156554
1994-12-12,BOSTON,1994,2,12,5460,346,1345,BOSTON:1994:12:2,38.8027088509171,40.9107062222666,1169,1175.67572843667,1267.69626554354
1994-12-13,BOSTON,1994,3,12,5461,347,1436,BOSTON:1994:12:3,38.5828447406262,70.4773232475005,1259,1310.78821934926,1400.73726178823
1994-12-14,BOSTON,1994,4,12,5462,348,1446,BOSTON:1994:12:4,38.3687224358247,32.7665039597006,1182,1214.5748664731,1373.74120443311
1994-12-15,BOSTON,1994,5,12,5463,349,1498,BOSTON:1994:12:5,38.160406081829,61.9151550050674,1224,1249.86112900163,1329.2060219806
1994-12-16,BOSTON,1994,6,12,5464,350,1395,BOSTON:1994:12:6,37.9579581093413,8.53688780743606,1572,1499.49549873425,1483.65781176268
1994-12-17,BOSTON,1994,7,12,5465,351,1391,BOSTON:1994:12:7,37.7614392158796,55.2775252731737,1118,1081.63393359484,1307.65335780529
1994-12-18,BOSTON,1994,1,12,5466,352,1315,BOSTON:1994:12:1,37.5709083477225,21.1958438540999,1326,1328.60460131984,1369.51150190566
1994-12-19,BOSTON,1994,2,12,5467,353,1350,BOSTON:1994:12:2,37.3864226823694,39.4404754264302,1215,1235.89280663286,1265.25511957693
1994-12-20,BOSTON,1994,3,12,5468,354,1365,BOSTON:1994:12:3,37.208037611524,5.363044543153,1140,1144.74414033466,1339.39257801745
1994-12-21,BOSTON,1994,4,12,5469,355,1482,BOSTON:1994:12:4,37.0358067246054,55.882341590048,1396,1386.19294530795,1365.70548462823
1994-12-22,BOSTON,1994,5,12,5470,356,1509,BOSTON:1994:12:5,36.8697817927907,65.606697118071,1402,1416.17845089107,1344.39857779129
1994-12-23,BOSTON,1994,6,12,5471,357,1457,BOSTON:1994:12:6,36.7100127535966,53.9245767547843,1628,1572.52406626071,1534.19237601681
1994-12-24,BOSTON,1994,7,12,5472,358,1342,BOSTON:1994:12:7,36.5565476960004,8.37539450474684,1574,1638.54989399983,1294.04795159109
1994-12-25,BOSTON,1994,1,12,5473,359,1374,BOSTON:1994:12:1,36.4094328461092,67.6007410208571,1643,1591.93166660627,1395.60774407673
1994-12-26,BOSTON,1994,2,12,5474,360,1326,BOSTON:1994:12:2,36.268712553379,13.7656809400738,1467,1500.24407399558,1266.46583577029
1994-12-27,BOSTON,1994,3,12,5475,361,1433,BOSTON:1994:12:3,36.1344292773877,57.2988249375497,1627,1618.29719071932,1377.3714297839
1994-12-28,BOSTON,1994,4,12,5476,362,1478,BOSTON:1994:12:4,36.0066235751679,47.9953963390386,1523,1552.27322282646,1373.97449917922
1994-12-29,BOSTON,1994,5,12,5477,363,1470,BOSTON:1994:12:5,35.8853340891006,30.1678483674119,1330,1342.11196435483,1304.67169989575
1994-12-30,BOSTON,1994,6,12,5478,364,1461,BOSTON:1994:12:6,35.7705975353762,53.5161531955979,1446,1408.25970533442,1501.5608099468
1994-12-31,BOSTON,1994,7,12,5479,365,1372,BOSTON:1994:12:7,35.6624486930237,29.7072263625019,1088,1113.25213911525,1286.78897876871
1995-01-01,BOSTON,1995,1,1,5480,1,1349,BOSTON:1995:1:1,35.5609203935135,42.1431285016704,1131,1172.64259773922,1248.05735409774
1995-01-02,BOSTON,1995,2,1,5481,2,1341,BOSTON:1995:1:2,35.4660435109355,22.8566877283111,1229,1157.25475348263,1284.48256798254
1995-01-03,BOSTON,1995,3,1,5482,3,1423,BOSTON:1995:1:3,35.3778469527556,45.6315324443808,1202,1201.58841027581,1291.50177521528
1995-01-04,BOSTON,1995,4,1,5483,4,1454,BOSTON:1995:1:4,35.2963576511548,25.3582208556191,1639,1577.69556584681,1454.78788309151
1995-01-05,BOSTON,1995,5,1,5484,5,1514,BOSTON:1995:1:5,35.2216005549506,61.2508120611981,1480,1505.97490371764,1319.26808854229
1995-01-06,BOSTON,1995,6,1,5485,6,1434,BOSTON:1995:1:6,35.1535986221066,28.6051683869815,1338,1393.07483000765,1297.55731846516
1995-01-07,BOSTON,1995,7,1,5486,7,1378,BOSTON:1995:1:7,35.09237281283,32.0004666596988,1311,1302.87146621839,1360.60562058335
1995-01-08,BOSTON,1995,1,1,5487,8,1375,BOSTON:1995:1:1,35.0379420832599,62.2898259099441,1373,1437.93087953681,1272.76573881479
1995-01-09,BOSTON,1995,2,1,5488,9,1370,BOSTON:1995:1:2,34.9903233797483,45.636126692985,1416,1417.16561785585,1313.23158341739
1995-01-10,BOSTON,1995,3,1,5489,10,1372,BOSTON:1995:1:3,34.949531633736,0.645787331139069,1155,1196.13924646803,1282.21676075961
1995-01-11,BOSTON,1995,4,1,5490,11,1482,BOSTON:1995:1:4,34.915579757224,45.8047012398384,1144,1155.71584433942,1467.08157008298
1995-01-12,BOSTON,1995,5,1,5491,12,1460,BOSTON:1995:1:5,34.8884786388423,16.7856145559396,1246,1239.07308833056,1299.57278254495
1995-01-13,BOSTON,1995,6,1,5492,13,1485,BOSTON:1995:1:6,34.8682371405175,67.4566524936108,1307,1355.7111765967,1338.28624845679
1995-01-14,BOSTON,1995,7,1,5493,14,1379,BOSTON:1995:1:7,34.8548620947399,31.1549321756461,1327,1320.7152958787,1393.87686903367
1995-01-15,BOSTON,1995,1,1,5494,15,1359,BOSTON:1995:1:1,34.8483583024308,46.652533809708,1497,1511.17065176219,1272.67622024907
1995-01-16,BOSTON,1995,2,1,5495,16,1327,BOSTON:1995:1:2,34.8487285314108,6.82778320498568,1432,1350.74149009464,1290.03999903458
1995-01-17,BOSTON,1995,3,1,5496,17,1390,BOSTON:1995:1:3,34.8559735154705,14.3267503704848,1417,1428.03529467376,1283.96217727696
1995-01-18,BOSTON,1995,4,1,5497,18,1510,BOSTON:1995:1:4,34.8700919540419,66.1801953686221,1593,1571.2762960403,1508.68459212102
1995-01-19,BOSTON,1995,5,1,5498,19,1490,BOSTON:1995:1:5,34.8910805124725,39.6533253516937,1299,1407.41825070037,1334.42964447567
1995-01-20,BOSTON,1995,6,1,5499,20,1438,BOSTON:1995:1:6,34.9189338229013,28.4448129265916,1182,1234.71045596105,1309.43659284668
1995-01-21,BOSTON,1995,7,1,5500,21,1391,BOSTON:1995:1:7,34.9536444857362,40.5393302213046,1153,1213.27575266294,1373.40434723698
1995-01-22,BOSTON,1995,1,1,5501,22,1317,BOSTON:1995:1:1,34.9952030717335,9.23622978850597,1109,1095.92196333277,1240.59681948482
1995-01-23,BOSTON,1995,2,1,5502,23,1360,BOSTON:1995:1:2,35.0435981246767,34.9013272648801,1134,1131.63715949038,1295.35372287127
1995-01-24,BOSTON,1995,3,1,5503,24,1389,BOSTON:1995:1:3,35.0988161646569,13.1398155087413,1133,1135.38362657921,1288.49317749137
1995-01-25,BOSTON,1995,4,1,5504,25,1448,BOSTON:1995:1:4,35.1608416919512,16.9956544802439,1518,1508.18897162736,1463.44595470062
1995-01-26,BOSTON,1995,5,1,5505,26,1512,BOSTON:1995:1:5,35.2296571914992,56.8249075340061,1261,1280.21601985582,1332.7294844355
1995-01-27,BOSTON,1995,6,1,5506,27,1461,BOSTON:1995:1:6,35.3052431379769,47.8041463426638,1446,1485.15791814039,1327.71984023019
1995-01-28,BOSTON,1995,7,1,5507,28,1424,BOSTON:1995:1:7,35.387578001464,68.2308252507208,1754,1722.32937701894,1417.11316314727
1995-01-29,BOSTON,1995,1,1,5508,29,1317,BOSTON:1995:1:1,35.476638253707,10.1676239961977,1185,1242.44398079986,1260.90386735678
1995-01-30,BOSTON,1995,2,1,5509,30,1356,BOSTON:1995:1:2,35.572398374972,32.1109923955025,1267,1273.17547178225,1294.89212670178
1995-01-31,BOSTON,1995,3,1,5510,31,1414,BOSTON:1995:1:3,35.6748308614885,34.9447278283593,1533,1461.28375602914,1293.82610925803
1995-02-01,BOSTON,1995,4,2,5511,32,1474,BOSTON:1995:2:4,35.7839062334802,38.7670918125492,1356,1394.86991920378,1420.42905581673
1995-02-02,BOSTON,1995,5,2,5512,33,1480,BOSTON:1995:2:5,35.8995930437808,32.8429251752672,1361,1297.25001825229,1375.93612789728
1995-02-03,BOSTON,1995,6,2,5513,34,1417,BOSTON:1995:2:6,36.0218578870332,13.0218575629329,1233,1167.7623758777,1248.07173551522
1995-02-04,BOSTON,1995,7,2,5514,35,1401,BOSTON:1995:2:7,36.1506654094675,51.1894846759507,1366,1336.25555597637,1342.45952002161
1995-02-05,BOSTON,1995,1,2,5515,36,1378,BOSTON:1995:2:1,36.2859783192578,64.7074575686308,1294,1254.09926500071,1299.1078065352
1995-02-06,BOSTON,1995,2,2,5516,37,1341,BOSTON:1995:2:2,36.4277573974512,21.7480171678296,1298,1328.06842035873,1362.48645787148
1995-02-07,BOSTON,1995,3,2,5517,38,1436,BOSTON:1995:2:3,36.5759615094688,55.1297873940606,1469,1407.72653257019,1402.69068198122
1995-02-08,BOSTON,1995,4,2,5518,39,1507,BOSTON:1995:2:4,36.7305476171748,66.8000959139169,1586,1642.9287051239,1453.10096902495
1995-02-09,BOSTON,1995,5,2,5519,40,1439,BOSTON:1995:2:5,36.8914707915072,2.5860680385639,1463,1468.01870394501,1372.53656170528
1995-02-10,BOSTON,1995,6,2,5520,41,1443,BOSTON:1995:2:6,37.0586842256723,37.0923777883997,1508,1549.54163239002,1265.95822428124
1995-02-11,BOSTON,1995,7,2,5521,42,1362,BOSTON:1995:2:7,37.2321392488915,20.3893168512981,1302,1314.95367565485,1337.23285148589
1995-02-12,BOSTON,1995,1,2,5522,43,1340,BOSTON:1995:2:1,37.4117853407043,34.7613798671628,1418,1386.12176930747,1273.57539403631
1995-02-13,BOSTON,1995,2,2,5523,44,1349,BOSTON:1995:2:2,37.597570145817,31.1188515427872,1270,1252.29854478073,1362.61136497315
1995-02-14,BOSTON,1995,3,2,5524,45,1440,BOSTON:1995:2:3,37.7894394894955,61.261270738103,1336,1351.3438582527,1414.58665563692
1995-02-15,BOSTON,1995,4,2,5525,46,1434,BOSTON:1995:2:4,37.9873373934987,12.3600723541329,1467,1374.51316023903,1413.18163868356
1995-02-16,BOSTON,1995,5,2,5526,47,1512,BOSTON:1995:2:5,38.1912060925444,64.0584006561604,1302,1293.86978618442,1401.3773930401
1995-02-17,BOSTON,1995,6,2,5527,48,1431,BOSTON:1995:2:6,38.4009860513071,30.8648175896415,1186,1209.14482823583,1272.50682946318
1995-02-18,BOSTON,1995,7,2,5528,49,1389,BOSTON:1995:2:7,38.616615981939,47.0172948238018,1290,1283.42133906295,1350.9450988879
1995-02-19,BOSTON,1995,1,2,5529,50,1311,BOSTON:1995:2:1,38.8380328621107,12.8340490590172,1085,1087.07545651838,1259.78585044097
1995-02-20,BOSTON,1995,2,2,5530,51,1385,BOSTON:1995:2:2,39.0651719535673,65.7823809849071,1350,1339.22186949587,1380.93283010283
1995-02-21,BOSTON,1995,3,2,5531,52,1420,BOSTON:1995:2:3,39.2979668211916,49.1202015747109,1441,1462.89084691003,1412.22839691654
1995-02-22,BOSTON,1995,4,2,5532,53,1463,BOSTON:1995:2:4,39.5363493525724,40.3758246247957,1304,1271.15884873167,1426.28833647607
1995-02-23,BOSTON,1995,5,2,5533,54,1487,BOSTON:1995:2:5,39.7802497780679,48.9803928913346,1404,1415.04864304202,1380.14991736406
1995-02-24,BOSTON,1995,6,2,5534,55,1477,BOSTON:1995:2:6,40.0295966913634,72.5527884651617,1156,1210.00368072835,1296.46321074
1995-02-25,BOSTON,1995,7,2,5535,56,1399,BOSTON:1995:2:7,40.2843170705121,60.6762037658003,1445,1462.79363640652,1372.36252960968
1995-02-26,BOSTON,1995,1,2,5536,57,1373,BOSTON:1995:2:1,40.5443362994557,71.9742531641824,1347,1271.88165916277,1311.53094898706
1995-02-27,BOSTON,1995,2,2,5537,58,1363,BOSTON:1995:2:2,40.8095781900192,52.1119091030414,1569,1523.41837424184,1380.9693470557
1995-02-28,BOSTON,1995,3,2,5538,59,1400,BOSTON:1995:2:3,41.0799650043701,37.9836541960468,1372,1342.63976312751,1388.49426545532
1995-03-01,BOSTON,1995,4,3,5539,60,1497,BOSTON:1995:3:4,41.3554174779397,72.4735500454385,1791,1731.7623862328,1403.04470998303
1995-03-02,BOSTON,1995,5,3,5540,61,1486,BOSTON:1995:3:5,41.6358548427952,53.495679421073,1464,1467.4136854579,1552.46941814332
1995-03-03,BOSTON,1995,6,3,5541,62,1419,BOSTON:1995:3:6,41.9211948514589,31.4000043520377,1337,1324.4956986702,1306.9862739081
1995-03-04,BOSTON,1995,7,3,5542,63,1358,BOSTON:1995:3:7,42.2113538011679,31.4811072069922,1433,1423.16501835863,1376.82795944355
1995-03-05,BOSTON,1995,1,3,5543,64,1294,BOSTON:1995:3:1,42.5062465585626,8.60156611882587,1322,1299.52798261732,1175.34730676156
1995-03-06,BOSTON,1995,2,3,5544,65,1341,BOSTON:1995:3:2,42.8057865848036,39.3961345337534,1226,1203.70448484873,1346.78579748226
1995-03-07,BOSTON,1995,3,3,5545,66,1400,BOSTON:1995:3:3,43.1098859611025,43.8263657170405,1410,1419.73765712553,1363.67668492079
1995-03-08,BOSTON,1995,4,3,5546,67,1415,BOSTON:1995:3:4,43.4184554146652,12.634503843454,1405,1434.04323114547,1362.61308638498
1995-03-09,BOSTON,1995,5,3,5547,68,1487,BOSTON:1995:3:5,43.7314043450361,60.6787590519717,1504,1472.21091353322,1551.21735108331
1995-03-10,BOSTON,1995,6,3,5548,69,1398,BOSTON:1995:3:6,44.048640850835,19.7679618693856,1326,1289.57312822901,1310.44455507042
1995-03-11,BOSTON,1995,7,3,5549,70,1353,BOSTON:1995:3:7,44.3700717568846,33.4587053598353,1291,1278.40681448517,1391.2040222697
1995-03-12,BOSTON,1995,1,3,5550,71,1318,BOSTON:1995:3:1,44.6956026417113,36.3448504454366,1363,1365.14415487503,1197.34063844251
1995-03-13,BOSTON,1995,2,3,5551,72,1374,BOSTON:1995:3:2,45.0251378654212,74.3813522252895,1477,1475.51802110765,1396.15238362499
1995-03-14,BOSTON,1995,3,3,5552,73,1405,BOSTON:1995:3:3,45.3585805979348,54.9586175408005,1361,1382.15430932411,1393.38728266012
1995-03-15,BOSTON,1995,4,3,5553,74,1479,BOSTON:1995:3:4,45.6958328475758,71.1192032191485,1282,1314.0560300854,1418.18436441754
1995-03-16,BOSTON,1995,5,3,5554,75,1452,BOSTON:1995:3:5,46.036795490008,39.937789782934,1516,1499.3297847063,1541.99632066307
1995-03-17,BOSTON,1995,6,3,5555,76,1439,BOSTON:1995:3:6,46.3813682975043,60.6989266657066,1400,1397.87000955437,1325.74714935684
1995-03-18,BOSTON,1995,7,3,5556,77,1335,BOSTON:1995:3:7,46.7294499685491,25.5389184562924,1458,1426.06133929077,1389.24759345583
1995-03-19,BOSTON,1995,1,3,5557,78,1324,BOSTON:1995:3:1,47.0809381577549,49.027885213158,1057,1068.6108190183,1195.50016812114
1995-03-20,BOSTON,1995,2,3,5558,79,1366,BOSTON:1995:3:2,47.435729506094,75.4213355319984,1183,1213.53548571876,1394.50867122072
1995-03-21,BOSTON,1995,3,3,5559,80,1370,BOSTON:1995:3:3,47.7937196714287,33.1388884021384,1331,1378.25441015434,1369.32241428254
1995-03-22,BOSTON,1995,4,3,5560,81,1424,BOSTON:1995:3:4,48.1548033593347,34.5487417033067,1175,1184.24527196072,1365.74657924777
1995-03-23,BOSTON,1995,5,3,5561,82,1447,BOSTON:1995:3:5,48.5188743542099,43.6032249196583,1821,1807.61045537961,1519.97983495537
1995-03-24,BOSTON,1995,6,3,5562,83,1448,BOSTON:1995:3:6,48.8858255506541,75.9546914924916,1285,1272.8189206683,1349.07342481037
1995-03-25,BOSTON,1995,7,3,5563,84,1368,BOSTON:1995:3:7,49.2555489851178,61.8925609271059,1418,1370.96094676457,1442.72042483863
1995-03-26,BOSTON,1995,1,3,5564,85,1310,BOSTON:1995:3:1,49.6279358678022,45.2733666357109,1038,1051.37386113793,1211.81188666934
1995-03-27,BOSTON,1995,2,3,5565,86,1354,BOSTON:1995:3:2,50.0028766148098,73.3427716085062,1641,1624.36577232121,1389.55314766489
1995-03-28,BOSTON,1995,3,3,5566,87,1359,BOSTON:1995:3:3,50.3802608805289,32.3206158112315,1389,1400.45225462827,1364.61361813704
1995-03-29,BOSTON,1995,4,3,5567,88,1424,BOSTON:1995:3:4,50.7599775902449,42.6099660610302,1267,1289.03536212426,1370.41125997689
1995-03-30,BOSTON,1995,5,3,5568,89,1413,BOSTON:1995:3:5,51.141914972973,24.5605567502165,1368,1375.73564100254,1507.33707515956
1995-03-31,BOSTON,1995,6,3,5569,90,1385,BOSTON:1995:3:6,51.525960594493,32.8520105845137,1238,1219.73203736811,1293.74859685695
1995-04-01,BOSTON,1995,7,4,5570,91,1362,BOSTON:1995:4:7,51.9120013905878,65.0422758125889,1091,1088.0170856586,1288.20038734602
1995-04-02,BOSTON,1995,1,4,5571,92,1348,BOSTON:1995:4:1,52.2999237004664,86.8343876248222,1207,1171.80964477607,1196.4446656807
1995-04-03,BOSTON,1995,2,4,5572,93,1347,BOSTON:1995:4:2,52.6896133003656,75.9413797091592,1209,1207.20062417102,1241.08874843568
1995-04-04,BOSTON,1995,3,4,5573,94,1390,BOSTON:1995:4:3,53.0809554373231,66.9385199304055,1501,1537.24627762461,1463.69726898378
1995-04-05,BOSTON,1995,4,4,5574,95,1428,BOSTON:1995:4:4,53.4738348631044,55.2127630214063,1484,1466.12926188357,1460.91580403679
1995-04-06,BOSTON,1995,5,4,5575,96,1411,BOSTON:1995:4:5,53.8681358682834,31.685339873834,1333,1318.80522019966,1447.39264618181
1995-04-07,BOSTON,1995,6,4,5576,97,1441,BOSTON:1995:4:6,54.2637423164554,88.013670010899,1373,1380.36937578338,1363.79107288595
1995-04-08,BOSTON,1995,7,4,5577,98,1366,BOSTON:1995:4:7,54.6605376785844,77.3452832925356,1483,1498.40735305988,1354.51881574418
1995-04-09,BOSTON,1995,1,4,5578,99,1339,BOSTON:1995:4:1,55.0584050674641,87.8385090163627,1174,1214.7181792626,1231.64074580581
1995-04-10,BOSTON,1995,2,4,5579,100,1316,BOSTON:1995:4:2,55.4572272722874,57.1787898059268,1269,1394.27662247899,1231.3683730197
1995-04-11,BOSTON,1995,3,4,5580,101,1386,BOSTON:1995:4:3,55.8568867933168,72.9423881144425,1252,1261.57475694854,1471.35569509865
1995-04-12,BOSTON,1995,4,4,5581,102,1444,BOSTON:1995:4:4,56.2572658766366,76.9647874363072,1559,1548.79343853334,1517.46415780624
1995-04-13,BOSTON,1995,5,4,5582,103,1431,BOSTON:1995:4:5,56.6582465489884,56.7581345063192,1545,1594.16992874809,1499.7688627077
1995-04-14,BOSTON,1995,6,4,5583,104,1394,BOSTON:1995:4:6,57.0597106526687,58.5055437270633,1323,1295.65835500009,1326.22061927187
1995-04-15,BOSTON,1995,7,4,5584,105,1349,BOSTON:1995:4:7,57.4615398804842,71.7914066730251,1317,1367.95074625553,1308.92668361627
1995-04-16,BOSTON,1995,1,4,5585,106,1293,BOSTON:1995:4:1,57.8636158107554,56.2328565832001,1003,999.201678891413,1155.3393004712
1995-04-17,BOSTON,1995,2,4,5586,107,1291,BOSTON:1995:4:2,58.2658199423523,43.8524023389974,1240,1272.91686874365,1168.321093462
1995-04-18,BOSTON,1995,3,4,5587,108,1362,BOSTON:1995:4:3,58.6680337297598,61.1949919513294,1358,1337.08399880227,1398.2607200118
1995-04-19,BOSTON,1995,4,4,5588,109,1418,BOSTON:1995:4:4,59.070138618153,65.3173543757652,1412,1410.74963479222,1441.00163596491
1995-04-20,BOSTON,1995,5,4,5589,110,1436,BOSTON:1995:4:5,59.4720160784829,70.6801631730679,1570,1554.83138458959,1480.95215069594
1995-04-21,BOSTON,1995,6,4,5590,111,1423,BOSTON:1995:4:6,59.873547642552,91.807946271789,1287,1271.97086101899,1379.27555934286
1995-04-22,BOSTON,1995,7,4,5591,112,1307,BOSTON:1995:4:7,60.2746149380745,44.2377904448712,1479,1473.451652128,1314.30760392942
1995-04-23,BOSTON,1995,1,4,5592,113,1269,BOSTON:1995:4:1,60.6750997237132,44.2071228788437,1157,1123.04260836719,1146.15988491369
1995-04-24,BOSTON,1995,2,4,5593,114,1280,BOSTON:1995:4:2,61.0748839240745,44.0030708934405,1092,1048.49220446674,1169.22178507725
1995-04-25,BOSTON,1995,3,4,5594,115,1346,BOSTON:1995:4:3,61.4738496646612,56.9263445560216,1629,1604.40060298331,1406.68631590627
1995-04-26,BOSTON,1995,4,4,5595,116,1396,BOSTON:1995:4:4,61.8718793067645,56.7409572248842,1403,1435.64376315005,1438.61840219276
1995-04-27,BOSTON,1995,5,4,5596,117,1405,BOSTON:1995:4:5,62.268855482288,54.6647387826297,1420,1427.63443778618,1439.88634041334
1995-04-28,BOSTON,1995,6,4,5597,118,1383,BOSTON:1995:4:6,62.664661128497,67.4251245967618,1392,1396.80734309768,1305.71274849841
1995-04-29,BOSTON,1995,7,4,5598,119,1307,BOSTON:1995:4:7,63.0591795226743,54.1711204132249,1174,1214.2112110829,1278.04650936014
1995-04-30,BOSTON,1995,1,4,5599,120,1270,BOSTON:1995:4:1,63.4522943166825,54.7358234311263,1322,1332.09564040414,1133.4154031237
1995-05-01,BOSTON,1995,2,5,5600,121,1277,BOSTON:1995:5:2,63.843889571412,50.3046156439581,1435,1394.63320031475,1171.52284626255
1995-05-02,BOSTON,1995,3,5,5601,122,1353,BOSTON:1995:5:3,64.2338497911151,72.9399140176866,1169,1104.25156535601,1193.2619887717
1995-05-03,BOSTON,1995,4,5,5602,123,1367,BOSTON:1995:5:4,64.622059957607,41.1469372334129,1187,1159.5549178482,1158.75018442616
1995-05-04,BOSTON,1995,5,5,5603,124,1376,BOSTON:1995:5:5,65.0084055643278,39.4785911109979,1218,1212.29801156266,1336.73893621044
1995-05-05,BOSTON,1995,6,5,5604,125,1335,BOSTON:1995:5:6,65.3927726502581,36.134215325029,1309,1329.1793285955,1272.47075062952
1995-05-06,BOSTON,1995,7,5,5605,126,1277,BOSTON:1995:5:7,65.7750478336695,36.1105218875329,941,951.492032116325,1162.86140842439
1995-05-07,BOSTON,1995,1,5,5606,127,1287,BOSTON:1995:5:1,66.1551183457121,79.4577385293885,1187,1210.81903061938,1215.67870020035
1995-05-08,BOSTON,1995,2,5,5607,128,1322,BOSTON:1995:5:2,66.5328720638156,99.4857371326164,1102,1132.61599715434,1284.5063701446
1995-05-09,BOSTON,1995,3,5,5608,129,1360,BOSTON:1995:5:3,66.9081975449075,87.3853398043861,1283,1333.5150827313,1299.37004630446
1995-05-10,BOSTON,1995,4,5,5609,130,1400,BOSTON:1995:5:4,67.2809840584271,78.1057570743471,1251,1223.31659956737,1269.44264135736
1995-05-11,BOSTON,1995,5,5,5610,131,1415,BOSTON:1995:5:5,67.6511216191319,80.9607155835,1595,1643.0316033069,1482.84194435934
1995-05-12,BOSTON,1995,6,5,5611,132,1349,BOSTON:1995:5:6,68.0185010196877,57.2156360518424,1339,1332.83563047333,1383.03274357503
1995-05-13,BOSTON,1995,7,5,5612,133,1314,BOSTON:1995:5:7,68.3830138630257,78.4668490508595,1280,1297.61062530201,1274.01831986455
1995-05-14,BOSTON,1995,1,5,5613,134,1258,BOSTON:1995:5:1,68.7445525944661,61.0273971924055,1429,1441.52936130119,1237.7929967008
1995-05-15,BOSTON,1995,2,5,5614,135,1249,BOSTON:1995:5:2,69.1030105335912,42.8034512807889,1134,1111.40199568545,1195.36757805484
1995-05-16,BOSTON,1995,3,5,5615,136,1352,BOSTON:1995:5:3,69.4582819058619,89.3248389666028,1142,1140.05787394179,1241.12054741387
1995-05-17,BOSTON,1995,4,5,5616,137,1411,BOSTON:1995:5:4,69.81026187397,95.5760304732008,1289,1336.83621860743,1271.71585475436
1995-05-18,BOSTON,1995,5,5,5617,138,1385,BOSTON:1995:5:5,70.1588465689115,64.3284516987755,1304,1305.44575764626,1454.61513747205
1995-05-19,BOSTON,1995,6,5,5618,139,1367,BOSTON:1995:5:6,70.5039331207784,80.9339886631618,1422,1433.6919363239,1394.97371610809
1995-05-20,BOSTON,1995,7,5,5619,140,1302,BOSTON:1995:5:7,70.8454196892535,76.1775940206689,1302,1278.93263111992,1274.98972159282
1995-05-21,BOSTON,1995,1,5,5620,141,1290,BOSTON:1995:5:1,71.1832054938049,98.7685358571679,1208,1159.22503114964,1331.73055322303
1995-05-22,BOSTON,1995,2,5,5621,142,1263,BOSTON:1995:5:2,71.5171908435668,64.209920327391,1259,1262.19511972167,1280.72788398079
1995-05-23,BOSTON,1995,3,5,5622,143,1314,BOSTON:1995:5:3,71.847277166899,64.601549929585,1406,1400.3142330594,1237.87321533857
1995-05-24,BOSTON,1995,4,5,5623,144,1357,BOSTON:1995:5:4,72.1733670406195,58.7367246187444,1134,1175.55658402562,1204.18095278611
1995-05-25,BOSTON,1995,5,5,5624,145,1352,BOSTON:1995:5:5,72.4953642188953,44.2945053153122,1532,1452.15310862937,1374.80398196499
1995-05-26,BOSTON,1995,6,5,5625,146,1366,BOSTON:1995:5:6,72.8131736617894,88.6665005831407,1355,1438.73087613153,1374.52278968797
1995-05-27,BOSTON,1995,7,5,5626,147,1320,BOSTON:1995:5:7,73.126701563451,100,1494,1544.15181035819,1305.13055011846
1995-05-28,BOSTON,1995,1,5,5627,148,1258,BOSTON:1995:5:1,73.4358553799412,77.3740815535731,1256,1237.61058060541,1294.79774987805
1995-05-29,BOSTON,1995,2,5,5628,149,1238,BOSTON:1995:5:2,73.7405438566898,47.9511511124988,1241,1301.06281266596,1238.87532155425
1995-05-30,BOSTON,1995,3,5,5629,150,1348,BOSTON:1995:5:3,74.0406770555678,100,1271,1276.49577817207,1299.37420217117
1995-05-31,BOSTON,1995,4,5,5630,151,1358,BOSTON:1995:5:4,74.3361663815766,67.0921724519893,1308,1352.09316744099,1264.91036668598
1995-06-01,BOSTON,1995,5,6,5631,152,1348,BOSTON:1995:6:5,74.6269246091363,48.7416562012625,1177,1210.06924177547,1309.34898038649
1995-06-02,BOSTON,1995,6,6,5632,153,1374,BOSTON:1995:6:6,74.9128659079744,100,1538,1553.80003038219,1398.51736112462
1995-06-03,BOSTON,1995,7,6,5633,154,1280,BOSTON:1995:6:7,75.1939058686006,71.4268150749016,1126,1119.31177228147,1279.93077837395
1995-06-04,BOSTON,1995,1,6,5634,155,1243,BOSTON:1995:6:1,75.4699615273623,70.8131804364732,1322,1329.47375052829,1283.67482942736
1995-06-05,BOSTON,1995,2,6,5635,156,1253,BOSTON:1995:6:2,75.740951391076,69.9469418527086,1181,1164.96737381986,1257.17111695381
1995-06-06,BOSTON,1995,3,6,5636,157,1296,BOSTON:1995:6:3,76.0067954612218,62.997893439538,1140,1151.74572547966,1265.84551997943
1995-06-07,BOSTON,1995,4,6,5637,158,1332,BOSTON:1995:6:4,76.2674152576997,51.1526881559453,1529,1499.61038299407,1366.76590020589
1995-06-08,BOSTON,1995,5,6,5638,159,1397,BOSTON:1995:6:5,76.5227338421363,96.8555686745066,1333,1399.30655231613,1332.82675887159
1995-06-09,BOSTON,1995,6,6,5639,160,1364,BOSTON:1995:6:6,76.7726758407357,100,1469,1440.96827738822,1428.57459328278
1995-06-10,BOSTON,1995,7,6,5640,161,1256,BOSTON:1995:6:7,77.0171674666717,55.5250685731671,1298,1299.19507875697,1271.37432995247
1995-06-11,BOSTON,1995,1,6,5641,162,1240,BOSTON:1995:6:1,77.2561365420079,74.2626517902209,1310,1343.06032496189,1274.45364965074
1995-06-12,BOSTON,1995,2,6,5642,163,1236,BOSTON:1995:6:2,77.4895125191463,60.1842405886194,1475,1434.98172097321,1255.0442397742
1995-06-13,BOSTON,1995,3,6,5643,164,1273,BOSTON:1995:6:3,77.7172265017914,48.5230932177553,1230,1258.04259923515,1257.88223308395
1995-06-14,BOSTON,1995,4,6,5644,165,1378,BOSTON:1995:6:4,77.9392112654294,96.7730473985556,1549,1548.57929861246,1439.3777987015
1995-06-15,BOSTON,1995,5,6,5645,166,1349,BOSTON:1995:6:5,78.155401277313,62.5368761415165,1004,1050.43787867154,1307.49487232081
1995-06-16,BOSTON,1995,6,6,5646,167,1332,BOSTON:1995:6:6,78.365732715945,78.7212024796896,1449,1410.63876802072,1356.92167460212
1995-06-17,BOSTON,1995,7,6,5647,168,1247,BOSTON:1995:6:7,78.5701434900597,52.9856713655949,1239,1280.99262734211,1224.04926487707
1995-06-18,BOSTON,1995,1,6,5648,169,1237,BOSTON:1995:6:1,78.7685732570901,77.1750187179497,1280,1245.33583188514,1253.17002937721
1995-06-19,BOSTON,1995,2,6,5649,170,1277,BOSTON:1995:6:2,78.9609634411212,100,1305,1312.37355513178,1325.64586833704
1995-06-20,BOSTON,1995,3,6,5650,171,1264,BOSTON:1995:6:3,79.14725725032,45.1320742951295,1213,1205.55303821497,1279.04759748963
1995-06-21,BOSTON,1995,4,6,5651,172,1392,BOSTON:1995:6:4,79.3273996938386,100,1315,1343.79521630423,1471.68723785208
1995-06-22,BOSTON,1995,5,6,5652,173,1387,BOSTON:1995:6:5,79.5013375981863,99.731851844691,1657,1628.7350781737,1422.57575720067
1995-06-23,BOSTON,1995,6,6,5653,174,1308,BOSTON:1995:6:6,79.6690196230629,62.1862398030789,1343,1335.91344914608,1411.38056338502
1995-06-24,BOSTON,1995,7,6,5654,175,1289,BOSTON:1995:6:7,79.830396276653,96.6670325829054,1457,1527.43739486091,1344.64562679464
1995-06-25,BOSTON,1995,1,6,5655,176,1232,BOSTON:1995:6:1,79.9854199303713,77.4134557991687,1222,1234.20926858544,1322.70149153994
1995-06-26,BOSTON,1995,2,6,5656,177,1213,BOSTON:1995:6:2,80.1340448330594,47.6159760877927,1156,1115.79453826431,1279.13877493986
1995-06-27,BOSTON,1995,3,6,5657,178,1306,BOSTON:1995:6:3,80.2762271246271,87.9873992331656,1542,1531.92181306843,1322.22464944985
1995-06-28,BOSTON,1995,4,6,5658,179,1340,BOSTON:1995:6:4,80.4119248491344,73.4305556270857,1310,1332.55587632095,1425.16906324423
1995-06-29,BOSTON,1995,5,6,5659,180,1401,BOSTON:1995:6:5,80.5410979673115,100,1601,1626.66437293065,1399.75363121622
1995-06-30,BOSTON,1995,6,6,5660,181,1320,BOSTON:1995:6:6,80.6637083685115,76.6448672178291,1199,1194.83335434811,1402.60580760888
1995-07-01,BOSTON,1995,7,7,5661,182,1231,BOSTON:1995:7:7,80.7797198820942,46.4747807787814,1326,1286.98264306672,1279.26979728501
1995-07-02,BOSTON,1995,1,7,5662,183,1198,BOSTON:1995:7:1,80.8890982882347,47.6701046551805,1178,1151.66397467229,1157.60234123416
1995-07-03,BOSTON,1995,2,7,5663,184,1230,BOSTON:1995:7:2,80.991811328157,67.2467141408093,1421,1462.54045894787,1252.71542287433
1995-07-04,BOSTON,1995,3,7,5664,185,1266,BOSTON:1995:7:3,81.087828713787,54.7913971728098,1370,1388.72681733653,1333.582201013
1995-07-05,BOSTON,1995,4,7,5665,186,1315,BOSTON:1995:7:4,81.1771221368225,54.1940735562356,1280,1320.61552211097,1163.94805053297
1995-07-06,BOSTON,1995,5,7,5666,187,1354,BOSTON:1995:7:5,81.2596652772188,77.9030767920337,1253,1234.61191637638,1323.40777770679
1995-07-07,BOSTON,1995,6,7,5667,188,1315,BOSTON:1995:7:6,81.3354338110854,75.0332618166191,1411,1407.34250220117,1317.54524483912
1995-07-08,BOSTON,1995,7,7,5668,189,1249,BOSTON:1995:7:7,81.4044054179936,65.398073450338,1373,1305.76401233243,1260.18856430415
1995-07-09,BOSTON,1995,1,7,5669,190,1223,BOSTON:1995:7:1,81.46655978769,73.8584512485557,1010,1035.46778953573,1168.46382291163
1995-07-10,BOSTON,1995,2,7,5670,191,1247,BOSTON:1995:7:2,81.5218786262169,85.4656393076487,1442,1396.82823748241,1295.37381991538
1995-07-11,BOSTON,1995,3,7,5671,192,1273,BOSTON:1995:7:3,81.5703456614362,62.8630927878628,1360,1373.66768985088,1367.75666874547
1995-07-12,BOSTON,1995,4,7,5672,193,1308,BOSTON:1995:7:4,81.6119466479542,49.9315231702896,1236,1255.7873141221,1186.03580881456
1995-07-13,BOSTON,1995,5,7,5673,194,1395,BOSTON:1995:7:5,81.6466693714483,100,1698,1766.89000059651,1397.40099598777
1995-07-14,BOSTON,1995,6,7,5674,195,1294,BOSTON:1995:7:6,81.6745036523919,57.8581510982606,1365,1418.27619661659,1342.20887944156
1995-07-15,BOSTON,1995,7,7,5675,196,1273,BOSTON:1995:7:7,81.6954413491779,88.7959491151863,1229,1221.00250361342,1323.18905732116
1995-07-16,BOSTON,1995,1,7,5676,197,1263,BOSTON:1995:7:1,81.7094763606393,100,1389,1434.87527111081,1261.78978530125
1995-07-17,BOSTON,1995,2,7,5677,198,1280,BOSTON:1995:7:2,81.7166046279655,100,1405,1417.09009798539,1404.3042979436
1995-07-18,BOSTON,1995,3,7,5678,199,1300,BOSTON:1995:7:3,81.716824136015,88.1169269250631,1362,1368.36634823238,1505.63770359802
1995-07-19,BOSTON,1995,4,7,5679,200,1367,BOSTON:1995:7:4,81.7101349140232,100,1070,1070.55881764753,1351.1305381826
1995-07-20,BOSTON,1995,5,7,5680,201,1323,BOSTON:1995:7:5,81.6965390357053,52.8387619309922,1336,1342.54266388424,1434.18622179309
1995-07-21,BOSTON,1995,6,7,5681,202,1290,BOSTON:1995:7:6,81.6760406187536,53.877621510605,1315,1326.27089457507,1357.34713839442
1995-07-22,BOSTON,1995,7,7,5682,203,1237,BOSTON:1995:7:7,81.6486458237314,55.77640602263,1326,1321.29376232403,1270.972531536
1995-07-23,BOSTON,1995,1,7,5683,204,1210,BOSTON:1995:7:1,81.6143628523601,62.4047805636106,1197,1217.79976962884,1158.06907105208
1995-07-24,BOSTON,1995,2,7,5684,205,1230,BOSTON:1995:7:2,81.5732019452044,70.03761017105,1242,1211.07007077716,1256.02452282572
1995-07-25,BOSTON,1995,3,7,5685,206,1302,BOSTON:1995:7:3,81.5251753787526,89.0563464379885,1490,1480.05968217128,1375.02342664995
1995-07-26,BOSTON,1995,4,7,5686,207,1320,BOSTON:1995:7:4,81.4702974618947,60.2172184442704,1320,1284.52389073352,1204.88560247455
1995-07-27,BOSTON,1995,5,7,5687,208,1339,BOSTON:1995:7:5,81.4085845317989,66.1252170912287,1202,1180.82851695646,1334.00500451008
1995-07-28,BOSTON,1995,6,7,5688,209,1289,BOSTON:1995:7:6,81.3400549491875,52.0016933329411,1216,1192.44661099948,1289.89873731746
1995-07-29,BOSTON,1995,7,7,5689,210,1276,BOSTON:1995:7:7,81.2647290930143,90.9554662073022,1177,1241.05063697847,1297.38004955827
1995-07-30,BOSTON,1995,1,7,5690,211,1258,BOSTON:1995:7:1,81.1826293545432,100,1227,1209.16782470374,1255.07497950466
1995-07-31,BOSTON,1995,2,7,5691,212,1264,BOSTON:1995:7:2,81.0937801308327,99.8601107976728,1084,1097.13545320929,1385.5819364476
1995-08-01,BOSTON,1995,3,8,5692,213,1303,BOSTON:1995:8:3,80.9982078176249,88.300209241293,1531,1469.86172187395,1409.81493943029
1995-08-02,BOSTON,1995,4,8,5693,214,1359,BOSTON:1995:8:4,80.8959408016433,92.317637650345,1533,1583.59184311507,1505.07240892146
1995-08-03,BOSTON,1995,5,8,5694,215,1379,BOSTON:1995:8:5,80.7870094523018,98.0708867100252,1418,1396.03768358096,1401.78822230231
1995-08-04,BOSTON,1995,6,8,5695,216,1319,BOSTON:1995:8:6,80.6714461128248,76.9235760964474,1518,1472.87141676457,1435.68343806578
1995-08-05,BOSTON,1995,7,8,5696,217,1246,BOSTON:1995:8:7,80.5492850907842,60.0552139806325,1184,1251.29048858615,1224.46379837312
1995-08-06,BOSTON,1995,1,8,5697,218,1215,BOSTON:1995:8:1,80.4205626480537,63.6161686199042,1113,1191.03972386344,1221.65718798661
1995-08-07,BOSTON,1995,2,8,5698,219,1241,BOSTON:1995:8:2,80.2853169901852,75.6501298821155,1339,1313.81284120657,1321.74196418767
1995-08-08,BOSTON,1995,3,8,5699,220,1266,BOSTON:1995:8:3,80.1435882552079,52.0486203721276,1294,1286.97399959378,1278.10958312411
1995-08-09,BOSTON,1995,4,8,5700,221,1311,BOSTON:1995:8:4,79.9954185018564,47.3147062643679,1276,1186.03078945416,1314.4381133664
1995-08-10,BOSTON,1995,5,8,5701,222,1372,BOSTON:1995:8:5,79.8408516972293,89.1794568263893,1183,1245.7058577229,1247.59827492181
1995-08-11,BOSTON,1995,6,8,5702,223,1330,BOSTON:1995:8:6,79.6799337038819,82.3196160247598,1361,1391.48708198365,1342.96043893189
1995-08-12,BOSTON,1995,7,8,5703,224,1295,BOSTON:1995:8:7,79.512712266358,100,1220,1199.22488968907,1254.13632902753
1995-08-13,BOSTON,1995,1,8,5704,225,1248,BOSTON:1995:8:1,79.3392369971635,90.6447795411596,1231,1212.77440052446,1296.94350274529
1995-08-14,BOSTON,1995,2,8,5705,226,1247,BOSTON:1995:8:2,79.1595593621865,76.9370657127261,1440,1497.38538007829,1378.71315761988
1995-08-15,BOSTON,1995,3,8,5706,227,1329,BOSTON:1995:8:3,78.9737326655692,100,1407,1440.01777497227,1421.47024577577
1995-08-16,BOSTON,1995,4,8,5707,228,1374,BOSTON:1995:8:4,78.7818120340327,97.9940528273093,1390,1414.71966533255,1527.16501598094
1995-08-17,BOSTON,1995,5,8,5708,229,1355,BOSTON:1995:8:5,78.5838544006645,70.3473999547958,1304,1272.75521551707,1342.31053762232
1995-08-18,BOSTON,1995,6,8,5709,230,1370,BOSTON:1995:8:6,78.3799184881678,100,1589,1569.56028408439,1441.05835683216
1995-08-19,BOSTON,1995,7,8,5710,231,1253,BOSTON:1995:8:7,78.1700647915826,58.1234930562899,1273,1233.00063790611,1228.88851793245
1995-08-20,BOSTON,1995,1,8,5711,232,1275,BOSTON:1995:8:1,77.9543555604796,100,1327,1354.82954405065,1312.66554247849
1995-08-21,BOSTON,1995,2,8,5712,233,1249,BOSTON:1995:8:2,77.7328547806346,74.2970628844441,1506,1455.88877072023,1377.90048969312
1995-08-22,BOSTON,1995,3,8,5713,234,1290,BOSTON:1995:8:3,77.5056281551894,64.2289677221503,1241,1281.35542351315,1323.06051472101
1995-08-23,BOSTON,1995,4,8,5714,235,1386,BOSTON:1995:8:4,77.2727430853004,100,1548,1588.64563756121,1468.26280529789
1995-08-24,BOSTON,1995,5,8,5715,236,1387,BOSTON:1995:8:5,77.0342686502875,91.5740833068878,1266,1287.40346691328,1340.87509148574
1995-08-25,BOSTON,1995,6,8,5716,237,1340,BOSTON:1995:8:6,76.7902755872811,80.777985814074,1160,1170.38680438678,1408.29776616586
1995-08-26,BOSTON,1995,7,8,5717,238,1259,BOSTON:1995:8:7,76.540836270382,58.4300099242901,1230,1327.8107831746,1199.51135466515
1995-08-27,BOSTON,1995,1,8,5718,239,1246,BOSTON:1995:8:1,76.2860246893313,77.9939073912162,1397,1426.28329204677,1236.73376678788
1995-08-28,BOSTON,1995,2,8,5719,240,1277,BOSTON:1995:8:2,76.0259164277039,93.8650129771366,1179,1243.5973312348,1385.6443884946
1995-08-29,BOSTON,1995,3,8,5720,241,1310,BOSTON:1995:8:3,75.7605886406292,75.7503502925885,1310,1297.04860407242,1350.54471695568
1995-08-30,BOSTON,1995,4,8,5721,242,1360,BOSTON:1995:8:4,75.4901200320429,73.8611983714482,1473,1506.28342641011,1405.06165643841
1995-08-31,BOSTON,1995,5,8,5722,243,1375,BOSTON:1995:8:5,75.2145908314828,75.4641687598172,1432,1323.69910685327,1270.4278736713
1995-09-01,BOSTON,1995,6,9,5723,244,1349,BOSTON:1995:9:6,74.9340827704284,82.5875687354121,1222,1221.07843094072,1519.24306987127
1995-09-02,BOSTON,1995,7,9,5724,245,1284,BOSTON:1995:9:7,74.6486790581976,74.1961066249196,1192,1188.93996773121,1391.26098418143
1995-09-03,BOSTON,1995,1,9,5725,246,1227,BOSTON:1995:9:1,74.3584643574034,53.0201003574369,1191,1191.7234842238,1271.63982713099
1995-09-04,BOSTON,1995,2,9,5726,247,1264,BOSTON:1995:9:2,74.0635247589786,74.911901132739,1095,1068.67686140164,1207.26529390546
1995-09-05,BOSTON,1995,3,9,5727,248,1346,BOSTON:1995:9:3,73.7639477567785,100,1471,1477.70595767105,1450.23429997516
1995-09-06,BOSTON,1995,4,9,5728,249,1333,BOSTON:1995:9:4,73.4598222217643,43.7801910244048,1396,1410.09315478668,1284.19373550842
1995-09-07,BOSTON,1995,5,9,5729,250,1379,BOSTON:1995:9:5,73.1512383757805,70.8032051347842,1478,1492.60277396659,1424.00364295411
1995-09-08,BOSTON,1995,6,9,5730,251,1377,BOSTON:1995:9:6,72.8382877649285,98.4510686916776,1654,1638.24574896851,1541.29950195166
1995-09-09,BOSTON,1995,7,9,5731,252,1277,BOSTON:1995:9:7,72.5210632325485,60.468990461655,1427,1422.88045332164,1389.28847683701
1995-09-10,BOSTON,1995,1,9,5732,253,1263,BOSTON:1995:9:1,72.1996588918163,78.8582654187238,1488,1471.13552194257,1324.51874127225
1995-09-11,BOSTON,1995,2,9,5733,254,1267,BOSTON:1995:9:2,71.8741700979603,69.7365362774302,1221,1220.75758632348,1219.20627691376
1995-09-12,BOSTON,1995,3,9,5734,255,1343,BOSTON:1995:9:3,71.5446934201134,89.7217819121977,1577,1527.42374881048,1435.77231926205
1995-09-13,BOSTON,1995,4,9,5735,256,1377,BOSTON:1995:9:4,71.2113266128004,73.34275105194,1200,1211.79997516557,1317.40354409631
1995-09-14,BOSTON,1995,5,9,5736,257,1428,BOSTON:1995:9:5,70.8741685870747,100,1566,1562.18236797749,1511.51320803358
1995-09-15,BOSTON,1995,6,9,5737,258,1391,BOSTON:1995:9:6,70.5333193813128,100,1681,1734.93395998365,1611.31094504922
1995-09-16,BOSTON,1995,7,9,5738,259,1303,BOSTON:1995:9:7,70.1888801316693,75.4385173317007,1763,1683.88668083881,1446.50053628605
1995-09-17,BOSTON,1995,1,9,5739,260,1235,BOSTON:1995:9:1,69.8409530422106,44.1750041436791,1338,1308.73683250327,1310.64175352559
1995-09-18,BOSTON,1995,2,9,5740,261,1257,BOSTON:1995:9:2,69.4896413547263,52.2192686422073,1408,1360.5763324332,1200.74868117658
1995-09-19,BOSTON,1995,3,9,5741,262,1369,BOSTON:1995:9:3,69.1350493182358,100,1219,1249.59356568788,1458.40270073803
1995-09-20,BOSTON,1995,4,9,5742,263,1375,BOSTON:1995:9:4,68.7772821581918,62.321489715762,1125,1175.53952576798,1306.15722744021
1995-09-21,BOSTON,1995,5,9,5743,264,1373,BOSTON:1995:9:5,68.4164460453951,48.7932593080962,1348,1344.35848272026,1397.72800002195
1995-09-22,BOSTON,1995,6,9,5744,265,1349,BOSTON:1995:9:6,68.0526480646289,57.4298511151641,1366,1350.61887088928,1425.2567394562
1995-09-23,BOSTON,1995,7,9,5745,266,1310,BOSTON:1995:9:7,67.6859961830173,72.538401007941,1221,1258.161631244,1336.26342854975
1995-09-24,BOSTON,1995,1,9,5746,267,1234,BOSTON:1995:9:1,67.3165992181255,34.4403894105433,1133,1095.29744023554,1243.199678072
1995-09-25,BOSTON,1995,2,9,5747,268,1247,BOSTON:1995:9:2,66.9445668058024,33.3297464311608,1041,1048.03418484116,1137.77974801166
1995-09-26,BOSTON,1995,3,9,5748,269,1324,BOSTON:1995:9:3,66.5700093677823,55.0518773563762,1388,1378.77616064049,1310.59068002499
1995-09-27,BOSTON,1995,4,9,5749,270,1370,BOSTON:1995:9:4,66.1930380790518,49.1415683930763,1401,1432.08008800627,1214.24549295006
1995-09-28,BOSTON,1995,5,9,5750,271,1365,BOSTON:1995:9:5,65.8137648349895,32.4038794387399,1283,1266.49394483315,1341.7551489951
1995-09-29,BOSTON,1995,6,9,5751,272,1392,BOSTON:1995:9:6,65.4323022182949,84.1815602522261,1620,1581.69619811557,1445.88974367607
1995-09-30,BOSTON,1995,7,9,5752,273,1335,BOSTON:1995:9:7,65.0487634657077,84.7145565856375,1335,1311.69902136399,1374.68657414013
1995-10-01,BOSTON,1995,1,10,5753,274,1292,BOSTON:1995:10:1,64.6632624345362,78.194432321237,1492,1416.02525237312,1354.40990369178
1995-10-02,BOSTON,1995,2,10,5754,275,1257,BOSTON:1995:10:2,64.2759135689957,32.8512215147165,1170,1162.94152954729,1290.71656447237
1995-10-03,BOSTON,1995,3,10,5755,276,1358,BOSTON:1995:10:3,63.8868318663744,75.0383132442666,1462,1433.39539233072,1393.64090623994
1995-10-04,BOSTON,1995,4,10,5756,277,1421,BOSTON:1995:10:4,63.4961328430343,81.8830996223968,1496,1515.56355447679,1321.08927278535
1995-10-05,BOSTON,1995,5,10,5757,278,1398,BOSTON:1995:10:5,63.1039325002531,50.5273055768522,1421,1413.9290383744,1388.34480304363
1995-10-06,BOSTON,1995,6,10,5758,279,1370,BOSTON:1995:10:6,62.7103472899252,55.9890580319405,1501,1483.87157482294,1422.72649093199
1995-10-07,BOSTON,1995,7,10,5759,280,1284,BOSTON:1995:10:7,62.315494080123,29.5990857757185,1213,1218.9316924035,1205.95739842814
1995-10-08,BOSTON,1995,1,10,5760,281,1285,BOSTON:1995:10:1,61.9194901205369,61.3753530296267,1038,1006.4024220309,1274.13619676108
1995-10-09,BOSTON,1995,2,10,5761,282,1272,BOSTON:1995:10:2,61.5224530077995,36.4396963310883,1146,1165.97139711908,1249.67428170988
1995-10-10,BOSTON,1995,3,10,5762,283,1378,BOSTON:1995:10:3,61.1245006507025,82.065590666397,1445,1428.28301767591,1376.16052104741
1995-10-11,BOSTON,1995,4,10,5763,284,1400,BOSTON:1995:10:4,60.7257512353245,54.3636201742921,1121,1115.54164384094,1258.87607008018
1995-10-12,BOSTON,1995,5,10,5764,285,1460,BOSTON:1995:10:5,60.326323190069,90.876754808536,1202,1214.09083973115,1419.57763247566
1995-10-13,BOSTON,1995,6,10,5765,286,1406,BOSTON:1995:10:6,59.9263351506345,76.2300187398471,1414,1402.82226868465,1487.76272275937
1995-10-14,BOSTON,1995,7,10,5766,287,1324,BOSTON:1995:10:7,59.5259059249159,54.9732945422377,1333,1326.18556869717,1263.5854734021
1995-10-15,BOSTON,1995,1,10,5767,288,1317,BOSTON:1995:10:1,59.1251544578572,80.0431773502951,1412,1481.39317011552,1339.76711380421
1995-10-16,BOSTON,1995,2,10,5768,289,1297,BOSTON:1995:10:2,58.7241997962609,49.3652898512572,1225,1264.53836175782,1291.93335820159
1995-10-17,BOSTON,1995,3,10,5769,290,1353,BOSTON:1995:10:3,58.3231610535621,49.9922919912241,1427,1379.50922507598,1358.26365840866
1995-10-18,BOSTON,1995,4,10,5770,291,1432,BOSTON:1995:10:4,57.9221573745868,70.070492743425,1398,1418.17118371274,1258.22922813841
1995-10-19,BOSTON,1995,5,10,5771,292,1426,BOSTON:1995:10:5,57.5213079002923,53.3052032754994,1438,1468.94333820181,1345.88802658348
1995-10-20,BOSTON,1995,6,10,5772,293,1414,BOSTON:1995:10:6,57.1207317325133,72.0031021383437,1474,1489.26071308609,1429.48264864153
1995-10-21,BOSTON,1995,7,10,5773,294,1332,BOSTON:1995:10:7,56.7205478987122,52.1927849124582,1092,1113.41765429605,1223.48568351602
1995-10-22,BOSTON,1995,1,10,5774,295,1315,BOSTON:1995:10:1,56.3208753167527,67.8969075315507,1179,1178.67289269391,1285.61891491896
1995-10-23,BOSTON,1995,2,10,5775,296,1318,BOSTON:1995:10:2,55.9218327597043,57.5363242708406,1396,1383.94735096166,1270.58617277369
1995-10-24,BOSTON,1995,3,10,5776,297,1405,BOSTON:1995:10:3,55.523538820684,83.7745458127521,1062,1100.20810300598,1391.79983326635
1995-10-25,BOSTON,1995,4,10,5777,298,1464,BOSTON:1995:10:4,55.1261118777544,85.7770875027851,1142,1122.19348416221,1318.80542899539
1995-10-26,BOSTON,1995,5,10,5778,299,1481,BOSTON:1995:10:5,54.7296700588789,87.006672076824,1542,1514.43624116848,1449.18953790461
1995-10-27,BOSTON,1995,6,10,5779,300,1382,BOSTON:1995:10:6,54.3343312069519,35.6934041888199,1401,1388.26942678481,1450.0281376598
1995-10-28,BOSTON,1995,7,10,5780,301,1341,BOSTON:1995:10:7,53.9402128449116,49.1413762253184,1296,1280.17606605507,1240.9714446537
1995-10-29,BOSTON,1995,1,10,5781,302,1304,BOSTON:1995:10:1,53.5474321409422,47.8689455986317,1418,1381.50609806019,1285.06787082249
1995-10-30,BOSTON,1995,2,10,5782,303,1298,BOSTON:1995:10:2,53.1561058737845,29.327019790797,1418,1399.53508164952,1252.08962284343
1995-10-31,BOSTON,1995,3,10,5783,304,1382,BOSTON:1995:10:3,52.7663503981539,54.9625886486256,1459,1444.05028295997,1335.13508103869
1995-11-01,BOSTON,1995,4,11,5784,305,1473,BOSTON:1995:11:4,52.3782816102881,82.7233483052965,1397,1387.81412525175,1397.69867910243
1995-11-02,BOSTON,1995,5,11,5785,306,1414,BOSTON:1995:11:5,51.9920149136227,23.3203572144624,1310,1354.67569446103,1420.34973155135
1995-11-03,BOSTON,1995,6,11,5786,307,1427,BOSTON:1995:11:6,51.607665184615,62.5556884242313,1334,1418.0967999212,1395.32348368865
1995-11-04,BOSTON,1995,7,11,5787,308,1329,BOSTON:1995:11:7,51.2253467387212,28.7215778136319,1015,1033.59377705815,1243.89029246059
1995-11-05,BOSTON,1995,1,11,5788,309,1299,BOSTON:1995:11:1,50.8451732965351,33.2459217980669,1069,1122.70127913819,1306.65708335494
1995-11-06,BOSTON,1995,2,11,5789,310,1339,BOSTON:1995:11:2,50.4672579501048,56.0226080134735,1423,1379.65235815982,1379.24190095941
1995-11-07,BOSTON,1995,3,11,5790,311,1355,BOSTON:1995:11:3,50.0917131294303,22.0324388848424,1356,1316.75113257582,1413.93310287315
1995-11-08,BOSTON,1995,4,11,5791,312,1458,BOSTON:1995:11:4,49.7186505691566,61.2921360521064,1183,1213.51436193045,1357.46720801932
1995-11-09,BOSTON,1995,5,11,5792,313,1469,BOSTON:1995:11:5,49.3481812754726,57.767416174811,1628,1586.46832960331,1424.70196829241
1995-11-10,BOSTON,1995,6,11,5793,314,1454,BOSTON:1995:11:6,48.980415493219,75.0817103376303,1464,1465.60347609085,1416.75992259652
1995-11-11,BOSTON,1995,7,11,5794,315,1338,BOSTON:1995:11:7,48.6154626732254,27.5343823645757,1178,1208.06486326819,1249.06180639958
1995-11-12,BOSTON,1995,1,11,5795,316,1312,BOSTON:1995:11:1,48.2534314398751,35.7033410584651,1193,1256.45891942443,1301.67731292073
1995-11-13,BOSTON,1995,2,11,5796,317,1334,BOSTON:1995:11:2,47.8944295589182,41.5740277632441,1281,1275.32597350327,1354.30608739592
1995-11-14,BOSTON,1995,3,11,5797,318,1433,BOSTON:1995:11:3,47.5385639055317,77.4294789259006,1373,1335.04765842729,1474.37913883708
1995-11-15,BOSTON,1995,4,11,5798,319,1413,BOSTON:1995:11:4,47.1859404326449,15.2296026747706,1359,1333.8436814807,1357.29122501045
1995-11-16,BOSTON,1995,5,11,5799,320,1440,BOSTON:1995:11:5,46.8366641395362,25.3915486910949,1341,1360.96765909496,1396.3385073446
1995-11-17,BOSTON,1995,6,11,5800,321,1449,BOSTON:1995:11:6,46.4908390407068,61.8952773333145,1438,1485.26094508324,1389.91241086096
1995-11-18,BOSTON,1995,7,11,5801,322,1335,BOSTON:1995:11:7,46.1485681350489,15.0134639505443,1376,1417.73813484043,1244.71561623994
1995-11-19,BOSTON,1995,1,11,5802,323,1373,BOSTON:1995:11:1,45.8099533753086,79.4963445114519,1447,1412.16430624704,1375.51658921709
1995-11-20,BOSTON,1995,2,11,5803,324,1311,BOSTON:1995:11:2,45.4750956378589,12.282954763406,1540,1521.22481480378,1385.88452697634
1995-11-21,BOSTON,1995,3,11,5804,325,1405,BOSTON:1995:11:3,45.1440946927907,45.7890152752081,1493,1446.36973832114,1447.4621394506
1995-11-22,BOSTON,1995,4,11,5805,326,1493,BOSTON:1995:11:4,44.8170491743254,70.3820527407694,1505,1496.3326160673,1398.22663775918
1995-11-23,BOSTON,1995,5,11,5806,327,1458,BOSTON:1995:11:5,44.4940565515675,30.6070794154324,1486,1531.75773989208,1428.58497745287
1995-11-24,BOSTON,1995,6,11,5807,328,1449,BOSTON:1995:11:6,44.1752130995945,52.5589886299775,1354,1367.77663144653,1388.00418285536
1995-11-25,BOSTON,1995,7,11,5808,329,1384,BOSTON:1995:11:7,43.8606138709047,48.4271313687832,1412,1415.57434355329,1243.33228489734
1995-11-26,BOSTON,1995,1,11,5809,330,1337,BOSTON:1995:11:1,43.5503526672196,39.9184950964932,1575,1540.56590619639,1300.14901450658
1995-11-27,BOSTON,1995,2,11,5810,331,1392,BOSTON:1995:11:2,43.2445220116587,74.2251454017187,1270,1298.5710467035,1394.56748467222
1995-11-28,BOSTON,1995,3,11,5811,332,1402,BOSTON:1995:11:3,42.9432131212902,34.8600801665102,1543,1476.76083741726,1429.22561884144
1995-11-29,BOSTON,1995,4,11,5812,333,1454,BOSTON:1995:11:4,42.646515880065,31.795851924276,1398,1381.91288218174,1331.31625010986
1995-11-30,BOSTON,1995,5,11,5813,334,1523,BOSTON:1995:11:5,42.3545188121469,73.4106707563595,1341,1353.33297659333,1436.02481536203
1995-12-01,BOSTON,1995,6,12,5814,335,1411,BOSTON:1995:12:6,42.0673090556401,13.542839399236,1499,1518.99427785241,1405.01220936222
1995-12-02,BOSTON,1995,7,12,5815,336,1417,BOSTON:1995:12:7,41.7849723367286,68.7456557714646,1392,1432.4113469014,1416.71547437435
1995-12-03,BOSTON,1995,1,12,5816,337,1331,BOSTON:1995:12:1,41.5075929442308,27.3931020640655,1306,1240.53660210409,1354.14751321673
1995-12-04,BOSTON,1995,2,12,5817,338,1335,BOSTON:1995:12:2,41.2352537045764,17.2778968683952,1543,1532.99519511674,1329.37193365351
1995-12-05,BOSTON,1995,3,12,5818,339,1386,BOSTON:1995:12:3,40.9680359572185,13.8011096505461,1061,1108.60257497934,1223.9915767307
1995-12-06,BOSTON,1995,4,12,5819,340,1439,BOSTON:1995:12:4,40.70601953048,11.4537292331804,1365,1378.9787063933,1357.3293411394
1995-12-07,BOSTON,1995,5,12,5820,341,1466,BOSTON:1995:12:5,40.44928271785,21.6791118494756,1449,1378.51784102161,1468.75900736126
1995-12-08,BOSTON,1995,6,12,5821,342,1484,BOSTON:1995:12:6,40.1979022547292,65.475230212758,1358,1411.48628843189,1452.27130865821
1995-12-09,BOSTON,1995,7,12,5822,343,1384,BOSTON:1995:12:7,39.9519532956384,33.8766808496058,1332,1346.84993516665,1406.87029523345
1995-12-10,BOSTON,1995,1,12,5823,344,1371,BOSTON:1995:12:1,39.711509391892,54.584331920597,1590,1581.80941988669,1367.13679923286
1995-12-11,BOSTON,1995,2,12,5824,345,1404,BOSTON:1995:12:2,39.4766424697441,69.569028574842,1104,1095.26548077052,1371.70292658421
1995-12-12,BOSTON,1995,3,12,5825,346,1408,BOSTON:1995:12:3,39.2474228090165,25.5751756897686,1478,1491.46562618723,1230.62540431431
1995-12-13,BOSTON,1995,4,12,5826,347,1503,BOSTON:1995:12:4,39.0239190222097,55.7223161082117,1325,1325.22304193821,1372.50858261911
1995-12-14,BOSTON,1995,5,12,5827,348,1510,BOSTON:1995:12:5,38.8061980341097,49.5941908956972,1575,1573.72898129094,1467.82915268197
1995-12-15,BOSTON,1995,6,12,5828,349,1441,BOSTON:1995:12:6,38.5943250618895,24.9073000722585,1276,1305.41045314476,1387.77639726615
1995-12-16,BOSTON,1995,7,12,5829,350,1357,BOSTON:1995:12:7,38.3883635957177,4.89509020712335,1407,1410.89076253255,1349.73772116939
1995-12-17,BOSTON,1995,1,12,5830,351,1349,BOSTON:1995:12:1,38.1883753798762,29.938511097324,1267,1255.92161294989,1325.77791776484
1995-12-18,BOSTON,1995,2,12,5831,352,1353,BOSTON:1995:12:2,37.9944203943919,20.7030208745013,1252,1212.06513926501,1326.68434086881
1995-12-19,BOSTON,1995,3,12,5832,353,1433,BOSTON:1995:12:3,37.8065568371929,40.0951237371445,1195,1205.59337484379,1239.32039718109
1995-12-20,BOSTON,1995,4,12,5833,354,1502,BOSTON:1995:12:4,37.6248411067876,49.4003391966338,1292,1293.1907100887,1384.80413905313
1995-12-21,BOSTON,1995,5,12,5834,355,1483,BOSTON:1995:12:5,37.4493277854771,22.888078101866,1306,1360.28860130398,1459.08549186712
1995-12-22,BOSTON,1995,6,12,5835,356,1461,BOSTON:1995:12:6,37.2800696231049,35.2457448057455,1371,1373.66057941753,1388.21563786753
1995-12-23,BOSTON,1995,7,12,5836,357,1392,BOSTON:1995:12:7,37.1171175213457,28.6874040719048,1402,1383.18463677442,1357.65707772147
1995-12-24,BOSTON,1995,1,12,5837,358,1331,BOSTON:1995:12:1,36.9605205185425,8.9563931013171,1272,1252.43776154624,1317.11936240436
1995-12-25,BOSTON,1995,2,12,5838,359,1352,BOSTON:1995:12:2,36.8103257750926,14.2843871026133,1446,1458.38677830885,1317.24079888982
1995-12-26,BOSTON,1995,3,12,5839,360,1465,BOSTON:1995:12:3,36.6665785593901,60.8173142720002,1216,1239.35254636033,1256.06262177874
1995-12-27,BOSTON,1995,4,12,5840,361,1489,BOSTON:1995:12:4,36.5293222343258,34.6145965465053,1520,1503.09272999036,1387.35793719454
1995-12-28,BOSTON,1995,5,12,5841,362,1540,BOSTON:1995:12:5,36.3985982443517,62.8304080454944,1570,1617.57444650459,1504.32634809222
1995-12-29,BOSTON,1995,6,12,5842,363,1498,BOSTON:1995:12:6,36.2744461031122,60.1995567007413,1566,1511.60931651153,1436.72444684929
1995-12-30,BOSTON,1995,7,12,5843,364,1378,BOSTON:1995:12:7,36.1569033816448,13.3088026658624,1364,1302.01103382861,1366.01943150091
1995-12-31,BOSTON,1995,1,12,5844,365,1386,BOSTON:1995:12:1,36.0460056971572,51.7676613225415,1270,1253.28275553486,1340.81840737583
1996-01-01,BOSTON,1996,2,1,5845,1,1376,BOSTON:1996:1:2,35.9417867023794,30.7919935687741,1107,1134.71855361641,1162.17901245329
1996-01-02,BOSTON,1996,3,1,5846,2,1446,BOSTON:1996:1:3,35.8442780754991,41.8087363529481,1204,1172.45108513817,1342.45206950154
1996-01-03,BOSTON,1996,4,1,5847,3,1519,BOSTON:1996:1:4,35.7535095106792,54.4779844385554,1530,1539.36526179793,1568.15746135194
1996-01-04,BOSTON,1996,5,1,5848,4,1548,BOSTON:1996:1:5,35.6695087091622,65.4631387489472,1519,1424.23298400991,1550.54894311093
1996-01-05,BOSTON,1996,6,1,5849,5,1498,BOSTON:1996:1:6,35.5923013709642,57.0214341738418,1200,1218.79537042268,1368.08410564073
1996-01-06,BOSTON,1996,7,1,5850,6,1447,BOSTON:1996:1:7,35.5219111871607,66.457521398615,1450,1451.72449729635,1352.57158665273
1996-01-07,BOSTON,1996,1,1,5851,7,1354,BOSTON:1996:1:1,35.458359832766,21.3526790126996,1446,1396.87588919718,1304.96850707608
1996-01-08,BOSTON,1996,2,1,5852,8,1344,BOSTON:1996:1:2,35.4016669602094,0.516209247983746,1093,1042.4292833769,1145.35834333971
1996-01-09,BOSTON,1996,3,1,5853,9,1415,BOSTON:1996:1:3,35.3518501934086,13.6396291884085,1626,1639.67106641686,1330.00258658075
1996-01-10,BOSTON,1996,4,1,5854,10,1520,BOSTON:1996:1:4,35.308925122445,52.3445001891381,1596,1652.6982703929,1586.88911459012
1996-01-11,BOSTON,1996,5,1,5855,11,1524,BOSTON:1996:1:5,35.2729052988378,44.7215862417159,1277,1286.34422177946,1562.78900516045
1996-01-12,BOSTON,1996,6,1,5856,12,1474,BOSTON:1996:1:6,35.2438022314238,35.6383720111701,1299,1299.1968692324,1366.49766225806
1996-01-13,BOSTON,1996,7,1,5857,13,1371,BOSTON:1996:1:7,35.2216253828398,2.15932260529615,1411,1345.51869144724,1312.04906375083
1996-01-14,BOSTON,1996,1,1,5858,14,1336,BOSTON:1996:1:1,35.2063821666107,4.48072159571354,1321,1332.00910618137,1292.02656344865
1996-01-15,BOSTON,1996,2,1,5859,15,1359,BOSTON:1996:1:2,35.1980779448442,12.1706269646912,1119,1160.91809067488,1163.17071685817
1996-01-16,BOSTON,1996,3,1,5860,16,1486,BOSTON:1996:1:3,35.1967160265318,69.7858334496974,1320,1353.36256735492,1406.68527666369
1996-01-17,BOSTON,1996,4,1,5861,17,1525,BOSTON:1996:1:4,35.2022976664582,54.831172945326,2012,2016.31442315273,1636.82484171399
1996-01-18,BOSTON,1996,5,1,5862,18,1515,BOSTON:1996:1:5,35.2148220647175,36.7781162779827,1546,1611.59874357546,1561.53345497384
1996-01-19,BOSTON,1996,6,1,5863,19,1435,BOSTON:1996:1:6,35.2342863668379,3.32894312531397,1589,1595.91209136887,1340.58116344528
1996-01-20,BOSTON,1996,7,1,5864,20,1393,BOSTON:1996:1:7,35.2606856645147,19.1735849631081,1132,1237.0641016169,1310.94716561244
1996-01-21,BOSTON,1996,1,1,5865,21,1342,BOSTON:1996:1:1,35.2940129969506,8.33833095768977,1240,1250.57962310858,1305.76054243697
1996-01-22,BOSTON,1996,2,1,5866,22,1406,BOSTON:1996:1:2,35.3342593528036,50.9250606919344,1232,1176.97342406808,1190.81859663789
1996-01-23,BOSTON,1996,3,1,5867,23,1435,BOSTON:1996:1:3,35.381413672742,28.721673414268,1425,1426.49446226411,1366.13964410336
1996-01-24,BOSTON,1996,4,1,5868,24,1535,BOSTON:1996:1:4,35.4354628526053,62.4463681249326,1472,1468.64794101257,1603.19861836224
1996-01-25,BOSTON,1996,5,1,5869,25,1503,BOSTON:1996:1:5,35.4963917471709,27.187252920145,1863,1807.89774542569,1530.12859675146
1996-01-26,BOSTON,1996,6,1,5870,26,1468,BOSTON:1996:1:6,35.5641831745244,30.5078874792754,1327,1352.18958166177,1339.83706864851
1996-01-27,BOSTON,1996,7,1,5871,27,1374,BOSTON:1996:1:7,35.6388179210329,3.41861753001229,1285,1311.39524267636,1302.43218398301
1996-01-28,BOSTON,1996,1,1,5872,28,1369,BOSTON:1996:1:1,35.7202747469207,32.1931122551111,1202,1187.79182425799,1306.24438704652
1996-01-29,BOSTON,1996,2,1,5873,29,1403,BOSTON:1996:1:2,35.8085303924432,49.4414956246889,1294,1364.9839317829,1183.47333070675
1996-01-30,BOSTON,1996,3,1,5874,30,1470,BOSTON:1996:1:3,35.9035595846611,57.4931097976181,1246,1293.74369517646,1375.72042315142
1996-01-31,BOSTON,1996,4,1,5875,31,1469,BOSTON:1996:1:4,36.0053350448083,11.7516748837601,1341,1265.92021031156,1555.92996398423
1996-02-01,BOSTON,1996,5,2,5876,32,1518,BOSTON:1996:2:5,36.1138274962558,39.7891924273699,1426,1432.62717752018,1434.75613625731
1996-02-02,BOSTON,1996,6,2,5877,33,1469,BOSTON:1996:2:6,36.2290056730667,31.8333680002065,1291,1269.57376494297,1261.61148190329
1996-02-03,BOSTON,1996,7,2,5878,34,1431,BOSTON:1996:2:7,36.3508363291387,52.3589242589426,1209,1240.32056703774,1282.46293177862
1996-02-04,BOSTON,1996,1,2,5879,35,1366,BOSTON:1996:2:1,36.4792842479364,31.0249653589853,1304,1358.16426975553,1352.97116295561
1996-02-05,BOSTON,1996,2,2,5880,36,1382,BOSTON:1996:2:2,36.6143122528035,33.0811601926859,1431,1455.64569607881,1284.89260014314
1996-02-06,BOSTON,1996,3,2,5881,37,1464,BOSTON:1996:2:3,36.7558812178589,54.7446506904356,1428,1502.28272387481,1375.5043233253
1996-02-07,BOSTON,1996,4,2,5882,38,1475,BOSTON:1996:2:4,36.9039500794678,19.1527904813482,1378,1392.37475404222,1450.16075112124
1996-02-08,BOSTON,1996,5,2,5883,39,1509,BOSTON:1996:2:5,37.0584758482881,35.2172167059041,1471,1436.47248977668,1425.20585527968
1996-02-09,BOSTON,1996,6,2,5884,40,1448,BOSTON:1996:2:6,37.2194136218872,18.1723691970814,1316,1271.92920787334,1254.61346069961
1996-02-10,BOSTON,1996,7,2,5885,41,1405,BOSTON:1996:2:7,37.3867165979249,33.6461756129069,1306,1369.50974472807,1266.52595351133
1996-02-11,BOSTON,1996,1,2,5886,42,1404,BOSTON:1996:2:1,37.5603360879007,65.8033378548692,1506,1475.75034457014,1386.4425792237
1996-02-12,BOSTON,1996,2,2,5887,43,1422,BOSTON:1996:2:2,37.7402215314578,69.3110237343718,1228,1237.99449198606,1348.15338723091
1996-02-13,BOSTON,1996,3,2,5888,44,1447,BOSTON:1996:2:3,37.9263205112446,43.9500766558129,1499,1527.56780648643,1399.81162180421
1996-02-14,BOSTON,1996,4,2,5889,45,1509,BOSTON:1996:2:4,38.1185787683239,48.2695894664971,1380,1348.12096636236,1474.05136408429
1996-02-15,BOSTON,1996,5,2,5890,46,1550,BOSTON:1996:2:5,38.3169402181293,69.3420418164815,1458,1545.84344144252,1466.32084875165
1996-02-16,BOSTON,1996,6,2,5891,47,1490,BOSTON:1996:2:6,38.5213469669632,54.8688170548938,1214,1235.10958888116,1291.03995013689
1996-02-17,BOSTON,1996,7,2,5892,48,1445,BOSTON:1996:2:7,38.731739329029,70.2498405835071,1382,1406.64492724384,1310.09017741542
1996-02-18,BOSTON,1996,1,2,5893,49,1383,BOSTON:1996:2:1,38.9480558439975,51.7279830418413,1499,1503.74507114896,1372.60453702542
1996-02-19,BOSTON,1996,2,2,5894,50,1361,BOSTON:1996:2:2,39.1702332950962,22.2588367618454,1247,1288.1391142375,1285.20233724514
1996-02-20,BOSTON,1996,3,2,5895,51,1455,BOSTON:1996:2:3,39.3982067277223,54.5332733533844,1189,1181.6466690967,1378.08697738279
1996-02-21,BOSTON,1996,4,2,5896,52,1491,BOSTON:1996:2:4,39.6319094685689,38.9309544129148,1618,1660.53877731482,1462.85699945181
1996-02-22,BOSTON,1996,5,2,5897,53,1543,BOSTON:1996:2:5,39.8712731452613,68.5140330760694,1361,1351.61414763468,1470.23665342675
1996-02-23,BOSTON,1996,6,2,5898,54,1505,BOSTON:1996:2:6,40.1162277064987,70.5206541037887,1301,1305.82665193346,1314.73510725441
1996-02-24,BOSTON,1996,7,2,5899,55,1401,BOSTON:1996:2:7,40.3667014426907,38.772878994642,1250,1259.48495225214,1287.92093729367
1996-02-25,BOSTON,1996,1,2,5900,56,1359,BOSTON:1996:2:1,40.6226210070895,36.4287344373883,1151,1169.92460424332,1347.98172078882
1996-02-26,BOSTON,1996,2,2,5901,57,1385,BOSTON:1996:2:2,40.8839114374046,47.5994911129151,1304,1338.96356250709,1291.75167538541
1996-02-27,BOSTON,1996,3,2,5902,58,1450,BOSTON:1996:2:3,41.1504961778977,55.6074857963816,1421,1417.26433694682,1383.59707748456
1996-02-28,BOSTON,1996,4,2,5903,59,1531,BOSTON:1996:2:4,41.4222971019518,74.7114858678726,1524,1407.66229327077,1512.93088534498
1996-02-29,BOSTON,1996,5,2,5904,60,1498,BOSTON:1996:2:5,41.6992345351037,39.3074888541606,1531,1545.77353470842,1450.48050628811
1996-03-01,BOSTON,1996,6,3,5905,61,1444,BOSTON:1996:3:6,41.9812272785387,27.84421479033,1487,1435.3648839203,1485.57246077999
1996-03-02,BOSTON,1996,7,3,5906,62,1426,BOSTON:1996:3:7,42.2681926330346,65.119822728427,1198,1196.56835322623,1417.40572489881
1996-03-03,BOSTON,1996,1,3,5907,63,1393,BOSTON:1996:3:1,42.5600464233541,70.6755266302609,1411,1428.2414054619,1297.27415569425
1996-03-04,BOSTON,1996,2,3,5908,64,1382,BOSTON:1996:3:2,42.8567030230738,50.8402368236534,1141,1161.06788263734,1284.16941128482
1996-03-05,BOSTON,1996,3,3,5909,65,1408,BOSTON:1996:3:3,43.1580753798423,27.1910410106009,1362,1331.28453617262,1267.24519175731
1996-03-06,BOSTON,1996,4,3,5910,66,1477,BOSTON:1996:3:4,43.4640750410661,38.7748169950836,1328,1365.8494928839,1381.75744957483
1996-03-07,BOSTON,1996,5,3,5911,67,1537,BOSTON:1996:3:5,43.7746121800059,75.7212106390411,1353,1359.3605759052,1423.63552558014
1996-03-08,BOSTON,1996,6,3,5912,68,1457,BOSTON:1996:3:6,44.0895956222859,44.7406029751484,1561,1554.88677309012,1527.55841983856
1996-03-09,BOSTON,1996,7,3,5913,69,1373,BOSTON:1996:3:7,44.4089328727998,27.0927875859045,1370,1309.92847987436,1396.78915120326
1996-03-10,BOSTON,1996,1,3,5914,70,1347,BOSTON:1996:3:1,44.7325301430103,38.4559830374931,1282,1347.42375764114,1244.97801644504
1996-03-11,BOSTON,1996,2,3,5915,71,1344,BOSTON:1996:3:2,45.0602923786341,24.6004023087285,1285,1267.44879502772,1238.79533616157
1996-03-12,BOSTON,1996,3,3,5916,72,1422,BOSTON:1996:3:3,45.3921232877002,45.6435675329231,1229,1228.26070134514,1272.02411814718
1996-03-13,BOSTON,1996,4,3,5917,73,1508,BOSTON:1996:3:4,45.7279253689793,70.2274234578234,1546,1516.77640728235,1428.32561835429
1996-03-14,BOSTON,1996,5,3,5918,74,1448,BOSTON:1996:3:5,46.0675999407692,12.6140249219758,1310,1277.73587118537,1384.96900687356
1996-03-15,BOSTON,1996,6,3,5919,75,1480,BOSTON:1996:3:6,46.4110471700344,69.7007787386912,1537,1550.0379883686,1539.5490139993
1996-03-16,BOSTON,1996,7,3,5920,76,1368,BOSTON:1996:3:7,46.7581661018857,29.626644621262,1759,1674.71798168619,1416.27899495761
1996-03-17,BOSTON,1996,1,3,5921,77,1366,BOSTON:1996:3:1,47.1088546893932,61.7687278387509,1350,1357.54503559211,1283.46357838033
1996-03-18,BOSTON,1996,2,3,5922,78,1375,BOSTON:1996:3:2,47.4630098237271,58.8976998470339,1451,1411.22272290513,1288.25084516008
1996-03-19,BOSTON,1996,3,3,5923,79,1425,BOSTON:1996:3:3,47.8205273646099,55.3557368760167,1396,1423.12410053938,1294.18642234598
1996-03-20,BOSTON,1996,4,3,5924,80,1481,BOSTON:1996:3:4,48.1813021710798,56.3871547471456,1467,1593.77588429542,1410.63236811278
1996-03-21,BOSTON,1996,5,3,5925,81,1492,BOSTON:1996:3:5,48.545228132549,55.2341199377918,1254,1247.40268949926,1390.69315021437
1996-03-22,BOSTON,1996,6,3,5926,82,1459,BOSTON:1996:3:6,48.9121982001512,61.2932471873051,1291,1256.16582473128,1514.85731048526
1996-03-23,BOSTON,1996,7,3,5927,83,1422,BOSTON:1996:3:7,49.2821044183705,82.8855297004241,1348,1381.2279010963,1462.8284312558
1996-03-24,BOSTON,1996,1,3,5928,84,1370,BOSTON:1996:3:1,49.6548379569362,73.2855875448372,1310,1325.32926295469,1317.71916360546
1996-03-25,BOSTON,1996,2,3,5929,85,1321,BOSTON:1996:3:2,50.0302891429837,20.3499710440027,1205,1146.20334781774,1270.78440739348
1996-03-26,BOSTON,1996,3,3,5930,86,1412,BOSTON:1996:3:3,50.4083474934603,52.3828906658608,1135,1147.86419917997,1288.54426775016
1996-03-27,BOSTON,1996,4,3,5931,87,1434,BOSTON:1996:3:4,50.7889017477787,27.1277854397117,1278,1316.97711808645,1398.28456395947
1996-03-28,BOSTON,1996,5,3,5932,88,1470,BOSTON:1996:3:5,51.1718399006974,46.3904843618263,1679,1652.75560215286,1396.70231733132
1996-03-29,BOSTON,1996,6,3,5933,89,1403,BOSTON:1996:3:6,51.5570492354254,23.5867194445836,1683,1664.03633049658,1491.4627948976
1996-03-30,BOSTON,1996,7,3,5934,90,1343,BOSTON:1996:3:7,51.9444163569407,24.3338493753382,1401,1381.80774866759,1382.69769768464
1996-03-31,BOSTON,1996,1,3,5935,91,1363,BOSTON:1996:3:1,52.333827225507,75.5501974858499,1082,1107.93424259975,1291.56508587636
1996-04-01,BOSTON,1996,2,4,5936,92,1386,BOSTON:1996:4:2,52.7251671903889,84.5069146712433,1493,1460.10259666126,1337.72189084359
1996-04-02,BOSTON,1996,3,4,5937,93,1394,BOSTON:1996:4:3,53.1183210237437,46.3269007009008,1280,1286.93647054388,1437.40928409132
1996-04-03,BOSTON,1996,4,4,5938,94,1444,BOSTON:1996:4:4,53.5131729546909,44.3185922679466,1446,1420.35623995063,1486.15715251319
1996-04-04,BOSTON,1996,5,4,5939,95,1464,BOSTON:1996:4:5,53.9096067035413,50.2891973084613,1536,1507.98460863307,1458.01849006192
1996-04-05,BOSTON,1996,6,4,5940,96,1424,BOSTON:1996:4:6,54.3075055161782,49.670162880636,1659,1600.48933410006,1437.08744929829
1996-04-06,BOSTON,1996,7,4,5941,97,1406,BOSTON:1996:4:7,54.7067521985842,87.0979790816306,1411,1377.1373314093,1234.14948093695
1996-04-07,BOSTON,1996,1,4,5942,98,1348,BOSTON:1996:4:1,55.1072291514956,72.0005604296111,1204,1219.40700565459,1255.59376223285
1996-04-08,BOSTON,1996,2,4,5943,99,1324,BOSTON:1996:4:2,55.5088184051826,40.1988150039367,1348,1384.45178995684,1275.57134476372
1996-04-09,BOSTON,1996,3,4,5944,100,1394,BOSTON:1996:4:3,55.9114016543389,55.2810804287218,1438,1461.17081361318,1400.28768673442
1996-04-10,BOSTON,1996,4,4,5945,101,1490,BOSTON:1996:4:4,56.3148602930712,89.8065585963312,1603,1607.40883381464,1555.40300994222
1996-04-11,BOSTON,1996,5,4,5946,102,1466,BOSTON:1996:4:5,56.7190754499843,61.4417055451868,1642,1611.86768392179,1526.70782169421
1996-04-12,BOSTON,1996,6,4,5947,103,1386,BOSTON:1996:4:6,57.1239280233405,27.6785982910789,1422,1384.92618650869,1446.06713388797
1996-04-13,BOSTON,1996,7,4,5948,104,1325,BOSTON:1996:4:7,57.5292987162948,26.6803924199894,1194,1163.14553799489,1165.74358610185
1996-04-14,BOSTON,1996,1,4,5949,105,1354,BOSTON:1996:4:1,57.935068072185,86.3705141636469,1421,1345.53117236733,1260.59113570928
1996-04-15,BOSTON,1996,2,4,5950,106,1360,BOSTON:1996:4:2,58.341116509875,81.0345167648138,1157,1129.35033365587,1357.7764276624
1996-04-16,BOSTON,1996,3,4,5951,107,1397,BOSTON:1996:4:3,58.7473243591345,67.6161982538148,1527,1548.44126734493,1470.63380781432
1996-04-17,BOSTON,1996,4,4,5952,108,1415,BOSTON:1996:4:4,59.153571896046,39.1263131040852,1493,1461.61499889656,1501.84263858341
1996-04-18,BOSTON,1996,5,4,5953,109,1439,BOSTON:1996:4:5,59.559739378434,48.9747481766756,1519,1500.13022288543,1467.03895237745
1996-04-19,BOSTON,1996,6,4,5954,110,1383,BOSTON:1996:4:6,59.9657070812958,34.861589534134,1342,1346.9382366773,1432.7954310307
1996-04-20,BOSTON,1996,7,4,5955,111,1347,BOSTON:1996:4:7,60.3713553322345,55.5686423455231,995,1004.69182770493,1178.9630610897
1996-04-21,BOSTON,1996,1,4,5956,112,1336,BOSTON:1996:4:1,60.7765645468747,79.9136554245045,1184,1203.23895992814,1240.10787986804
1996-04-22,BOSTON,1996,2,4,5957,113,1359,BOSTON:1996:4:2,61.1812152642544,89.8609528340186,1398,1466.86422984775,1345.18893878089
1996-04-23,BOSTON,1996,3,4,5958,114,1406,BOSTON:1996:4:3,61.5851881821856,84.4581241580874,1392,1371.26231454801,1505.45836881141
1996-04-24,BOSTON,1996,4,4,5959,115,1472,BOSTON:1996:4:4,61.9883641925648,93.8937565241016,1634,1649.33399211179,1632.59719895878
1996-04-25,BOSTON,1996,5,4,5960,116,1433,BOSTON:1996:4:5,62.3906244166331,53.7443494462544,1310,1331.23642971304,1555.2347358616
1996-04-26,BOSTON,1996,6,4,5961,117,1368,BOSTON:1996:4:6,62.7918502401656,31.0558035729548,1374,1409.43635709441,1481.04998578171
1996-04-27,BOSTON,1996,7,4,5962,118,1328,BOSTON:1996:4:7,63.1919233485884,48.4617408000692,1182,1233.92241497395,1203.14387187058
1996-04-28,BOSTON,1996,1,4,5963,119,1346,BOSTON:1996:4:1,63.5907257620071,98.5688962220971,1252,1258.46106783316,1304.70722219126
1996-04-29,BOSTON,1996,2,4,5964,120,1315,BOSTON:1996:4:2,63.9881398701363,60.4007357834161,1257,1272.72310754836,1336.74139795296
1996-04-30,BOSTON,1996,3,4,5965,121,1413,BOSTON:1996:4:3,64.3840484671264,99.0361817391559,1703,1698.66652739505,1526.21085254564
1996-05-01,BOSTON,1996,4,5,5966,122,1442,BOSTON:1996:5:4,64.7783347862674,79.2998744632018,1466,1501.58726829815,1447.42013780762
1996-05-02,BOSTON,1996,5,5,5967,123,1419,BOSTON:1996:5:5,65.1708825345684,51.1484641948317,1411,1466.37824049516,1515.03062664141
1996-05-03,BOSTON,1996,6,5,5968,124,1432,BOSTON:1996:5:6,65.5615759271975,94.1448172651078,1721,1721.90528577408,1550.67036145074
1996-05-04,BOSTON,1996,7,5,5969,125,1335,BOSTON:1996:5:7,65.9502997217714,64.1536142622135,1360,1307.2542352823,1397.76062366712
1996-05-05,BOSTON,1996,1,5,5970,126,1324,BOSTON:1996:5:1,66.3369392524907,88.408846742517,1331,1417.83846927308,1435.93640633129
1996-05-06,BOSTON,1996,2,5,5971,127,1292,BOSTON:1996:5:2,66.7213804641011,49.4656824384088,1154,1197.52455117116,1138.48643006105
1996-05-07,BOSTON,1996,3,5,5972,128,1402,BOSTON:1996:5:3,67.1035099456809,99.1702895247169,1589,1556.20217043507,1551.53202646643
1996-05-08,BOSTON,1996,4,5,5973,129,1413,BOSTON:1996:5:4,67.4832149642352,64.8898095149379,1325,1248.69084959821,1426.69222401164
1996-05-09,BOSTON,1996,5,5,5974,130,1397,BOSTON:1996:5:5,67.8603834980949,41.9674317860826,1432,1377.88353410264,1478.21176283102
1996-05-10,BOSTON,1996,6,5,5975,131,1413,BOSTON:1996:5:6,68.2349042701051,87.1564195667841,1573,1584.15845834066,1504.44704807363
1996-05-11,BOSTON,1996,7,5,5976,132,1302,BOSTON:1996:5:7,68.6066667805941,43.5509891785265,1493,1464.54162986498,1351.94538072769
1996-05-12,BOSTON,1996,1,5,5977,133,1295,BOSTON:1996:5:1,68.9755613401178,71.8569353732858,1265,1260.09402647116,1370.28075751653
1996-05-13,BOSTON,1996,2,5,5978,134,1317,BOSTON:1996:5:2,69.3414791019611,80.3665749168001,1029,1020.21424014385,1145.30456854865
1996-05-14,BOSTON,1996,3,5,5979,135,1363,BOSTON:1996:5:3,69.7043120943964,75.033526715266,1607,1588.93120211678,1496.94592470945
1996-05-15,BOSTON,1996,4,5,5980,136,1409,BOSTON:1996:5:4,70.0639532526821,70.4133343553968,1311,1309.46279020426,1395.37562759762
1996-05-16,BOSTON,1996,5,5,5981,137,1458,BOSTON:1996:5:5,70.4202964507942,100,1573,1590.86149751399,1572.81546057648
1996-05-17,BOSTON,1996,6,5,5982,138,1360,BOSTON:1996:5:6,70.7732365328848,51.6357440689608,1114,1155.23482356222,1491.69368944861
1996-05-18,BOSTON,1996,7,5,5983,139,1285,BOSTON:1996:5:7,71.122669344451,37.0863451689107,1272,1218.64713721155,1340.87103126716
1996-05-19,BOSTON,1996,1,5,5984,140,1269,BOSTON:1996:5:1,71.4684917632137,55.9262331126836,1491,1458.99945431716,1329.91665864615
1996-05-20,BOSTON,1996,2,5,5985,141,1283,BOSTON:1996:5:2,71.8106017296881,58.6195609288037,1226,1280.33341138498,1106.95730484515
1996-05-21,BOSTON,1996,3,5,5986,142,1382,BOSTON:1996:5:3,72.1488982774453,100,1468,1414.89399552711,1538.92860999559
1996-05-22,BOSTON,1996,4,5,5987,143,1406,BOSTON:1996:5:4,72.4832815630498,76.5022975765306,1517,1526.24987209081,1416.19421769051
1996-05-23,BOSTON,1996,5,5,5988,144,1383,BOSTON:1996:5:5,72.8136528956663,47.2609257603024,1126,1193.3557579058,1483.46618036332
1996-05-24,BOSTON,1996,6,5,5989,145,1353,BOSTON:1996:5:6,73.1399147663289,53.3147954460257,1350,1332.08210339391,1434.18830430426
1996-05-25,BOSTON,1996,7,5,5990,146,1284,BOSTON:1996:5:7,73.4619708768591,44.382435783235,1285,1304.4947180219,1319.42296433748
1996-05-26,BOSTON,1996,1,5,5991,147,1307,BOSTON:1996:5:1,73.7797261684311,98.6750429964733,1464,1451.23071910956,1414.86617750733
1996-05-27,BOSTON,1996,2,5,5992,148,1258,BOSTON:1996:5:2,74.0930868497672,43.2010680808308,1107,1132.99070618465,1125.25169654383
1996-05-28,BOSTON,1996,3,5,5993,149,1329,BOSTON:1996:5:3,74.4019604249641,62.3603640202217,1374,1325.59360192882,1450.59343883241
1996-05-29,BOSTON,1996,4,5,5994,150,1395,BOSTON:1996:5:4,74.7062557209347,74.7200258933072,1443,1462.70011466415,1376.31779288504
1996-05-30,BOSTON,1996,5,5,5995,151,1393,BOSTON:1996:5:5,75.0058829144597,63.3786073106363,1994,1973.4010065552,1486.47596958879
1996-05-31,BOSTON,1996,6,5,5996,152,1401,BOSTON:1996:5:6,75.3007535588437,100,1769,1649.69458528357,1546.00059671744
1996-06-01,BOSTON,1996,7,6,5997,153,1341,BOSTON:1996:6:7,75.5907806101624,100,1034,1090.28049188706,1286.77752391105
1996-06-02,BOSTON,1996,1,6,5998,154,1304,BOSTON:1996:6:1,75.8758784530987,100,1402,1389.58254997289,1379.0722544139
1996-06-03,BOSTON,1996,2,6,5999,155,1309,BOSTON:1996:6:2,76.1559629263558,97.0119277141259,1463,1449.81662823906,1349.86134735383
1996-06-04,BOSTON,1996,3,6,6000,156,1370,BOSTON:1996:6:3,76.4309513476414,100,1644,1641.790604539,1616.7714310695
1996-06-05,BOSTON,1996,4,6,6001,157,1384,BOSTON:1996:6:4,76.7007625382174,72.5190340098705,1414,1398.51590131895,1565.89704143823
1996-06-06,BOSTON,1996,5,6,6002,158,1392,BOSTON:1996:6:5,76.9653168470028,69.7827675273071,1698,1618.05519005337,1554.07531909286
1996-06-07,BOSTON,1996,6,6,6003,159,1353,BOSTON:1996:6:6,77.22453617423,68.2328719406126,1257,1290.88682730125,1292.81688784841
1996-06-08,BOSTON,1996,7,6,6004,160,1307,BOSTON:1996:6:7,77.478343994639,79.4949441229022,1301,1303.53115832092,1236.32543699
1996-06-09,BOSTON,1996,1,6,6005,161,1236,BOSTON:1996:6:1,77.7266653802101,47.8916442126822,1281,1290.62710226023,1240.6139839685
1996-06-10,BOSTON,1996,2,6,6006,162,1297,BOSTON:1996:6:2,77.9694270224243,93.1489108035273,1237,1216.32547530802,1234.49306858185
1996-06-11,BOSTON,1996,3,6,6007,163,1312,BOSTON:1996:6:3,78.206557254044,60.2034219281912,1310,1309.82154050465,1429.14408089839
1996-06-12,BOSTON,1996,4,6,6008,164,1412,BOSTON:1996:6:4,78.4379860704124,100,1685,1684.17153931183,1498.46859244259
1996-06-13,BOSTON,1996,5,6,6009,165,1438,BOSTON:1996:6:5,78.6636451502588,100,1443,1436.64528662032,1597.17249753564
1996-06-14,BOSTON,1996,6,6,6010,166,1327,BOSTON:1996:6:6,78.8834678760092,51.2342085113112,1280,1218.43614540758,1293.91910819413
1996-06-15,BOSTON,1996,7,6,6011,167,1299,BOSTON:1996:6:7,79.0973893535932,78.0527827918206,1470,1436.82943021901,1244.67831814314
1996-06-16,BOSTON,1996,1,6,6012,168,1278,BOSTON:1996:6:1,79.3053464317402,92.164104187925,1232,1222.0447743866,1323.97127924085
1996-06-17,BOSTON,1996,2,6,6013,169,1301,BOSTON:1996:6:2,79.5072777207648,100,1273,1332.74868572543,1332.17844411353
1996-06-18,BOSTON,1996,3,6,6014,170,1349,BOSTON:1996:6:3,79.7031236108272,98.2928548142194,1528,1510.576199087,1585.34228406808
1996-06-19,BOSTON,1996,4,6,6015,171,1373,BOSTON:1996:6:4,79.8928262896726,74.7688414969371,1524,1516.87686624106,1518.92164319536
1996-06-20,BOSTON,1996,5,6,6016,172,1428,BOSTON:1996:6:5,80.0763297598349,100,1699,1728.4700687797,1614.92452103412
1996-06-21,BOSTON,1996,6,6,6017,173,1373,BOSTON:1996:6:6,80.2535798553089,96.2843426283161,1336,1388.51891948994,1400.59338365265
1996-06-22,BOSTON,1996,7,6,6018,174,1284,BOSTON:1996:6:7,80.4245242576779,69.0366391169572,1334,1314.58492615847,1288.4915195389
1996-06-23,BOSTON,1996,1,6,6019,175,1259,BOSTON:1996:6:1,80.5891125116969,79.1173475401948,1203,1227.15012344847,1320.31754830891
1996-06-24,BOSTON,1996,2,6,6020,176,1309,BOSTON:1996:6:2,80.7472960403258,100,1253,1354.79675252121,1309.46713995622
1996-06-25,BOSTON,1996,3,6,6021,177,1357,BOSTON:1996:6:3,80.8990281592059,100,1741,1766.4487615566,1591.74220395892
1996-06-26,BOSTON,1996,4,6,6022,178,1353,BOSTON:1996:6:4,81.0442640905794,62.0098043925655,1465,1402.41967592096,1504.71272292291
1996-06-27,BOSTON,1996,5,6,6023,179,1372,BOSTON:1996:6:5,81.1829609766436,67.6911262881775,1426,1403.36387532099,1499.82766233339
1996-06-28,BOSTON,1996,6,6,6024,180,1339,BOSTON:1996:6:6,81.3150778923376,70.5830422670773,1390,1426.74457101055,1275.67062030422
1996-06-29,BOSTON,1996,7,6,6025,181,1259,BOSTON:1996:6:7,81.4405758575599,49.5009688953,1110,1099.96391643388,1192.7272014115
1996-06-30,BOSTON,1996,1,6,6026,182,1293,BOSTON:1996:6:1,81.5594178488082,100,1449,1425.07427345675,1303.02493407243
1996-07-01,BOSTON,1996,2,7,6027,183,1294,BOSTON:1996:7:2,81.6715688102434,100,1321,1320.35809090948,1345.50385419359
1996-07-02,BOSTON,1996,3,7,6028,184,1335,BOSTON:1996:7:3,81.77699566417,94.0075929539147,1307,1308.45471030508,1349.00317388784
1996-07-03,BOSTON,1996,4,7,6029,185,1365,BOSTON:1996:7:4,81.8756673209327,75.2987260235431,1520,1489.88825595299,1486.17161269315
1996-07-04,BOSTON,1996,5,7,6030,186,1366,BOSTON:1996:7:5,81.9675546882253,65.5977314172823,1346,1390.33858659784,1405.3455491295
1996-07-05,BOSTON,1996,6,7,6031,187,1384,BOSTON:1996:7:6,82.0526306798082,100,1480,1432.39343535659,1413.6975489828
1996-07-06,BOSTON,1996,7,7,6032,188,1281,BOSTON:1996:7:7,82.1308702236339,72.7910209429748,1315,1304.20461593896,1264.67465459864
1996-07-07,BOSTON,1996,1,7,6033,189,1259,BOSTON:1996:7:1,82.2022502693755,85.6666980531474,1483,1509.84676450191,1385.07227243343
1996-07-08,BOSTON,1996,2,7,6034,190,1270,BOSTON:1996:7:2,82.2667497953588,83.7400436306561,1214,1235.1500853889,1317.55016022896
1996-07-09,BOSTON,1996,3,7,6035,191,1354,BOSTON:1996:7:3,82.3243498148936,100,1526,1563.88801724368,1344.18669261275
1996-07-10,BOSTON,1996,4,7,6036,192,1371,BOSTON:1996:7:4,82.3750333820029,82.4964916572465,1475,1463.13785009403,1508.87891770133
1996-07-11,BOSTON,1996,5,7,6037,193,1395,BOSTON:1996:7:5,82.4187855965493,92.0028927650337,1487,1432.18674290633,1464.97504873915
1996-07-12,BOSTON,1996,6,7,6038,194,1326,BOSTON:1996:7:6,82.4555936087556,63.9021554244384,1270,1290.6108885072,1360.41716414177
1996-07-13,BOSTON,1996,7,7,6039,195,1280,BOSTON:1996:7:7,82.4854466231197,72.9329029964871,1282,1261.80618424241,1234.50928858934
1996-07-14,BOSTON,1996,1,7,6040,196,1285,BOSTON:1996:7:1,82.5083359017204,100,1285,1294.80948321908,1413.35300433608
1996-07-15,BOSTON,1996,2,7,6041,197,1288,BOSTON:1996:7:2,82.5242547669162,100,1489,1509.84234304613,1377.77444163798
1996-07-16,BOSTON,1996,3,7,6042,198,1342,BOSTON:1996:7:3,82.533198603433,100,1320,1330.68260989504,1383.04265391924
1996-07-17,BOSTON,1996,4,7,6043,199,1356,BOSTON:1996:7:4,82.5351648598431,70.1473687828972,1677,1693.35300963467,1489.54112918171
1996-07-18,BOSTON,1996,5,7,6044,200,1350,BOSTON:1996:7:5,82.530153049432,54.0059121537919,1363,1376.78843254285,1394.71164405153
1996-07-19,BOSTON,1996,6,7,6045,201,1385,BOSTON:1996:7:6,82.5181647504555,100,1412,1358.36831696795,1404.41824963165
1996-07-20,BOSTON,1996,7,7,6046,202,1286,BOSTON:1996:7:7,82.4992036057851,79.0006331617227,1237,1235.2273801358,1273.77277079673
1996-07-21,BOSTON,1996,1,7,6047,203,1259,BOSTON:1996:7:1,82.4732753219423,86.5521626690743,1325,1320.25540186615,1396.01360165479
1996-07-22,BOSTON,1996,2,7,6048,204,1243,BOSTON:1996:7:2,82.4403876675232,59.4073769663399,1443,1497.0672845781,1275.96347177977
1996-07-23,BOSTON,1996,3,7,6049,205,1282,BOSTON:1996:7:3,82.4005504710108,48.883538084428,1281,1247.18444010582,1223.70752616935
1996-07-24,BOSTON,1996,4,7,6050,206,1347,BOSTON:1996:7:4,82.3537756179801,62.1877150100998,1296,1308.72846821429,1381.19670047649
1996-07-25,BOSTON,1996,5,7,6051,207,1369,BOSTON:1996:7:5,82.3000770476921,69.5882658120519,1405,1354.09362870771,1335.96775808501
1996-07-26,BOSTON,1996,6,7,6052,208,1355,BOSTON:1996:7:6,82.2394707490813,88.0206619267475,1340,1339.1550762495,1323.46703724118
1996-07-27,BOSTON,1996,7,7,6053,209,1257,BOSTON:1996:7:7,82.1719747561356,50.7630152686825,1115,1136.31259389254,1176.04328601752
1996-07-28,BOSTON,1996,1,7,6054,210,1237,BOSTON:1996:7:1,82.0976091426713,64.5875414851037,1388,1330.60542303062,1286.56112157486
1996-07-29,BOSTON,1996,2,7,6055,211,1232,BOSTON:1996:7:2,82.0163960165041,48.0446819906751,1062,1053.92065656263,1212.20807216992
1996-07-30,BOSTON,1996,3,7,6056,212,1298,BOSTON:1996:7:3,81.9283595130173,62.2212623789301,1067,1132.31692139926,1201.05995342393
1996-07-31,BOSTON,1996,4,7,6057,213,1374,BOSTON:1996:7:4,81.8335257881308,83.4860185595217,1297,1281.5163200206,1399.21163993918
1996-08-01,BOSTON,1996,5,8,6058,214,1371,BOSTON:1996:8:5,81.7319230106703,69.8224969185001,1307,1296.27789669648,1410.4643630446
1996-08-02,BOSTON,1996,6,8,6059,215,1370,BOSTON:1996:8:6,81.6235813541417,98.5259530503382,1529,1531.20077733719,1358.08054018373
1996-08-03,BOSTON,1996,7,8,6060,216,1329,BOSTON:1996:8:7,81.5085329879113,100,1339,1297.54237413152,1443.24557051306
1996-08-04,BOSTON,1996,1,8,6061,217,1237,BOSTON:1996:8:1,81.3868120677944,62.0108864938083,1249,1255.8544864048,1337.72069720177
1996-08-05,BOSTON,1996,2,8,6062,218,1307,BOSTON:1996:8:2,81.2584547260569,100,1377,1335.6846522988,1301.09174374741
1996-08-06,BOSTON,1996,3,8,6063,219,1291,BOSTON:1996:8:3,81.1234990608298,52.5599989978016,1562,1564.86567535109,1468.2940283561
1996-08-07,BOSTON,1996,4,8,6064,220,1394,BOSTON:1996:8:4,80.9819851249429,97.547201511168,1636,1682.56257005484,1487.80912106501
1996-08-08,BOSTON,1996,5,8,6065,221,1369,BOSTON:1996:8:5,80.8339549141783,64.9843337183665,1202,1257.53109264879,1477.08661521621
1996-08-09,BOSTON,1996,6,8,6066,222,1335,BOSTON:1996:8:6,80.6794523549484,65.031679594818,1400,1399.47897319527,1315.1997053826
1996-08-10,BOSTON,1996,7,8,6067,223,1262,BOSTON:1996:8:7,80.5185232914036,49.7540656870214,1056,1092.52353910154,1322.95039683029
1996-08-11,BOSTON,1996,1,8,6068,224,1240,BOSTON:1996:8:1,80.3512154719688,61.3143354016251,1130,1106.36443048022,1249.49678090326
1996-08-12,BOSTON,1996,2,8,6069,225,1293,BOSTON:1996:8:2,80.1775785353184,98.3056667520813,1203,1212.5519140018,1245.54121427908
1996-08-13,BOSTON,1996,3,8,6070,226,1314,BOSTON:1996:8:3,79.9976639957894,69.1194837350193,1149,1194.25785240422,1438.04545261824
1996-08-14,BOSTON,1996,4,8,6071,227,1396,BOSTON:1996:8:4,79.81152522824,95.014563919783,1478,1451.82293443728,1447.11369383171
1996-08-15,BOSTON,1996,5,8,6072,228,1367,BOSTON:1996:8:5,79.6192174523552,58.8380036505354,1369,1338.01425223802,1443.08096528494
1996-08-16,BOSTON,1996,6,8,6073,229,1321,BOSTON:1996:8:6,79.4207977164072,48.2934448156041,1340,1357.77100213374,1289.1109456778
1996-08-17,BOSTON,1996,7,8,6074,230,1317,BOSTON:1996:8:7,79.216324880473,95.0974149422121,1598,1507.11450687625,1392.89507527609
1996-08-18,BOSTON,1996,1,8,6075,231,1246,BOSTON:1996:8:1,79.0058595991145,62.6462424384813,1367,1394.88469414368,1299.34097316852
1996-08-19,BOSTON,1996,2,8,6076,232,1264,BOSTON:1996:8:2,78.7894643035281,66.9084614592168,1054,1015.70053038542,1208.19239225116
1996-08-20,BOSTON,1996,3,8,6077,233,1358,BOSTON:1996:8:3,78.5672031831656,100,1421,1339.86053536988,1484.16330643048
1996-08-21,BOSTON,1996,4,8,6078,234,1342,BOSTON:1996:8:4,78.3391421668353,43.7300297881598,1466,1409.82502469913,1388.83401522207
1996-08-22,BOSTON,1996,5,8,6079,235,1391,BOSTON:1996:8:5,78.1053489032874,73.4341327897946,1523,1562.73524456813,1438.2514399621
1996-08-23,BOSTON,1996,6,8,6080,236,1330,BOSTON:1996:8:6,77.8658927412875,51.1524856597356,1195,1234.05309701509,1277.76524664106
1996-08-24,BOSTON,1996,7,8,6081,237,1304,BOSTON:1996:8:7,77.6208447091887,77.8865807326185,1381,1300.90804183021,1340.04906018953
1996-08-25,BOSTON,1996,1,8,6082,238,1305,BOSTON:1996:8:1,77.3702774940029,100,1500,1551.01065720877,1359.44154873377
1996-08-26,BOSTON,1996,2,8,6083,239,1295,BOSTON:1996:8:2,77.1142654199826,88.4366705626922,1391,1349.58503737074,1270.17464972751
1996-08-27,BOSTON,1996,3,8,6084,240,1366,BOSTON:1996:8:3,76.8528844267144,100,1808,1736.63287071589,1549.49721259856
1996-08-28,BOSTON,1996,4,8,6085,241,1408,BOSTON:1996:8:4,76.5862120467355,93.0093345547212,1260,1208.02320489749,1516.24316988404
1996-08-29,BOSTON,1996,5,8,6086,242,1402,BOSTON:1996:8:5,76.3143273826771,76.683631680169,1900,1830.16731693535,1532.11661650071
1996-08-30,BOSTON,1996,6,8,6087,243,1398,BOSTON:1996:8:6,76.0373110839401,100,1222,1185.78620274266,1445.84356211929
1996-08-31,BOSTON,1996,7,8,6088,244,1309,BOSTON:1996:8:7,75.7552453229154,75.4338828829068,1562,1546.71668188354,1436.85989718379
1996-09-01,BOSTON,1996,1,9,6089,245,1295,BOSTON:1996:9:1,75.4682137707481,95.0759259408572,1504,1525.08160425449,1406.79638193175
1996-09-02,BOSTON,1996,2,9,6090,246,1288,BOSTON:1996:9:2,75.1763015726595,75.6498660167692,1240,1292.3755815662,1277.55201170962
1996-09-03,BOSTON,1996,3,9,6091,247,1308,BOSTON:1996:9:3,74.8795953228319,45.7713900807494,1326,1284.98442923252,1309.70529268605
1996-09-04,BOSTON,1996,4,9,6092,248,1398,BOSTON:1996:9:4,74.5781830388604,77.9175900521239,1430,1458.67013059885,1442.91766862137
1996-09-05,BOSTON,1996,5,9,6093,249,1396,BOSTON:1996:9:5,74.2721541357859,64.3683099087028,1365,1403.6020115854,1299.06763274986
1996-09-06,BOSTON,1996,6,9,6094,250,1376,BOSTON:1996:9:6,73.9615993997091,76.6371273066857,1394,1389.5574205111,1368.29479693733
1996-09-07,BOSTON,1996,7,9,6095,251,1325,BOSTON:1996:9:7,73.6466109610014,81.9617526067272,1508,1495.83174630267,1381.12067452488
1996-09-08,BOSTON,1996,1,9,6096,252,1261,BOSTON:1996:9:1,73.3272822671128,55.6294465977257,1320,1267.55108141848,1273.17699690609
1996-09-09,BOSTON,1996,2,9,6097,253,1290,BOSTON:1996:9:2,73.0037080549912,69.9635778327749,1021,1031.42458231873,1193.62637693419
1996-09-10,BOSTON,1996,3,9,6098,254,1316,BOSTON:1996:9:3,72.6759843231181,44.8255714104513,1333,1331.22476815498,1254.46350703712
1996-09-11,BOSTON,1996,4,9,6099,255,1361,BOSTON:1996:9:4,72.3442083031676,38.3703870249717,1300,1264.68185827815,1346.26440836539
1996-09-12,BOSTON,1996,5,9,6100,256,1381,BOSTON:1996:9:5,72.008478431302,43.7536798061718,1387,1425.24436628512,1229.64267288009
1996-09-13,BOSTON,1996,6,9,6101,257,1357,BOSTON:1996:9:6,71.6688943191065,52.3622751890315,1164,1170.89337346286,1280.8394166458
1996-09-14,BOSTON,1996,7,9,6102,258,1294,BOSTON:1996:9:7,71.3255567241767,46.438088267886,1248,1185.30655550251,1286.58998796563
1996-09-15,BOSTON,1996,1,9,6103,259,1314,BOSTON:1996:9:1,70.9785675203635,95.1173732841595,1112,1091.80377729397,1294.27779268382
1996-09-16,BOSTON,1996,2,9,6104,260,1294,BOSTON:1996:9:2,70.6280296676874,64.7054603774182,1025,1087.42374394167,1200.13572559563
1996-09-17,BOSTON,1996,3,9,6105,261,1360,BOSTON:1996:9:3,70.2740471819299,74.6693600164609,1162,1124.91684426512,1300.05023974907
1996-09-18,BOSTON,1996,4,9,6106,262,1416,BOSTON:1996:9:4,69.9167251039087,75.9161414845637,1431,1409.02339634526,1424.89539766207
1996-09-19,BOSTON,1996,5,9,6107,263,1387,BOSTON:1996:9:5,69.5561694684514,39.4866051506326,1013,1036.32564242759,1270.88453086595
1996-09-20,BOSTON,1996,6,9,6108,264,1410,BOSTON:1996:9:6,69.1924872730693,88.1290966730399,1600,1591.35570692581,1380.84750268079
1996-09-21,BOSTON,1996,7,9,6109,265,1336,BOSTON:1996:9:7,68.8257864463477,74.809201650448,1244,1242.71110905265,1378.39759722809
1996-09-22,BOSTON,1996,1,9,6110,266,1315,BOSTON:1996:9:1,68.4561758160587,87.5305632313709,1401,1327.88526308542,1336.80956105979
1996-09-23,BOSTON,1996,2,9,6111,267,1303,BOSTON:1996:9:2,68.0837650770032,63.6702420153365,1474,1470.76266415517,1220.07827200896
1996-09-24,BOSTON,1996,3,9,6112,268,1373,BOSTON:1996:9:3,67.7086647585994,76.9233078914723,1359,1418.78840201322,1315.78096052598
1996-09-25,BOSTON,1996,4,9,6113,269,1438,BOSTON:1996:9:4,67.3309861922173,84.772300793091,1517,1515.95304131263,1463.92252535491
1996-09-26,BOSTON,1996,5,9,6114,270,1448,BOSTON:1996:9:5,66.9508414782791,80.5854496776334,1378,1373.09184550852,1343.4051635018
1996-09-27,BOSTON,1996,6,9,6115,271,1437,BOSTON:1996:9:6,66.568343453126,100,1326,1306.59350074039,1454.01828374169
1996-09-28,BOSTON,1996,7,9,6116,272,1320,BOSTON:1996:9:7,66.1836056556676,50.818944045448,1434,1433.30547787195,1387.89174027814
1996-09-29,BOSTON,1996,1,9,6117,273,1268,BOSTON:1996:9:1,65.7967422938227,35.3308037145316,1242,1245.63306080111,1267.93926742078
1996-09-30,BOSTON,1996,2,9,6118,274,1310,BOSTON:1996:9:2,65.4078682107564,60.1524170386318,1314,1290.88225004037,1182.6076137427
1996-10-01,BOSTON,1996,3,10,6119,275,1355,BOSTON:1996:10:3,65.0170988509322,51.4900964325185,1177,1205.46067701435,1388.79278582475
1996-10-02,BOSTON,1996,4,10,6120,276,1420,BOSTON:1996:10:4,64.6245502259799,59.6697376690091,1268,1280.98715781004,1382.99782021099
1996-10-03,BOSTON,1996,5,10,6121,277,1435,BOSTON:1996:10:5,64.2303388803966,60.3676504367731,1069,1080.11553556132,1267.91760638765
1996-10-04,BOSTON,1996,6,10,6122,278,1417,BOSTON:1996:10:6,63.8345818570882,74.3004240677758,1170,1150.24618664654,1181.1819978356
1996-10-05,BOSTON,1996,7,10,6123,279,1307,BOSTON:1996:10:7,63.4373966627586,29.5805915677752,1113,1067.80561406358,1305.29099957911
1996-10-06,BOSTON,1996,1,10,6124,280,1289,BOSTON:1996:10:1,63.0389012331646,44.3499282124024,1259,1205.94038419427,1299.75550010791
1996-10-07,BOSTON,1996,2,10,6125,281,1323,BOSTON:1996:10:2,62.639213898236,61.7675071861763,1069,1133.5224605416,1234.14303946216
1996-10-08,BOSTON,1996,3,10,6126,282,1412,BOSTON:1996:10:3,62.2384533470835,89.4575662164356,1403,1431.67475219857,1440.20783817037
1996-10-09,BOSTON,1996,4,10,6127,283,1415,BOSTON:1996:10:4,61.8367385928925,46.1941197788749,1424,1378.53312459458,1399.00920619834
1996-10-10,BOSTON,1996,5,10,6128,284,1432,BOSTON:1996:10:5,61.4341889377231,47.4212100598509,1294,1314.93258859336,1271.66637658026
1996-10-11,BOSTON,1996,6,10,6129,285,1455,BOSTON:1996:10:6,61.0309239372222,95.1427007175593,1173,1228.67700198168,1230.24247795417
1996-10-12,BOSTON,1996,7,10,6130,286,1351,BOSTON:1996:10:7,60.6270633652557,58.1108793747362,1273,1246.47953514198,1374.42794944005
1996-10-13,BOSTON,1996,1,10,6131,287,1279,BOSTON:1996:10:1,60.2227271784787,25.3460362221805,1372,1368.09811299138,1333.53279331415
1996-10-14,BOSTON,1996,2,10,6132,288,1298,BOSTON:1996:10:2,59.8180354808453,29.019375257473,1301,1316.03449566753,1217.3213276879
1996-10-15,BOSTON,1996,3,10,6133,289,1425,BOSTON:1996:10:3,59.4131084880757,89.6288682427223,1384,1361.39649798022,1440.35174508815
1996-10-16,BOSTON,1996,4,10,6134,290,1441,BOSTON:1996:10:4,59.0080664920884,57.0986194637868,1172,1126.43587151995,1429.33024810057
1996-10-17,BOSTON,1996,5,10,6135,291,1489,BOSTON:1996:10:5,58.6030298254049,82.6325380445054,1344,1399.97749086364,1342.40388764673
1996-10-18,BOSTON,1996,6,10,6136,292,1451,BOSTON:1996:10:6,58.1981188255449,81.4258320244116,1044,1084.30552820071,1240.60052546335
1996-10-19,BOSTON,1996,7,10,6137,293,1385,BOSTON:1996:10:7,57.7934537994132,76.6135246170141,1677,1662.61895809544,1404.41872744998
1996-10-20,BOSTON,1996,1,10,6138,294,1335,BOSTON:1996:10:1,57.389154987699,64.6357296633633,1358,1335.54630337811,1387.35262777719
1996-10-21,BOSTON,1996,2,10,6139,295,1346,BOSTON:1996:10:2,56.9853425292875,61.0705277730356,1444,1502.94405841331,1268.80533502365
1996-10-22,BOSTON,1996,3,10,6140,296,1399,BOSTON:1996:10:3,56.5821364257033,58.362784135669,1349,1339.78860855893,1398.21786266977
1996-10-23,BOSTON,1996,4,10,6141,297,1430,BOSTON:1996:10:4,56.1796565055927,37.8819364779709,1688,1688.61202767408,1358.09649975291
1996-10-24,BOSTON,1996,5,10,6142,298,1478,BOSTON:1996:10:5,55.7780223892514,63.9166975154985,1301,1288.51327702279,1271.03199484442
1996-10-25,BOSTON,1996,6,10,6143,299,1463,BOSTON:1996:10:6,55.3773534532173,80.9663400008811,1462,1534.77095921517,1196.9749987424
1996-10-26,BOSTON,1996,7,10,6144,300,1394,BOSTON:1996:10:7,54.9777687949282,73.4832015264001,1389,1354.39934027094,1367.86232353394
1996-10-27,BOSTON,1996,1,10,6145,301,1310,BOSTON:1996:10:1,54.5793871974648,32.7307714658865,1358,1365.87298302778,1326.3590788028
1996-10-28,BOSTON,1996,2,10,6146,302,1340,BOSTON:1996:10:2,54.1823270943812,45.2480277841775,1133,1131.69204303004,1226.73029782681
1996-10-29,BOSTON,1996,3,10,6147,303,1428,BOSTON:1996:10:3,53.7867065346386,71.7345462473627,1750,1726.93458615902,1395.4297682476
1996-10-30,BOSTON,1996,4,10,6148,304,1427,BOSTON:1996:10:4,53.3926431476523,24.5333505599212,1379,1412.51586861146,1361.5662257392
1996-10-31,BOSTON,1996,5,10,6149,305,1491,BOSTON:1996:10:5,53.0002541084566,63.9477752185219,1423,1357.8457382681,1277.98013454644
1996-11-01,BOSTON,1996,6,11,6150,306,1459,BOSTON:1996:11:6,52.609656103008,67.7011291347971,1229,1243.66333604171,1286.50902564086
1996-11-02,BOSTON,1996,7,11,6151,307,1410,BOSTON:1996:11:7,52.2209652936257,77.3572395210326,1156,1175.27319776368,1339.78923157171
1996-11-03,BOSTON,1996,1,11,6152,308,1320,BOSTON:1996:11:1,51.8342972845888,31.5219921335696,1037,1065.22045460814,1175.89859646217
1996-11-04,BOSTON,1996,2,11,6153,309,1340,BOSTON:1996:11:2,51.4497670878967,35.7281254300227,1102,1085.22717983235,1303.70100505165
1996-11-05,BOSTON,1996,3,11,6154,310,1444,BOSTON:1996:11:3,51.0674890891996,74.5424182077286,1416,1400.66513694823,1504.69087811374
1996-11-06,BOSTON,1996,4,11,6155,311,1452,BOSTON:1996:11:4,50.6875770139173,35.3312844359912,1585,1558.71103086033,1491.76174854197
1996-11-07,BOSTON,1996,5,11,6156,312,1518,BOSTON:1996:11:5,50.3101438935465,74.6678155893079,1511,1518.53036958389,1426.73240726081
1996-11-08,BOSTON,1996,6,11,6157,313,1460,BOSTON:1996:11:6,49.9353020321768,58.2445229529594,1183,1158.281714166,1284.82496172372
1996-11-09,BOSTON,1996,7,11,6158,314,1368,BOSTON:1996:11:7,49.5631629732151,32.0366259748761,1322,1322.64978038714,1280.76162932648
1996-11-10,BOSTON,1996,1,11,6159,315,1361,BOSTON:1996:11:1,49.1938374663366,57.5992846564984,1507,1510.58310269201,1165.85673996547
1996-11-11,BOSTON,1996,2,11,6160,316,1330,BOSTON:1996:11:2,48.8274354346688,17.6829480331983,1431,1402.98726584019,1292.17979572527
1996-11-12,BOSTON,1996,3,11,6161,317,1459,BOSTON:1996:11:3,48.4640659422156,77.5335891179283,1729,1689.95053768427,1510.25583110703
1996-11-13,BOSTON,1996,4,11,6162,318,1515,BOSTON:1996:11:4,48.1038371615378,75.1010172117768,1556,1534.60221293012,1549.82270217027
1996-11-14,BOSTON,1996,5,11,6163,319,1512,BOSTON:1996:11:5,47.7468563416916,60.7880999949704,1035,1058.81307124937,1433.20573836264
1996-11-15,BOSTON,1996,6,11,6164,320,1498,BOSTON:1996:11:6,47.3932297764415,79.1692574395867,1550,1572.60859635566,1325.09008310481
1996-11-16,BOSTON,1996,7,11,6165,321,1402,BOSTON:1996:11:7,47.0430627727538,51.0737618670455,1414,1401.67524314175,1318.26528200252
1996-11-17,BOSTON,1996,1,11,6166,322,1383,BOSTON:1996:11:1,46.6964596195783,66.5222967753824,1089,1132.98473657753,1193.44799883396
1996-11-18,BOSTON,1996,2,11,6167,323,1399,BOSTON:1996:11:2,46.3535235569332,67.3730853273053,1348,1337.69308689226,1350.15456732263
1996-11-19,BOSTON,1996,3,11,6168,324,1411,BOSTON:1996:11:3,46.0143567452942,29.5715053327185,1289,1267.61306729812,1467.81099326555
1996-11-20,BOSTON,1996,4,11,6169,325,1470,BOSTON:1996:11:4,45.6790602353061,31.2139585247854,1304,1342.47496615845,1461.68818686228
1996-11-21,BOSTON,1996,5,11,6170,326,1479,BOSTON:1996:11:5,45.3477339378171,26.1535419385493,1431,1471.39216348015,1352.51219813429
1996-11-22,BOSTON,1996,6,11,6171,327,1498,BOSTON:1996:11:6,45.0204765942512,70.4162614100246,1358,1348.39243842703,1278.60658931136
1996-11-23,BOSTON,1996,7,11,6172,328,1424,BOSTON:1996:11:7,44.6973857473255,60.3597051723533,1291,1274.04532976394,1313.2521371029
1996-11-24,BOSTON,1996,1,11,6173,329,1339,BOSTON:1996:11:1,44.3785577121171,20.1069195399041,1058,1106.91046272746,1155.79666473836
1996-11-25,BOSTON,1996,2,11,6174,330,1411,BOSTON:1996:11:2,44.0640875474968,68.774626600691,1399,1380.27333021494,1333.96463189483
1996-11-26,BOSTON,1996,3,11,6175,331,1450,BOSTON:1996:11:3,43.7540690279282,53.0202445648327,1537,1468.86802893721,1488.24229751469
1996-11-27,BOSTON,1996,4,11,6176,332,1501,BOSTON:1996:11:4,43.4485946156482,47.3302992785747,1545,1514.28798662612,1486.72736242239
1996-11-28,BOSTON,1996,5,11,6177,333,1471,BOSTON:1996:11:5,43.1477554332348,11.2225308016757,1592,1581.38796369773,1356.54965624148
1996-11-29,BOSTON,1996,6,11,6178,334,1454,BOSTON:1996:11:6,42.851641236566,27.4171105867661,1088,1093.88893653631,1232.96934021288
1996-11-30,BOSTON,1996,7,11,6179,335,1420,BOSTON:1996:11:7,42.5603403881872,49.3736334247263,1348,1349.7658001745,1278.93171998476
1996-12-01,BOSTON,1996,1,12,6180,336,1412,BOSTON:1996:12:1,42.2739398310839,74.245405087149,1150,1181.78343345394,1282.60521732322
1996-12-02,BOSTON,1996,2,12,6181,337,1352,BOSTON:1996:12:2,41.9925250628781,11.0836656977241,1372,1383.40214689372,1365.1885225823
1996-12-03,BOSTON,1996,3,12,6182,338,1442,BOSTON:1996:12:3,41.7161801104467,38.7389860717613,1377,1397.87492381521,1410.29694577811
1996-12-04,BOSTON,1996,4,12,6183,339,1495,BOSTON:1996:12:4,41.4449875049762,35.0378202686555,1302,1281.83530052878,1378.62659457158
1996-12-05,BOSTON,1996,5,12,6184,340,1519,BOSTON:1996:12:5,41.1790282574594,41.8291403206177,1403,1387.96688063721,1496.03248805419
1996-12-06,BOSTON,1996,6,12,6185,341,1440,BOSTON:1996:12:6,40.918381834637,8.67778881336714,1558,1579.66698884493,1439.254085114
1996-12-07,BOSTON,1996,7,12,6186,342,1450,BOSTON:1996:12:7,40.6631261353998,66.0734986222035,1373,1313.41734187273,1364.67023572712
1996-12-08,BOSTON,1996,1,12,6187,343,1360,BOSTON:1996:12:1,40.4133374676487,23.6980299804738,1128,1090.94331055009,1242.16375576559
1996-12-09,BOSTON,1996,2,12,6188,344,1392,BOSTON:1996:12:2,40.1690905256276,37.4181596906004,1477,1478.37495716742,1356.00218792541
1996-12-10,BOSTON,1996,3,12,6189,345,1428,BOSTON:1996:12:3,39.9304583677323,20.2482236138777,1608,1531.43115214515,1397.84261076592
1996-12-11,BOSTON,1996,4,12,6190,346,1550,BOSTON:1996:12:4,39.6975123947995,70.2093970748173,1359,1402.08746609522,1417.13978170693
1996-12-12,BOSTON,1996,5,12,6191,347,1544,BOSTON:1996:12:5,39.4703223288894,54.2036139278576,1764,1738.80483955153,1530.10364884699
1996-12-13,BOSTON,1996,6,12,6192,348,1478,BOSTON:1996:12:6,39.2489561925597,32.2048391609407,1384,1385.15192891581,1456.0884839561
1996-12-14,BOSTON,1996,7,12,6193,349,1405,BOSTON:1996:12:7,39.033480288645,23.6504347782561,1166,1176.82049409668,1325.95378270419
1996-12-15,BOSTON,1996,1,12,6194,350,1403,BOSTON:1996:12:1,38.823959180541,53.0655118012016,1324,1292.36669094978,1237.27440040622
1996-12-16,BOSTON,1996,2,12,6195,351,1377,BOSTON:1996:12:2,38.6204556730046,19.0951359393477,1384,1338.48981079583,1340.87105466088
1996-12-17,BOSTON,1996,3,12,6196,352,1440,BOSTON:1996:12:3,38.4230307934725,23.9771489312792,1448,1442.72441857703,1389.76910055294
1996-12-18,BOSTON,1996,4,12,6197,353,1552,BOSTON:1996:12:4,38.2317437739041,65.4655648553674,1527,1537.08910843249,1406.02321396797
1996-12-19,BOSTON,1996,5,12,6198,354,1531,BOSTON:1996:12:5,38.0466520331563,37.9982268541814,1620,1648.30907710266,1507.85867326707
1996-12-20,BOSTON,1996,6,12,6199,355,1533,BOSTON:1996:12:6,37.8678111598921,69.5398847066891,1472,1500.6503826415,1492.70266662005
1996-12-21,BOSTON,1996,7,12,6200,356,1453,BOSTON:1996:12:7,37.6952748960314,56.9986620224511,1400,1465.40803950275,1371.70891689191
1996-12-22,BOSTON,1996,1,12,6201,357,1421,BOSTON:1996:12:1,37.5290951207464,62.9326921752838,1486,1506.73921147995,1262.37325536883
1996-12-23,BOSTON,1996,2,12,6202,358,1411,BOSTON:1996:12:2,37.3693218350076,42.6208591705785,1314,1319.92260043801,1356.71121893474
1996-12-24,BOSTON,1996,3,12,6203,359,1425,BOSTON:1996:12:3,37.2160031466855,6.97242747825737,1271,1257.83393158054,1379.61965012078
1996-12-25,BOSTON,1996,4,12,6204,360,1522,BOSTON:1996:12:4,37.0691852562099,38.323724312891,1382,1407.66788869745,1368.21040975216
1996-12-26,BOSTON,1996,5,12,6205,361,1573,BOSTON:1996:12:5,36.9289124427955,64.8685461605559,1268,1311.5825413307,1521.00518983708
1996-12-27,BOSTON,1996,6,12,6206,362,1455,BOSTON:1996:12:6,36.7952270512324,3.94918377370058,1428,1404.42856514296,1453.95476430717
1996-12-28,BOSTON,1996,7,12,6207,363,1400,BOSTON:1996:12:7,36.6681694792508,9.34175250762321,1459,1422.38170368941,1335.66706467443
1996-12-29,BOSTON,1996,1,12,6208,364,1405,BOSTON:1996:12:1,36.5477781654598,45.7522816192621,1188,1220.37141107551,1251.5833711424
1996-12-30,BOSTON,1996,2,12,6209,365,1406,BOSTON:1996:12:2,36.4340895778652,34.4265204473551,1240,1232.31543275361,1368.22701589347
1996-12-31,BOSTON,1996,3,12,6210,366,1510,BOSTON:1996:12:3,36.327138202971,70.6420650703443,1337,1301.23292385814,1463.47169277913
1997-01-01,BOSTON,1997,4,1,6211,1,1549,BOSTON:1997:1:4,36.2269565354655,55.0335230034399,1464,1483.59789612752,1526.20669523875
1997-01-02,BOSTON,1997,5,1,6212,2,1564,BOSTON:1997:1:5,36.1335750684969,55.3180940208852,1745,1720.23803677302,1581.17677336817
1997-01-03,BOSTON,1997,6,1,6213,3,1492,BOSTON:1997:1:6,36.0470222845402,30.1192512456988,1368,1327.61828514475,1429.95537124943
1997-01-04,BOSTON,1997,7,1,6214,4,1480,BOSTON:1997:1:7,35.9673246468591,70.7635829860519,1324,1327.47897187897,1479.8941203254
1997-01-05,BOSTON,1997,1,1,6215,5,1392,BOSTON:1997:1:1,35.8945065915651,31.710421449232,1290,1321.59487849259,1313.39848702895
1997-01-06,BOSTON,1997,2,1,6216,6,1452,BOSTON:1997:1:2,35.8285905202749,68.5452007749947,1262,1258.56292538984,1306.33707345371
1997-01-07,BOSTON,1997,3,1,6217,7,1474,BOSTON:1997:1:3,35.7695967933711,39.26186852591,1641,1555.31518746332,1501.13214334249
1997-01-08,BOSTON,1997,4,1,6218,8,1550,BOSTON:1997:1:4,35.7175437238652,53.3903433399859,1425,1431.56076014975,1492.69884596223
1997-01-09,BOSTON,1997,5,1,6219,9,1557,BOSTON:1997:1:5,35.672447571867,47.2660403045461,1657,1651.07365461591,1561.71991456423
1997-01-10,BOSTON,1997,6,1,6220,10,1532,BOSTON:1997:1:6,35.6343225396607,58.7403404719565,1516,1544.21455429439,1449.51568516134
1997-01-11,BOSTON,1997,7,1,6221,11,1453,BOSTON:1997:1:7,35.6031807673902,46.7746415360638,1416,1482.24189075642,1454.64194684261
1997-01-12,BOSTON,1997,1,1,6222,12,1358,BOSTON:1997:1:1,35.5790323293536,0.986305959033899,1163,1113.03116096034,1280.61677433847
1997-01-13,BOSTON,1997,2,1,6223,13,1375,BOSTON:1997:1:2,35.5618852309098,3.5117706518767,1085,1114.53724883498,1252.74321275669
1997-01-14,BOSTON,1997,3,1,6224,14,1509,BOSTON:1997:1:3,35.5517454059964,65.3387027244253,1474,1463.05904171524,1526.95224317
1997-01-15,BOSTON,1997,4,1,6225,15,1523,BOSTON:1997:1:4,35.5486167152609,30.6685774564008,1445,1415.48593329754,1518.80970374973
1997-01-16,BOSTON,1997,5,1,6226,16,1556,BOSTON:1997:1:5,35.5525009448051,44.9819115314043,1543,1445.34134918559,1592.72048428725
1997-01-17,BOSTON,1997,6,1,6227,17,1514,BOSTON:1997:1:6,35.5633978055436,43.465138713235,1405,1436.39108268517,1458.21477753045
1997-01-18,BOSTON,1997,7,1,6228,18,1480,BOSTON:1997:1:7,35.581304933176,67.3105085960111,1680,1658.74969732324,1485.12734026393
1997-01-19,BOSTON,1997,1,1,6229,19,1419,BOSTON:1997:1:1,35.6062178887736,51.1919058804709,1235,1282.22095606954,1323.6231834391
1997-01-20,BOSTON,1997,2,1,6230,20,1390,BOSTON:1997:1:2,35.6381301599796,15.4493268108236,1238,1240.86858680952,1262.3740762283
1997-01-21,BOSTON,1997,3,1,6231,21,1461,BOSTON:1997:1:3,35.6770331628235,26.960991668197,1666,1631.23708607138,1465.20057240011
1997-01-22,BOSTON,1997,4,1,6232,22,1545,BOSTON:1997:1:4,35.7229162441483,47.1548718624665,1501,1496.56646891617,1479.49297601839
1997-01-23,BOSTON,1997,5,1,6233,23,1520,BOSTON:1997:1:5,35.7757666846501,17.6553169032322,1529,1478.63527977727,1548.92763010371
1997-01-24,BOSTON,1997,6,1,6234,24,1511,BOSTON:1997:1:6,35.8355697025293,41.2251004497268,1285,1256.85163950953,1440.91570955427
1997-01-25,BOSTON,1997,7,1,6235,25,1405,BOSTON:1997:1:7,35.9023084577528,6.90274808484889,1440,1446.35566138184,1440.3365925643
1997-01-26,BOSTON,1997,1,1,6236,26,1438,BOSTON:1997:1:1,35.975964056925,66.6827739650766,1568,1547.21313550347,1338.36155518911
1997-01-27,BOSTON,1997,2,1,6237,27,1392,BOSTON:1997:1:2,36.0565155587665,17.3707006621681,1528,1434.55967377605,1291.54563756587
1997-01-28,BOSTON,1997,3,1,6238,28,1453,BOSTON:1997:1:3,36.1439399802004,21.1245125889656,1205,1246.27724724394,1492.71504108852
1997-01-29,BOSTON,1997,4,1,6239,29,1525,BOSTON:1997:1:4,36.238212303041,32.8528468350568,1668,1687.49424213357,1485.79177903033
1997-01-30,BOSTON,1997,5,1,6240,30,1541,BOSTON:1997:1:5,36.3393054812876,33.8118902271343,1373,1428.84295667545,1562.45519767675
1997-01-31,BOSTON,1997,6,1,6241,31,1483,BOSTON:1997:1:6,36.4471904490163,19.8324819257503,1640,1693.12166266561,1435.39845650587
1997-02-01,BOSTON,1997,7,2,6242,32,1414,BOSTON:1997:2:7,36.5618361288724,15.7494577474934,1327,1412.04673531883,1365.20205917665
1997-02-02,BOSTON,1997,1,2,6243,33,1419,BOSTON:1997:2:1,36.6832094411564,52.3617318137747,1385,1405.75775354792,1275.22400175264
1997-02-03,BOSTON,1997,2,2,6244,34,1407,BOSTON:1997:2:2,36.8112753135041,31.3999894763232,1633,1630.46622610994,1418.87661924835
1997-02-04,BOSTON,1997,3,2,6245,35,1484,BOSTON:1997:2:3,36.9459966911573,46.9824155063007,1583,1585.86602634143,1498.98137503634
1997-02-05,BOSTON,1997,4,2,6246,36,1540,BOSTON:1997:2:4,37.0873345478203,46.12878454586,1551,1525.06262071838,1424.70188782692
1997-02-06,BOSTON,1997,5,2,6247,37,1502,BOSTON:1997:2:5,37.2352478971018,6.00382209906941,1349,1319.82155376254,1359.26040973191
1997-02-07,BOSTON,1997,6,2,6248,38,1501,BOSTON:1997:2:6,37.3896938045369,35.8896451135957,1569,1553.74613126037,1462.94459567619
1997-02-08,BOSTON,1997,7,2,6249,39,1449,BOSTON:1997:2:7,37.5506274001859,46.2659138669446,1482,1479.95754669111,1380.73051043988
1997-02-09,BOSTON,1997,1,2,6250,40,1384,BOSTON:1997:2:1,37.7180018918075,25.6575048705049,1246,1244.03153241125,1261.29539797847
1997-02-10,BOSTON,1997,2,2,6251,41,1430,BOSTON:1997:2:2,37.8917685786001,52.3109990783706,1330,1324.57228471232,1423.39786513774
1997-02-11,BOSTON,1997,3,2,6252,42,1505,BOSTON:1997:2:3,38.0718768655107,66.0498041344592,1366,1395.14833817022,1521.84250225151
1997-02-12,BOSTON,1997,4,2,6253,43,1517,BOSTON:1997:2:4,38.2582742781027,31.0426865648127,1191,1218.33042747153,1420.05152559
1997-02-13,BOSTON,1997,5,2,6254,44,1530,BOSTON:1997:2:5,38.4509064779829,30.9456614485222,1496,1549.48655775647,1367.85536144549
1997-02-14,BOSTON,1997,6,2,6255,45,1499,BOSTON:1997:2:6,38.6497172787791,37.9098846116109,1193,1220.92166668066,1463.15074581067
1997-02-15,BOSTON,1997,7,2,6256,46,1398,BOSTON:1997:2:7,38.8546486626674,7.56505452416056,1422,1374.03528656323,1353.82459654713
1997-02-16,BOSTON,1997,1,2,6257,47,1382,BOSTON:1997:2:1,39.0656407974402,27.3605287406335,1118,1124.34083746782,1254.44881040678
1997-02-17,BOSTON,1997,2,2,6258,48,1384,BOSTON:1997:2:2,39.2826320541134,17.6815276786728,1438,1450.60239101557,1404.53726668204
1997-02-18,BOSTON,1997,3,2,6259,49,1456,BOSTON:1997:2:3,39.5055590250667,31.428488703179,1563,1504.95054757678,1491.66907666072
1997-02-19,BOSTON,1997,4,2,6260,50,1517,BOSTON:1997:2:4,39.734356542709,35.3371669278804,1664,1739.08493793779,1428.6187883012
1997-02-20,BOSTON,1997,5,2,6261,51,1505,BOSTON:1997:2:5,39.9689576986689,15.9560000828911,1320,1276.34310024128,1377.83587939838
1997-02-21,BOSTON,1997,6,2,6262,52,1459,BOSTON:1997:2:6,40.2092938634986,10.243149506622,1540,1533.56260720285,1464.33259475312
1997-02-22,BOSTON,1997,7,2,6263,53,1447,BOSTON:1997:2:7,40.455294706889,51.9813078819146,1262,1351.5216935497,1393.2428338432
1997-02-23,BOSTON,1997,1,2,6264,54,1386,BOSTON:1997:2:1,40.7068882183906,35.0166133581464,1319,1346.29260483281,1277.03178985942
1997-02-24,BOSTON,1997,2,2,6265,55,1373,BOSTON:1997:2:2,40.96400072863,13.686552153152,1256,1257.92505298236,1410.18824893838
1997-02-25,BOSTON,1997,3,2,6266,56,1459,BOSTON:1997:2:3,41.2265569310219,38.6267817754813,1490,1450.0131528235,1489.50704604646
1997-02-26,BOSTON,1997,4,2,6267,57,1499,BOSTON:1997:2:4,41.4944799039629,25.9152513234992,1280,1274.60559602853,1412.62779828159
1997-02-27,BOSTON,1997,5,2,6268,58,1495,BOSTON:1997:2:5,41.7676911335082,13.2540378714555,1308,1297.68401043145,1368.04834942489
1997-02-28,BOSTON,1997,6,2,6269,59,1464,BOSTON:1997:2:6,42.0461105365183,19.677857574622,1558,1515.74114939817,1469.57206375789
1997-03-01,BOSTON,1997,7,3,6270,60,1430,BOSTON:1997:3:7,42.3296564842716,44.0210622830458,997,1020.84736418668,1327.89598046251
1997-03-02,BOSTON,1997,1,3,6271,61,1363,BOSTON:1997:3:1,42.618245826537,21.0512137338204,1240,1261.36306023518,1398.47166823878
1997-03-03,BOSTON,1997,2,3,6272,62,1403,BOSTON:1997:3:2,42.9117939160961,43.9890690176572,1262,1275.43274173062,1290.92373762532
1997-03-04,BOSTON,1997,3,3,6273,63,1445,BOSTON:1997:3:3,43.2102146337121,33.1462779978603,1515,1476.46286375401,1524.07026784383
1997-03-05,BOSTON,1997,4,3,6274,64,1544,BOSTON:1997:3:4,43.5134204135335,66.3592760109402,1536,1530.74727795621,1471.16940886118
1997-03-06,BOSTON,1997,5,3,6275,65,1510,BOSTON:1997:3:5,43.8213222689278,30.7837255048848,1265,1248.82570271351,1379.85817265471
1997-03-07,BOSTON,1997,6,3,6276,66,1489,BOSTON:1997:3:6,44.1338298187385,45.6314673946965,1669,1634.92633007383,1466.81743174208
1997-03-08,BOSTON,1997,7,3,6277,67,1401,BOSTON:1997:3:7,44.450851313954,26.3891400473172,1441,1470.55962441291,1301.66303703551
1997-03-09,BOSTON,1997,1,3,6278,68,1369,BOSTON:1997:3:1,44.7722936647851,32.5415038613509,1483,1491.99708682762,1379.28835811274
1997-03-10,BOSTON,1997,2,3,6279,69,1388,BOSTON:1997:3:2,45.0980624681375,38.095715284258,1217,1185.38943724848,1272.62430261341
1997-03-11,BOSTON,1997,3,3,6280,70,1466,BOSTON:1997:3:3,45.4280620354786,55.9450324887968,1682,1669.97781480254,1532.41443469981
1997-03-12,BOSTON,1997,4,3,6281,71,1469,BOSTON:1997:3:4,45.7621954210833,14.7168314472571,1526,1567.57041445192,1430.66584795117
1997-03-13,BOSTON,1997,5,3,6282,72,1540,BOSTON:1997:3:5,46.1003644506526,60.4780006826003,1702,1642.11456409275,1390.30333071454
1997-03-14,BOSTON,1997,6,3,6283,73,1485,BOSTON:1997:3:6,46.4424697503016,49.5369625331402,1239,1247.29134113814,1483.1317375641
1997-03-15,BOSTON,1997,7,3,6284,74,1404,BOSTON:1997:3:7,46.7884107758984,35.5307690506562,1305,1319.69054907982,1316.85523997437
1997-03-16,BOSTON,1997,1,3,6285,75,1397,BOSTON:1997:3:1,47.1380858427562,63.6760265172176,1427,1351.96586755243,1415.99295989011
1997-03-17,BOSTON,1997,2,3,6286,76,1371,BOSTON:1997:3:2,47.4913921556612,31.1485343612907,1148,1134.66364204177,1277.6408635432
1997-03-18,BOSTON,1997,3,3,6287,77,1412,BOSTON:1997:3:3,47.8482258392307,19.8292382622878,1385,1309.85516102456,1500.58127320127
1997-03-19,BOSTON,1997,4,3,6288,78,1490,BOSTON:1997:3:4,48.2084819685956,39.3496596289156,1505,1521.40147465731,1431.26937772058
1997-03-20,BOSTON,1997,5,3,6289,79,1477,BOSTON:1997:3:5,48.572054600391,19.0889695305856,1406,1444.71184234976,1362.23314094784
1997-03-21,BOSTON,1997,6,3,6290,80,1451,BOSTON:1997:3:6,48.9388368040538,29.7686698678164,1491,1407.69281300009,1460.28663453588
1997-03-22,BOSTON,1997,7,3,6291,81,1453,BOSTON:1997:3:7,49.3087206934103,83.4121902440199,1610,1622.14003071662,1382.70993852121
1997-03-23,BOSTON,1997,1,3,6292,82,1340,BOSTON:1997:3:1,49.6815974585524,22.967780103795,1223,1202.20820637359,1429.40400986292
1997-03-24,BOSTON,1997,2,3,6293,83,1392,BOSTON:1997:3:2,50.0573573979855,56.682427264408,1447,1454.16413759927,1313.30325183147
1997-03-25,BOSTON,1997,3,3,6294,84,1456,BOSTON:1997:3:3,50.4358899510428,63.8956318642907,1548,1566.50533348582,1572.93402425456
1997-03-26,BOSTON,1997,4,3,6295,85,1497,BOSTON:1997:3:4,50.8170837305583,52.3018472224571,1242,1260.27124396447,1475.89536546924
1997-03-27,BOSTON,1997,5,3,6296,86,1499,BOSTON:1997:3:5,51.2008265557809,44.2489619309193,1150,1169.0506187108,1390.60535568853
1997-03-28,BOSTON,1997,6,3,6297,87,1461,BOSTON:1997:3:6,51.5870054855311,46.0796872128101,1471,1519.08440565034,1459.76419615853
1997-03-29,BOSTON,1997,7,3,6298,88,1407,BOSTON:1997:3:7,51.9755068515804,54.0183878854293,1291,1291.24463570035,1314.87580400949
1997-03-30,BOSTON,1997,1,3,6299,89,1380,BOSTON:1997:3:1,52.3662162922476,65.5870636786488,1665,1657.12613511389,1414.84300389445
1997-03-31,BOSTON,1997,2,3,6300,90,1418,BOSTON:1997:3:2,52.7590187862066,86.6227220547867,1431,1414.92210923514,1350.50784438949
1997-04-01,BOSTON,1997,3,4,6301,91,1434,BOSTON:1997:4:3,53.1537986864845,54.1935509109447,1334,1383.11796025547,1433.72943272026
1997-04-02,BOSTON,1997,4,4,6302,92,1487,BOSTON:1997:4:4,53.5504397546536,53.0222286080605,1183,1207.54738592821,1300.65449172903
1997-04-03,BOSTON,1997,5,4,6303,93,1481,BOSTON:1997:4:5,53.9488251951944,39.4282515745099,1345,1310.948761931,1346.8520953523
1997-04-04,BOSTON,1997,6,4,6304,94,1431,BOSTON:1997:4:6,54.3488376900295,30.5449382714668,1206,1188.33822895034,1300.90183399861
1997-04-05,BOSTON,1997,7,4,6305,95,1383,BOSTON:1997:4:7,54.7503594332124,43.0391998844901,1713,1736.66423301332,1370.53371559814
1997-04-06,BOSTON,1997,1,4,6306,96,1341,BOSTON:1997:4:1,55.1532721657609,40.6844270646875,1152,1105.77162515324,1167.44182862294
1997-04-07,BOSTON,1997,2,4,6307,97,1359,BOSTON:1997:4:2,55.5574572106309,46.1243202161461,1361,1354.73997954316,1173.22505812367
1997-04-08,BOSTON,1997,3,4,6308,98,1423,BOSTON:1997:4:3,55.9627955078105,54.2675483992281,1586,1527.18039758876,1387.9612160806
1997-04-09,BOSTON,1997,4,4,6309,99,1468,BOSTON:1997:4:4,56.3691676495339,47.5918312760744,1388,1334.01814313505,1273.03146621937
1997-04-10,BOSTON,1997,5,4,6310,100,1485,BOSTON:1997:4:5,56.7764539155966,51.6475033062367,1356,1413.35540054699,1338.87472839235
1997-04-11,BOSTON,1997,6,4,6311,101,1429,BOSTON:1997:4:6,57.184534308768,38.0126605329915,1236,1202.77612125573,1294.32387380417
1997-04-12,BOSTON,1997,7,4,6312,102,1353,BOSTON:1997:4:7,57.5932885902858,26.4901798647752,1272,1269.71257064364,1347.11926207228
1997-04-13,BOSTON,1997,1,4,6313,103,1379,BOSTON:1997:4:1,58.0025963154234,83.1053946581282,1255,1274.53947245578,1218.92815853596
1997-04-14,BOSTON,1997,2,4,6314,104,1368,BOSTON:1997:4:2,58.4123368691239,62.6989377676096,1216,1221.02885906372,1225.23706977778
1997-04-15,BOSTON,1997,3,4,6315,105,1420,BOSTON:1997:4:3,58.8223895016807,61.4386242191057,1409,1455.03602100091,1434.64730463616
1997-04-16,BOSTON,1997,4,4,6316,106,1482,BOSTON:1997:4:4,59.2326333644655,67.417900046878,1327,1321.93085622765,1322.09125441942
1997-04-17,BOSTON,1997,5,4,6317,107,1459,BOSTON:1997:4:5,59.6429475456841,40.0248468238294,1210,1204.28748622833,1359.24526141233
1997-04-18,BOSTON,1997,6,4,6318,108,1446,BOSTON:1997:4:6,60.0532111061528,61.4245821281127,1481,1503.72005780339,1333.27903623578
1997-04-19,BOSTON,1997,7,4,6319,109,1400,BOSTON:1997:4:7,60.4633031150879,76.0609215119476,1389,1374.8000927802,1423.00696967465
1997-04-20,BOSTON,1997,1,4,6320,110,1305,BOSTON:1997:4:1,60.8731026858904,27.8484029071287,1008,1064.67400753344,1188.92197898304
1997-04-21,BOSTON,1997,2,4,6321,111,1366,BOSTON:1997:4:2,61.2824890119238,70.8666356056211,1227,1228.42522730966,1212.90463921385
1997-04-22,BOSTON,1997,3,4,6322,112,1429,BOSTON:1997:4:3,61.6913414022659,78.5069515367744,1514,1518.07987945128,1459.33167420699
1997-04-23,BOSTON,1997,4,4,6323,113,1458,BOSTON:1997:4:4,62.099539317433,58.2695832045378,1281,1284.48196927384,1329.63344504431
1997-04-24,BOSTON,1997,5,4,6324,114,1502,BOSTON:1997:4:5,62.5069624050573,83.3238821830654,1567,1601.81077502979,1433.02791484433
1997-04-25,BOSTON,1997,6,4,6325,115,1450,BOSTON:1997:4:6,62.913490535512,73.81574209715,1397,1389.40441838127,1391.49525596535
1997-04-26,BOSTON,1997,7,4,6326,116,1383,BOSTON:1997:4:7,63.3190038374746,70.9152627939479,1223,1188.184161251,1456.34005265544
1997-04-27,BOSTON,1997,1,4,6327,117,1310,BOSTON:1997:4:1,63.7233827334113,41.4891175554349,1372,1342.85781559303,1211.70803385623
1997-04-28,BOSTON,1997,2,4,6328,118,1367,BOSTON:1997:4:2,64.1265079749816,81.1119575424188,1048,1048.55722186889,1240.63323288424
1997-04-29,BOSTON,1997,3,4,6329,119,1394,BOSTON:1997:4:3,64.5282606783436,59.0118304223867,1320,1275.98188623524,1447.33037235855
1997-04-30,BOSTON,1997,4,4,6330,120,1421,BOSTON:1997:4:4,64.9285223593537,37.4528863516238,1340,1358.53592794882,1293.58934258729
1997-05-01,BOSTON,1997,5,5,6331,121,1437,BOSTON:1997:5:5,65.327174968653,41.447366254971,1445,1407.49081463816,1410.1765848173
1997-05-02,BOSTON,1997,6,5,6332,122,1453,BOSTON:1997:5:6,65.7241009266219,85.7518644884332,1443,1446.91223554669,1253.60442967275
1997-05-03,BOSTON,1997,7,5,6333,123,1335,BOSTON:1997:5:7,66.1191831582036,39.3962672009874,1303,1302.74530274395,1301.13607562373
1997-05-04,BOSTON,1997,1,5,6334,124,1325,BOSTON:1997:5:1,66.512305127574,64.1586089493948,1489,1465.44552300436,1318.98901453942
1997-05-05,BOSTON,1997,2,5,6335,125,1329,BOSTON:1997:5:2,66.9033508726595,57.8153693608208,1561,1516.93313851489,1299.17251969238
1997-05-06,BOSTON,1997,3,5,6336,126,1393,BOSTON:1997:5:3,67.2922050394832,66.8302410282909,1600,1610.67766823125,1345.83201880435
1997-05-07,BOSTON,1997,4,5,6337,127,1452,BOSTON:1997:5:4,67.6787529163331,72.3490208200447,1225,1230.68972990929,1405.70862991215
1997-05-08,BOSTON,1997,5,5,6338,128,1499,BOSTON:1997:5:5,68.0628804677457,99.8399975966953,1392,1377.72244861661,1539.40728201396
1997-05-09,BOSTON,1997,6,5,6339,129,1393,BOSTON:1997:5:6,68.4444743682861,46.0878614275016,1245,1218.24943945228,1260.75998099716
1997-05-10,BOSTON,1997,7,5,6340,130,1350,BOSTON:1997:5:7,68.8234220361249,60.8762227008031,1263,1278.84279393925,1316.19636194443
1997-05-11,BOSTON,1997,1,5,6341,131,1315,BOSTON:1997:5:1,69.1996116663932,64.3358002749874,1381,1331.83620741422,1336.17456951078
1997-05-12,BOSTON,1997,2,5,6342,132,1361,BOSTON:1997:5:2,69.5729322643102,94.0419133477927,1391,1387.14919963426,1387.13093052212
1997-05-13,BOSTON,1997,3,5,6343,133,1347,BOSTON:1997:5:3,69.9432736780756,37.2946878062823,1288,1296.86033668411,1373.68136653388
1997-05-14,BOSTON,1997,4,5,6344,134,1398,BOSTON:1997:5:4,70.3105266315099,36.8756607749667,1334,1336.85078342108,1360.85577086194
1997-05-15,BOSTON,1997,5,5,6345,135,1436,BOSTON:1997:5:5,70.6745827564416,58.6018501472105,1316,1331.68520636158,1434.81194448661
1997-05-16,BOSTON,1997,6,5,6346,136,1399,BOSTON:1997:5:6,71.0353346248237,59.9970781719392,1150,1233.24852329868,1227.92847305524
1997-05-17,BOSTON,1997,7,5,6347,137,1383,BOSTON:1997:5:7,71.3926757805776,97.9320368616637,1249,1268.08873774533,1381.82092637451
1997-05-18,BOSTON,1997,1,5,6348,138,1318,BOSTON:1997:5:1,71.7465007711478,76.2729710374304,1229,1202.8971138675,1384.88235956723
1997-05-19,BOSTON,1997,2,5,6349,139,1296,BOSTON:1997:5:2,72.0967051787623,45.8313467195579,1158,1216.5930873854,1322.88040273255
1997-05-20,BOSTON,1997,3,5,6350,140,1343,BOSTON:1997:5:3,72.4431856513906,41.7622338260475,1131,1143.09411875414,1330.335680246
1997-05-21,BOSTON,1997,4,5,6351,141,1399,BOSTON:1997:5:4,72.7858399333838,45.9371994495797,1551,1529.14296680401,1363.27090426827
1997-05-22,BOSTON,1997,5,5,6352,142,1473,BOSTON:1997:5:5,73.1245668957968,96.6355724147548,1805,1767.31061396297,1528.37266473732
1997-05-23,BOSTON,1997,6,5,6353,143,1398,BOSTON:1997:5:6,73.4592665663751,67.3685333739797,1148,1203.06115142511,1273.60737544625
1997-05-24,BOSTON,1997,7,5,6354,144,1383,BOSTON:1997:5:7,73.7898401592014,100,1618,1589.77607520914,1405.8341002207
1997-05-25,BOSTON,1997,1,5,6355,145,1323,BOSTON:1997:5:1,74.1161901039956,88.3654754121741,1385,1384.4118975144,1443.95405638142
1997-05-26,BOSTON,1997,2,5,6356,146,1301,BOSTON:1997:5:2,74.4382200750519,58.2558782130477,1279,1337.24176146315,1379.81614705542
1997-05-27,BOSTON,1997,3,5,6357,147,1404,BOSTON:1997:5:3,74.7558350198148,100,1516,1477.35258842049,1485.15093442078
1997-05-28,BOSTON,1997,4,5,6358,148,1437,BOSTON:1997:5:4,75.0689411870738,85.4765991828939,1541,1570.29138142288,1521.16469495578
1997-05-29,BOSTON,1997,5,5,6359,149,1480,BOSTON:1997:5:5,75.3774461547805,100,1600,1588.33222784427,1645.23152395065
1997-05-30,BOSTON,1997,6,5,6360,150,1367,BOSTON:1997:5:6,75.6812588574696,48.7286510884162,1340,1298.15885906266,1310.09974082827
1997-05-31,BOSTON,1997,7,5,6361,151,1362,BOSTON:1997:5:7,75.9802896132808,96.1685184691216,1395,1445.97520301484,1423.01253583715
1997-06-01,BOSTON,1997,1,6,6362,152,1339,BOSTON:1997:6:1,76.2744501505753,100,1471,1555.23008697414,1346.77606966886
1997-06-02,BOSTON,1997,2,6,6363,153,1333,BOSTON:1997:6:2,76.5636536341322,93.99604568511,1442,1391.25550873808,1411.22567099224
1997-06-03,BOSTON,1997,3,6,6364,154,1388,BOSTON:1997:6:3,76.8478146909258,96.1653132239809,1292,1324.86108540903,1466.13225549592
1997-06-04,BOSTON,1997,4,6,6365,155,1459,BOSTON:1997:6:4,77.126849435467,100,1423,1350.65585687848,1545.17901340371
1997-06-05,BOSTON,1997,5,6,6366,156,1416,BOSTON:1997:6:5,77.4006754947104,65.2900532023259,1574,1613.27694489973,1417.05261845507
1997-06-06,BOSTON,1997,6,6,6367,157,1383,BOSTON:1997:6:6,77.6692120325117,69.3907397300301,1404,1432.10404967045,1467.73643715868
1997-06-07,BOSTON,1997,7,6,6368,158,1307,BOSTON:1997:6:7,77.9323797736326,55.4057957272055,1327,1242.69194206043,1260.79735927956
1997-06-08,BOSTON,1997,1,6,6369,159,1289,BOSTON:1997:6:1,78.1901010272872,72.277006419174,1370,1306.33001137635,1224.72137845546
1997-06-09,BOSTON,1997,2,6,6370,160,1302,BOSTON:1997:6:2,78.4422997102166,73.039782307672,1184,1189.51345184589,1278.28715482452
1997-06-10,BOSTON,1997,3,6,6371,161,1368,BOSTON:1997:6:3,78.6889013692937,85.6868201026893,1344,1339.80395542309,1331.3048940648
1997-06-11,BOSTON,1997,4,6,6372,162,1405,BOSTON:1997:6:4,78.9298332036434,72.7552725883162,1435,1433.81780642381,1391.91750138523
1997-06-12,BOSTON,1997,5,6,6373,163,1389,BOSTON:1997:6:5,79.1650240862764,49.6103956684492,1112,1113.90288307786,1286.04342679928
1997-06-13,BOSTON,1997,6,6,6374,164,1400,BOSTON:1997:6:6,79.3944045852291,90.2705563951637,1274,1270.54148772122,1429.30620759614
1997-06-14,BOSTON,1997,7,6,6375,165,1291,BOSTON:1997:6:7,79.6179069842021,46.9433427003953,1173,1117.44064322353,1237.4551014479
1997-06-15,BOSTON,1997,1,6,6376,166,1264,BOSTON:1997:6:1,79.8354653026936,55.6409489423995,1102,1089.95299511182,1189.80884830269
1997-06-16,BOSTON,1997,2,6,6377,167,1340,BOSTON:1997:6:2,80.0470153156179,100,1578,1566.22790470055,1316.20005192421
1997-06-17,BOSTON,1997,3,6,6378,168,1356,BOSTON:1997:6:3,80.2524945724085,80.8514590796344,1476,1539.96674644743,1364.67939024542
1997-06-18,BOSTON,1997,4,6,6379,169,1389,BOSTON:1997:6:4,80.4518424155947,65.2371390764426,1513,1506.31805079287,1407.12631067517
1997-06-19,BOSTON,1997,5,6,6380,170,1378,BOSTON:1997:6:5,80.6449999988489,45.8341654951163,1323,1312.98661594426,1284.24071236199
1997-06-20,BOSTON,1997,6,6,6381,171,1368,BOSTON:1997:6:6,80.8319103045009,68.478241565413,1549,1515.71440134479,1382.59704187138
1997-06-21,BOSTON,1997,7,6,6382,172,1355,BOSTON:1997:6:7,81.012518160509,100,1207,1207.87008717013,1312.61257013653
1997-06-22,BOSTON,1997,1,6,6383,173,1261,BOSTON:1997:6:1,81.1867702568886,57.4123733330523,1039,1024.67222181243,1227.60452025096
1997-06-23,BOSTON,1997,2,6,6384,174,1290,BOSTON:1997:6:2,81.354615161589,73.1872056558939,920,946.54803791141,1278.33089611434
1997-06-24,BOSTON,1997,3,6,6385,175,1356,BOSTON:1997:6:3,81.5160033358152,85.5254931975979,1396,1395.92632195962,1345.88346020002
1997-06-25,BOSTON,1997,4,6,6386,176,1403,BOSTON:1997:6:4,81.6708871487925,81.2875506699482,1402,1426.20792438601,1428.7771745349
1997-06-26,BOSTON,1997,5,6,6387,177,1435,BOSTON:1997:6:5,81.8192208919637,97.4143010157123,1387,1369.25513804274,1408.66324238781
1997-06-27,BOSTON,1997,6,6,6388,178,1405,BOSTON:1997:6:6,81.960960792622,100,1579,1555.07364742398,1526.36031337454
1997-06-28,BOSTON,1997,7,6,6389,179,1313,BOSTON:1997:6:7,82.0960650269686,75.7670533613114,1438,1389.13481367116,1334.13496913831
1997-06-29,BOSTON,1997,1,6,6390,180,1262,BOSTON:1997:6:1,82.2244937325966,62.9640869986404,1266,1267.78436640187,1259.08918332453
1997-06-30,BOSTON,1997,2,6,6391,181,1297,BOSTON:1997:6:2,82.3462090203938,82.7568369550098,1487,1515.20045030945,1326.95622614928
1997-07-01,BOSTON,1997,3,7,6392,182,1333,BOSTON:1997:7:3,82.4611749858624,68.5797503180831,1560,1553.86804386416,1403.51971622639
1997-07-02,BOSTON,1997,4,7,6393,183,1429,BOSTON:1997:7:4,82.5693577198532,100,1597,1622.79633677056,1516.19313204143
1997-07-03,BOSTON,1997,5,7,6394,184,1394,BOSTON:1997:7:5,82.6707253187074,66.1952538044303,1498,1495.28681709593,1422.82134764073
1997-07-04,BOSTON,1997,6,7,6395,185,1376,BOSTON:1997:7:6,82.7652478938088,82.4645448194914,1243,1265.99003265993,1304.89880242071
1997-07-05,BOSTON,1997,7,7,6396,186,1286,BOSTON:1997:7:7,82.852897580537,54.6208024996435,1276,1258.14881077225,1223.35713202357
1997-07-06,BOSTON,1997,1,7,6397,187,1265,BOSTON:1997:7:1,82.9336485466243,68.0433678197929,1231,1248.62627700493,1292.44594262931
1997-07-07,BOSTON,1997,2,7,6398,188,1321,BOSTON:1997:7:2,83.0074769999111,100,1342,1358.1847643619,1387.64020380001
1997-07-08,BOSTON,1997,3,7,6399,189,1344,BOSTON:1997:7:3,83.0743611954972,81.3828023082465,1543,1524.07019411167,1423.79611912782
1997-07-09,BOSTON,1997,4,7,6400,190,1395,BOSTON:1997:7:4,83.1342814422888,79.8781236915593,1228,1234.96238375109,1483.33295608599
1997-07-10,BOSTON,1997,5,7,6401,191,1386,BOSTON:1997:7:5,83.1872201089372,62.1734057490338,1215,1221.39536798624,1401.50694750247
1997-07-11,BOSTON,1997,6,7,6402,192,1355,BOSTON:1997:7:6,83.233161629169,66.4075862709347,1388,1347.52859321628,1269.56398392397
1997-07-12,BOSTON,1997,7,7,6403,193,1320,BOSTON:1997:7:7,83.2720925065051,86.1124994570683,1106,1143.93029711822,1257.0066269905
1997-07-13,BOSTON,1997,1,7,6404,194,1297,BOSTON:1997:7:1,83.3040013183672,99.0809654813092,1521,1481.49697798555,1377.65306247143
1997-07-14,BOSTON,1997,2,7,6405,195,1269,BOSTON:1997:7:2,83.3288787195712,61.2517581537619,1224,1262.34453724301,1349.67617646651
1997-07-15,BOSTON,1997,3,7,6406,196,1320,BOSTON:1997:7:3,83.3467174452064,61.3244811599409,974,1010.11713330062,1364.08015082326
1997-07-16,BOSTON,1997,4,7,6407,197,1433,BOSTON:1997:7:4,83.3575123128982,100,1486,1436.32237691413,1499.37662638017
1997-07-17,BOSTON,1997,5,7,6408,198,1380,BOSTON:1997:7:5,83.3612602244554,57.7190891949882,1418,1424.08764345016,1422.40603240938
1997-07-18,BOSTON,1997,6,7,6409,199,1334,BOSTON:1997:7:6,83.3579601669009,48.8094527176838,1218,1221.91190106317,1254.05620615557
1997-07-19,BOSTON,1997,7,7,6410,200,1298,BOSTON:1997:7:7,83.347613212885,67.4270464198195,1115,1118.86881232314,1193.58667438647
1997-07-20,BOSTON,1997,1,7,6411,201,1292,BOSTON:1997:7:1,83.3302225204817,94.2430971478744,1294,1292.30694871176,1336.42546726536
1997-07-21,BOSTON,1997,2,7,6412,202,1293,BOSTON:1997:7:2,83.3057933323677,83.8611084734682,1485,1472.1323842692,1379.15794150637
1997-07-22,BOSTON,1997,3,7,6413,203,1330,BOSTON:1997:7:3,83.2743329743851,70.1679028852839,1260,1270.35796589612,1387.82161597951
1997-07-23,BOSTON,1997,4,7,6414,204,1372,BOSTON:1997:7:4,83.2358508534865,61.6967584589632,1531,1529.20744629365,1420.54956081212
1997-07-24,BOSTON,1997,5,7,6415,205,1452,BOSTON:1997:7:5,83.190358455065,100,1676,1709.86696805606,1460.12558217383
1997-07-25,BOSTON,1997,6,7,6416,206,1395,BOSTON:1997:7:6,83.1378693396689,100,1363,1285.67147294892,1383.48100749977
1997-07-26,BOSTON,1997,7,7,6417,207,1309,BOSTON:1997:7:7,83.0783991391014,76.590281852166,1471,1484.54137622022,1294.04956660237
1997-07-27,BOSTON,1997,1,7,6418,208,1250,BOSTON:1997:7:1,83.0119655519085,55.3532282291273,1279,1265.0017006121,1318.47552763338
1997-07-28,BOSTON,1997,2,7,6419,209,1308,BOSTON:1997:7:2,82.9385883382534,95.8913360301418,1457,1391.18981640069,1391.52567823077
1997-07-29,BOSTON,1997,3,7,6420,210,1355,BOSTON:1997:7:3,82.8582893141821,90.0370505049169,1719,1683.55475434428,1476.78239784863
1997-07-30,BOSTON,1997,4,7,6421,211,1412,BOSTON:1997:7:4,82.7710923452789,93.31187758296,1626,1631.04994417284,1548.54772467796
1997-07-31,BOSTON,1997,5,7,6422,212,1434,BOSTON:1997:7:5,82.6770233397162,100,1426,1455.72978701297,1526.14009026469
1997-08-01,BOSTON,1997,6,8,6423,213,1384,BOSTON:1997:8:6,82.5761102406991,89.4225343746816,1292,1279.12626251545,1453.94412463352
1997-08-02,BOSTON,1997,7,8,6424,214,1286,BOSTON:1997:8:7,82.4683830183068,53.7369271315703,1436,1400.26794662355,1417.4823561643
1997-08-03,BOSTON,1997,1,8,6425,215,1297,BOSTON:1997:8:1,82.3538736607347,96.2007608315375,1545,1439.59429875159,1444.31177871534
1997-08-04,BOSTON,1997,2,8,6426,216,1259,BOSTON:1997:8:2,82.232616164938,48.6562358455103,1483,1452.50683548117,1372.7032732707
1997-08-05,BOSTON,1997,3,8,6427,217,1388,BOSTON:1997:8:3,82.1046465266806,100,1668,1654.74149171199,1402.8061017373
1997-08-06,BOSTON,1997,4,8,6428,218,1440,BOSTON:1997:8:4,81.9700027299926,100,1544,1543.90356399067,1570.67348948918
1997-08-07,BOSTON,1997,5,8,6429,219,1443,BOSTON:1997:8:5,81.8287247360376,100,1566,1571.57547361933,1551.88066340485
1997-08-08,BOSTON,1997,6,8,6430,220,1358,BOSTON:1997:8:6,81.6808544713957,64.1332969078747,1511,1500.30913901897,1416.16234577144
1997-08-09,BOSTON,1997,7,8,6431,221,1327,BOSTON:1997:8:7,81.5264358157627,86.976698846124,1512,1559.10686005979,1435.73168590767
1997-08-10,BOSTON,1997,1,8,6432,222,1273,BOSTON:1997:8:1,81.3655145890724,70.4238427854788,1283,1341.85254614547,1413.91152845095
1997-08-11,BOSTON,1997,2,8,6433,223,1335,BOSTON:1997:8:2,81.1981385380424,100,1354,1339.62985662016,1447.82727121254
1997-08-12,BOSTON,1997,3,8,6434,224,1380,BOSTON:1997:8:3,81.0243573221501,100,1325,1311.51556392412,1446.90785893494
1997-08-13,BOSTON,1997,4,8,6435,225,1423,BOSTON:1997:8:4,80.8442224990415,96.2526157484229,1549,1524.79645155775,1583.75001716002
1997-08-14,BOSTON,1997,5,8,6436,226,1443,BOSTON:1997:8:5,80.6577875093774,100,1579,1573.13535467657,1571.97287904888
1997-08-15,BOSTON,1997,6,8,6437,227,1403,BOSTON:1997:8:6,80.4651076611217,97.4234211756002,1551,1546.01287041802,1496.71223537985
1997-08-16,BOSTON,1997,7,8,6438,228,1310,BOSTON:1997:8:7,80.2662401132762,68.0473722888633,1337,1356.20577262334,1468.45752283259
1997-08-17,BOSTON,1997,1,8,6439,229,1319,BOSTON:1997:8:1,80.0612438590665,100,1382,1340.73746579984,1489.49782345202
1997-08-18,BOSTON,1997,2,8,6440,230,1268,BOSTON:1997:8:2,79.8501797085853,48.74091391873,1446,1447.68928461797,1395.82064475228
1997-08-19,BOSTON,1997,3,8,6441,231,1361,BOSTON:1997:8:3,79.6331102708949,84.1127808048053,1425,1381.60766217797,1376.48455567947
1997-08-20,BOSTON,1997,4,8,6442,232,1394,BOSTON:1997:8:4,79.4100999355991,66.7015618238342,1633,1641.91169987528,1468.55612046538
1997-08-21,BOSTON,1997,5,8,6443,233,1446,BOSTON:1997:8:5,79.1812148538846,97.7959280169997,1419,1366.96464908775,1474.04192150129
1997-08-22,BOSTON,1997,6,8,6444,234,1397,BOSTON:1997:8:6,78.9465229190425,87.5307116052606,1240,1197.53810283339,1416.92757745837
1997-08-23,BOSTON,1997,7,8,6445,235,1320,BOSTON:1997:8:7,78.7060937464705,71.1361396212599,1351,1326.99792322464,1393.90752368281
1997-08-24,BOSTON,1997,1,8,6446,236,1321,BOSTON:1997:8:1,78.4599986531669,100,1509,1515.10290327242,1446.82832543154
1997-08-25,BOSTON,1997,2,8,6447,237,1310,BOSTON:1997:8:2,78.2083106367193,81.6854437231362,1358,1347.87331470874,1424.64881076425
1997-08-26,BOSTON,1997,3,8,6448,238,1389,BOSTON:1997:8:3,77.9511043537927,100,1254,1261.02241432833,1445.80148364422
1997-08-27,BOSTON,1997,4,8,6449,239,1416,BOSTON:1997:8:4,77.6884560981294,78.7952245348593,1437,1405.99759639713,1540.02037288723
1997-08-28,BOSTON,1997,5,8,6450,240,1441,BOSTON:1997:8:5,77.4204437780591,87.8716235581251,1532,1512.7146779811,1498.1045360435
1997-08-29,BOSTON,1997,6,8,6451,241,1372,BOSTON:1997:8:6,77.1471468935328,60.4292629792893,1567,1611.88655007923,1377.25371675638
1997-08-30,BOSTON,1997,7,8,6452,242,1317,BOSTON:1997:8:7,76.8686465126841,62.0832739141218,1439,1482.63972311359,1359.42091141824
1997-08-31,BOSTON,1997,1,8,6453,243,1336,BOSTON:1997:8:1,76.5850252479234,100,1498,1479.9056469411,1422.4505439497
1997-09-01,BOSTON,1997,2,9,6454,244,1351,BOSTON:1997:9:2,76.2963672315764,100,1507,1471.89029949144,1447.54980727879
1997-09-02,BOSTON,1997,3,9,6455,245,1349,BOSTON:1997:9:3,76.0027580910684,61.170864425818,1271,1277.26234962701,1387.42966493671
1997-09-03,BOSTON,1997,4,9,6456,246,1429,BOSTON:1997:9:4,75.7042849236685,83.0458861459564,1644,1596.11335283656,1470.13336074175
1997-09-04,BOSTON,1997,5,9,6457,247,1423,BOSTON:1997:9:5,75.401036270794,65.6712380115804,1703,1636.49381760601,1577.7804280024
1997-09-05,BOSTON,1997,6,9,6458,248,1440,BOSTON:1997:9:6,75.0931020918879,100,1614,1604.95908760073,1635.26022023994
1997-09-06,BOSTON,1997,7,9,6459,249,1373,BOSTON:1997:9:7,74.7805737378758,100,1634,1619.63592509472,1514.23872729055
1997-09-07,BOSTON,1997,1,9,6460,250,1305,BOSTON:1997:9:1,74.4635439242071,75.7625891893937,1498,1402.12231399082,1407.27689676665
1997-09-08,BOSTON,1997,2,9,6461,251,1317,BOSTON:1997:9:2,74.1421067034949,73.5662518739824,1502,1512.59668365715,1394.05499829845
1997-09-09,BOSTON,1997,3,9,6462,252,1363,BOSTON:1997:9:3,73.8163574377539,66.0534617805387,1555,1599.02974925224,1360.02060119691
1997-09-10,BOSTON,1997,4,9,6463,253,1460,BOSTON:1997:9:4,73.4863927702532,99.9899405518659,1410,1371.14060019864,1519.52682616483
1997-09-11,BOSTON,1997,5,9,6464,254,1479,BOSTON:1997:9:5,73.1523105969876,100,1790,1803.65393350835,1692.32107006084
1997-09-12,BOSTON,1997,6,9,6465,255,1386,BOSTON:1997:9:6,72.8142100377739,56.8406976774134,1507,1539.01495004563,1574.5750827519
1997-09-13,BOSTON,1997,7,9,6466,256,1375,BOSTON:1997:9:7,72.4721914069884,96.7916732403607,1542,1545.73896059699,1471.97112691145
1997-09-14,BOSTON,1997,1,9,6467,257,1310,BOSTON:1997:9:1,72.1263561839437,71.7677505593015,1408,1368.07177822599,1392.50338476414
1997-09-15,BOSTON,1997,2,9,6468,258,1335,BOSTON:1997:9:2,71.7768069829245,80.6343344349798,1206,1250.20620230288,1407.81035906406
1997-09-16,BOSTON,1997,3,9,6469,259,1372,BOSTON:1997:9:3,71.4236475228813,64.4888494354222,1248,1219.80261133353,1360.3660890394
1997-09-17,BOSTON,1997,4,9,6470,260,1399,BOSTON:1997:9:4,71.0669825967985,41.5096384842532,1413,1420.23701169399,1381.72372619651
1997-09-18,BOSTON,1997,5,9,6471,261,1421,BOSTON:1997:9:5,70.706918040743,47.3440154609139,1356,1358.03616493082,1492.87992006423
1997-09-19,BOSTON,1997,6,9,6472,262,1374,BOSTON:1997:9:6,70.3435607025995,37.9802968892864,1423,1456.02630557769,1437.9759047615
1997-09-20,BOSTON,1997,7,9,6473,263,1344,BOSTON:1997:9:7,69.9770184105089,61.6348431293679,1266,1271.95025439874,1322.07987959744
1997-09-21,BOSTON,1997,1,9,6474,264,1335,BOSTON:1997:9:1,69.6073999410106,84.5480633681251,1205,1238.51129447627,1319.00045869866
1997-09-22,BOSTON,1997,2,9,6475,265,1313,BOSTON:1997:9:2,69.2348149869068,52.1651668551786,1452,1469.0399119464,1301.80797999433
1997-09-23,BOSTON,1997,3,9,6476,266,1380,BOSTON:1997:9:3,68.8593741248494,62.2253103226556,1275,1296.00075831419,1294.3971165799
1997-09-24,BOSTON,1997,4,9,6477,267,1470,BOSTON:1997:9:4,68.4811887826671,89.7892683681001,1336,1356.80435939755,1431.6160868942
1997-09-25,BOSTON,1997,5,9,6478,268,1484,BOSTON:1997:9:5,68.1003712064379,88.7453906999694,1518,1597.81535591584,1604.01858187648
1997-09-26,BOSTON,1997,6,9,6479,269,1411,BOSTON:1997:9:6,67.7170344273157,59.7042701643489,1645,1640.28379204528,1541.18879224536
1997-09-27,BOSTON,1997,7,9,6480,270,1382,BOSTON:1997:9:7,67.3312922281264,84.5835087418607,1278,1264.52510228909,1411.71026620426
1997-09-28,BOSTON,1997,1,9,6481,271,1323,BOSTON:1997:9:1,66.9432591097359,64.6341521791112,1349,1290.54243013815,1341.21925977426
1997-09-29,BOSTON,1997,2,9,6482,272,1318,BOSTON:1997:9:2,66.5530502572062,47.3343219057995,1201,1255.16234499003,1316.77685536355
1997-09-30,BOSTON,1997,3,9,6483,273,1371,BOSTON:1997:9:3,66.1607815057479,45.432327765736,1336,1329.5267538374,1282.78652825093
1997-10-01,BOSTON,1997,4,10,6484,274,1413,BOSTON:1997:10:4,65.7665693064746,34.4464548214864,1362,1391.90396938672,1428.1520451367
1997-10-02,BOSTON,1997,5,10,6485,275,1474,BOSTON:1997:10:5,65.3705306919782,71.3341044527969,1517,1514.31547384056,1486.99882000182
1997-10-03,BOSTON,1997,6,10,6486,276,1471,BOSTON:1997:10:6,64.9727832417255,97.6971925663082,1648,1605.5243215294,1598.88986948786
1997-10-04,BOSTON,1997,7,10,6487,277,1334,BOSTON:1997:10:7,64.5734450472958,33.317597799047,1242,1216.60716531448,1352.72244480513
1997-10-05,BOSTON,1997,1,10,6488,278,1351,BOSTON:1997:10:1,64.1726346774601,79.4343265629948,1340,1341.78741486462,1371.84277284979
1997-10-06,BOSTON,1997,2,10,6489,279,1309,BOSTON:1997:10:2,63.7704711431208,28.881738171963,1412,1399.33702185765,1436.33929471989
1997-10-07,BOSTON,1997,3,10,6490,280,1446,BOSTON:1997:10:3,63.3670738621187,97.645328387389,1325,1378.49440713209,1562.79094386514
1997-10-08,BOSTON,1997,4,10,6491,281,1502,BOSTON:1997:10:4,62.9625626239137,95.8592868740813,1696,1621.06415915147,1639.74712565754
1997-10-09,BOSTON,1997,5,10,6492,282,1493,BOSTON:1997:10:5,62.5570575541594,76.5309845118561,1840,1830.261350476,1614.35915508144
1997-10-10,BOSTON,1997,6,10,6493,283,1463,BOSTON:1997:10:6,62.1506790791709,81.4394206924435,1375,1324.74839904692,1642.27043694718
1997-10-11,BOSTON,1997,7,10,6494,284,1375,BOSTON:1997:10:7,61.7435478903049,58.0759618845464,1498,1504.99941965545,1394.30598164787
1997-10-12,BOSTON,1997,1,10,6495,285,1361,BOSTON:1997:10:1,61.3357849082597,77.9395952530824,1354,1365.53344597209,1402.89545522645
1997-10-13,BOSTON,1997,2,10,6496,286,1371,BOSTON:1997:10:2,60.9275112473018,73.3654673592731,1240,1236.18551120522,1498.20578485768
1997-10-14,BOSTON,1997,3,10,6497,287,1373,BOSTON:1997:10:3,60.5188481794386,26.4049957325398,1410,1380.92850561283,1455.46415773418
1997-10-15,BOSTON,1997,4,10,6498,288,1473,BOSTON:1997:10:4,60.1099170985367,62.6552881168868,1459,1423.97025233214,1473.53508282919
1997-10-16,BOSTON,1997,5,10,6499,289,1508,BOSTON:1997:10:5,59.7008394844078,77.2594986435205,1322,1327.14933182127,1521.02724784103
1997-10-17,BOSTON,1997,6,10,6500,290,1407,BOSTON:1997:10:6,59.2917368668623,25.7158954293027,1418,1366.68109124935,1507.14213112402
1997-10-18,BOSTON,1997,7,10,6501,291,1404,BOSTON:1997:10:7,58.8827307897492,72.7709743569477,1422,1446.07885081868,1348.05647118796
1997-10-19,BOSTON,1997,1,10,6502,292,1380,BOSTON:1997:10:1,58.47394277499,83.0964506898908,1304,1332.87479779435,1377.07607703758
1997-10-20,BOSTON,1997,2,10,6503,293,1363,BOSTON:1997:10:2,58.0654942866138,55.8990801910593,1598,1597.91402762233,1461.80669614433
1997-10-21,BOSTON,1997,3,10,6504,294,1402,BOSTON:1997:10:3,57.6575066948129,40.8608408069988,1686,1591.92694214597,1453.49253519693
1997-10-22,BOSTON,1997,4,10,6505,295,1506,BOSTON:1997:10:4,57.2501012400182,77.9228657178038,1369,1364.31932076267,1494.31623031659
1997-10-23,BOSTON,1997,5,10,6506,296,1488,BOSTON:1997:10:5,56.8433989970158,51.6046760128024,1636,1651.75515287347,1493.36714496348
1997-10-24,BOSTON,1997,6,10,6507,297,1490,BOSTON:1997:10:6,56.4375208391095,82.2510236248592,1623,1650.63237621758,1561.40010923008
1997-10-25,BOSTON,1997,7,10,6508,298,1408,BOSTON:1997:10:7,56.0325874023381,65.0519654418583,1289,1285.05512585234,1355.91510236323
1997-10-26,BOSTON,1997,1,10,6509,299,1355,BOSTON:1997:10:1,55.6287190497661,52.2256496728206,1479,1536.9042067808,1325.18569488368
1997-10-27,BOSTON,1997,2,10,6510,300,1376,BOSTON:1997:10:2,55.2260358358476,56.6277258896012,1570,1566.80553914643,1423.64822427436
1997-10-28,BOSTON,1997,3,10,6511,301,1473,BOSTON:1997:10:3,54.824657470885,88.0139527055093,1557,1535.18750728993,1506.25236320937
1997-10-29,BOSTON,1997,4,10,6512,302,1505,BOSTON:1997:10:4,54.4247032855826,67.2711042771305,1666,1611.29867763083,1516.24951607153
1997-10-30,BOSTON,1997,5,10,6513,303,1535,BOSTON:1997:10:5,54.0262921957144,77.7221654226848,1339,1366.61880141562,1538.2476321143
1997-10-31,BOSTON,1997,6,10,6514,304,1457,BOSTON:1997:10:6,53.6295426669115,46.2647583437668,1767,1716.97259048642,1521.29745321365
1997-11-01,BOSTON,1997,7,11,6515,305,1439,BOSTON:1997:11:7,53.2345726795793,80.5063319637739,1344,1338.86145544286,1375.71774674316
1997-11-02,BOSTON,1997,1,11,6516,306,1330,BOSTON:1997:11:1,52.8414996939595,19.6293637499097,1280,1256.99098790211,1386.33105849918
1997-11-03,BOSTON,1997,2,11,6517,307,1373,BOSTON:1997:11:2,52.4504406153406,43.7939727524477,1424,1396.09265937699,1481.90166512985
1997-11-04,BOSTON,1997,3,11,6518,308,1457,BOSTON:1997:11:3,52.0615117594332,64.9625343217247,1438,1417.85727548446,1292.61933979845
1997-11-05,BOSTON,1997,4,11,6519,309,1494,BOSTON:1997:11:4,51.6748288179179,48.0235631226925,1716,1688.06967746864,1549.35859528865
1997-11-06,BOSTON,1997,5,11,6520,310,1488,BOSTON:1997:11:5,51.2905068241735,31.2410935072904,1280,1314.53060508539,1409.28071362555
1997-11-07,BOSTON,1997,6,11,6521,311,1448,BOSTON:1997:11:6,50.908660119202,28.3764751826302,1297,1298.44108696406,1450.8027425036
1997-11-08,BOSTON,1997,7,11,6522,312,1430,BOSTON:1997:11:7,50.5294023177521,63.1656866942467,1378,1389.18608777635,1311.68741174801
1997-11-09,BOSTON,1997,1,11,6523,313,1389,BOSTON:1997:11:1,50.1528462746606,61.2220539969817,1406,1394.10128078132,1381.83704447829
1997-11-10,BOSTON,1997,2,11,6524,314,1385,BOSTON:1997:11:2,49.7791040514124,44.2536899808322,1758,1757.31375835598,1479.3088158768
1997-11-11,BOSTON,1997,3,11,6525,315,1458,BOSTON:1997:11:3,49.4082868829362,56.6962981907643,1204,1213.97154987065,1266.97984816776
1997-11-12,BOSTON,1997,4,11,6526,316,1498,BOSTON:1997:11:4,49.0405051446434,42.0863685746591,1571,1583.06122108159,1516.95685872429
1997-11-13,BOSTON,1997,5,11,6527,317,1526,BOSTON:1997:11:5,48.675868319716,51.2215130980086,1544,1570.75332853743,1402.20186287115
1997-11-14,BOSTON,1997,6,11,6528,318,1516,BOSTON:1997:11:6,48.3144849666617,72.6144534058161,1617,1607.5941451349,1504.53998521484
1997-11-15,BOSTON,1997,7,11,6529,319,1401,BOSTON:1997:11:7,47.956462687136,30.3188876488929,1160,1171.17849526107,1302.74507015242
1997-11-16,BOSTON,1997,1,11,6530,320,1400,BOSTON:1997:11:1,47.6019080940503,60.3260605947915,1459,1381.22020000555,1367.27411733028
1997-11-17,BOSTON,1997,2,11,6531,321,1392,BOSTON:1997:11:2,47.2509267799664,40.8305863723266,1217,1257.01439410549,1468.90883246801
1997-11-18,BOSTON,1997,3,11,6532,322,1461,BOSTON:1997:11:3,46.9036232857945,49.722653866371,1172,1160.4534168836,1260.15877228347
1997-11-19,BOSTON,1997,4,11,6533,323,1560,BOSTON:1997:11:4,46.5601010698004,79.9104798033944,1404,1368.60582744948,1583.1643152061
1997-11-20,BOSTON,1997,5,11,6534,324,1540,BOSTON:1997:11:5,46.2204624769286,52.9090591879569,1305,1328.07392736558,1438.41266863843
1997-11-21,BOSTON,1997,6,11,6535,325,1464,BOSTON:1997:11:6,45.8848087084571,23.2330361488367,1699,1649.58086191632,1469.30993469775
1997-11-22,BOSTON,1997,7,11,6536,326,1464,BOSTON:1997:11:7,45.5532397919858,72.4098745811323,1312,1314.35043705838,1334.3314182612
1997-11-23,BOSTON,1997,1,11,6537,327,1379,BOSTON:1997:11:1,45.2258545517721,34.1895247026146,1379,1447.45270918293,1369.47497346303
1997-11-24,BOSTON,1997,2,11,6538,328,1437,BOSTON:1997:11:2,44.9027505794217,69.1480137568576,1548,1469.59040237631,1516.88068652836
1997-11-25,BOSTON,1997,3,11,6539,329,1429,BOSTON:1997:11:3,44.5840242049399,15.2011005264449,1267,1268.39761653568,1261.24203975275
1997-11-26,BOSTON,1997,4,11,6540,330,1485,BOSTON:1997:11:4,44.2697704681581,13.645856951402,1470,1510.83663412757,1511.52023077988
1997-11-27,BOSTON,1997,5,11,6541,331,1504,BOSTON:1997:11:5,43.9600830905372,16.4747874981957,1521,1529.89616498588,1400.10475486654
1997-11-28,BOSTON,1997,6,11,6542,332,1533,BOSTON:1997:11:6,43.6550544473629,68.4404437585089,1335,1318.39369059623,1523.34733757927
1997-11-29,BOSTON,1997,7,11,6543,333,1428,BOSTON:1997:11:7,43.3547755403346,35.4549992110482,1469,1476.65475564695,1338.51835308732
1997-11-30,BOSTON,1997,1,11,6544,334,1431,BOSTON:1997:11:1,43.0593359705612,69.4755698300518,1390,1382.87379443873,1409.08280623101
1997-12-01,BOSTON,1997,2,12,6545,335,1402,BOSTON:1997:12:2,42.7688239119708,32.1142951260082,1371,1315.59660877582,1431.66323461
1997-12-02,BOSTON,1997,3,12,6546,336,1462,BOSTON:1997:12:3,42.4833260851382,33.5954177987231,1281,1276.58289284774,1308.85943918697
1997-12-03,BOSTON,1997,4,12,6547,337,1511,BOSTON:1997:12:4,42.2029277315443,26.0084158816454,1448,1408.29400256868,1445.80317428843
1997-12-04,BOSTON,1997,5,12,6548,338,1545,BOSTON:1997:12:5,41.9277125882694,40.1800109755025,1255,1308.98566356125,1374.98677750578
1997-12-05,BOSTON,1997,6,12,6549,339,1483,BOSTON:1997:12:6,41.6577628631315,22.0235631595536,1444,1397.72069951938,1523.26896665714
1997-12-06,BOSTON,1997,7,12,6550,340,1472,BOSTON:1997:12:7,41.3931592102766,62.9353208551786,1380,1376.21233134645,1363.98677611378
1997-12-07,BOSTON,1997,1,12,6551,341,1399,BOSTON:1997:12:1,41.1339807062245,35.6781632680281,1288,1292.41672996108,1396.33654621904
1997-12-08,BOSTON,1997,2,12,6552,342,1442,BOSTON:1997:12:2,40.8803048263843,57.6294157420824,1506,1528.48725525101,1430.2617565935
1997-12-09,BOSTON,1997,3,12,6553,343,1513,BOSTON:1997:12:3,40.632207422038,66.6446994598819,1382,1354.22751084636,1344.37268897308
1997-12-10,BOSTON,1997,4,12,6554,344,1574,BOSTON:1997:12:4,40.3897626978074,67.2410268733007,1550,1488.07123030276,1504.73907047195
1997-12-11,BOSTON,1997,5,12,6555,345,1541,BOSTON:1997:12:5,40.1530431896044,30.3702666201225,1505,1602.55845513121,1388.18758122501
1997-12-12,BOSTON,1997,6,12,6556,346,1521,BOSTON:1997:12:6,39.9221197430748,45.1165542782988,1667,1649.96332108538,1531.18690733063
1997-12-13,BOSTON,1997,7,12,6557,347,1417,BOSTON:1997:12:7,39.697061492542,11.6767847975178,1379,1336.68073077748,1325.16858564092
1997-12-14,BOSTON,1997,1,12,6558,348,1381,BOSTON:1997:12:1,39.4779358404539,13.9088810929879,1329,1327.67452472314,1370.9792223358
1997-12-15,BOSTON,1997,2,12,6559,349,1397,BOSTON:1997:12:2,39.2648084373437,14.2414299939051,1483,1492.2944061766,1404.77047104995
1997-12-16,BOSTON,1997,3,12,6560,350,1458,BOSTON:1997:12:3,39.0577431623055,16.8942852918221,1445,1444.54149203015,1315.10143102012
1997-12-17,BOSTON,1997,4,12,6561,351,1501,BOSTON:1997:12:4,38.856802103995,5.43295128359522,1488,1500.14867428911,1470.07336607477
1997-12-18,BOSTON,1997,5,12,6562,352,1538,BOSTON:1997:12:5,38.6620455421588,22.1975454501888,1410,1452.2955007712,1402.81811232447
1997-12-19,BOSTON,1997,6,12,6563,353,1479,BOSTON:1997:12:6,38.473531929696,6.52449741951561,1410,1451.20176617158,1553.05492782311
1997-12-20,BOSTON,1997,7,12,6564,354,1418,BOSTON:1997:12:7,38.2913178752625,7.05371431424108,1390,1382.29422142496,1360.40392839359
1997-12-21,BOSTON,1997,1,12,6565,355,1394,BOSTON:1997:12:1,38.1154581264173,19.0338071330962,1456,1435.69014312629,1411.49083340197
1997-12-22,BOSTON,1997,2,12,6566,356,1404,BOSTON:1997:12:2,37.946005553321,14.8136767920451,1347,1345.45690998424,1436.19043626012
1997-12-23,BOSTON,1997,3,12,6567,357,1461,BOSTON:1997:12:3,37.7830111329867,14.2930631271055,1333,1373.86781307485,1331.42033574777
1997-12-24,BOSTON,1997,4,12,6568,358,1558,BOSTON:1997:12:4,37.6265239340921,43.562610628802,1489,1492.60750825931,1495.79648211892
1997-12-25,BOSTON,1997,5,12,6569,359,1530,BOSTON:1997:12:5,37.4765911023549,11.2456736714064,1392,1408.87761748603,1396.00752894057
1997-12-26,BOSTON,1997,6,12,6570,360,1544,BOSTON:1997:12:6,37.3332578464757,51.7881922525699,1651,1725.94276453932,1564.48919819058
1997-12-27,BOSTON,1997,7,12,6571,361,1503,BOSTON:1997:12:7,37.1965674246549,70.562966142863,1301,1301.28321763107,1400.44070985404
1997-12-28,BOSTON,1997,1,12,6572,362,1438,BOSTON:1997:12:1,37.0665611316844,50.9233111086695,1532,1554.91687358891,1426.19339803697
1997-12-29,BOSTON,1997,2,12,6573,363,1476,BOSTON:1997:12:2,36.9432782866205,69.1459612683538,1455,1415.81569105714,1459.11410148352
1997-12-30,BOSTON,1997,3,12,6574,364,1531,BOSTON:1997:12:3,36.8267562210414,64.7716275106969,1211,1205.68338782366,1352.24610507631
1997-12-31,BOSTON,1997,4,12,6575,365,1601,BOSTON:1997:12:4,36.7170302678903,71.3553000606669,1455,1462.86483455882,1513.58790704821
1998-01-01,BOSTON,1998,5,1,6576,1,1545,BOSTON:1998:1:5,36.6141337509119,18.3098725605608,1586,1673.23201908271,1541.24684378792
1998-01-02,BOSTON,1998,6,1,6577,2,1555,BOSTON:1998:1:6,36.5180979746802,56.2071295113711,1275,1312.27984596642,1449.62398406316
1998-01-03,BOSTON,1998,7,1,6578,3,1482,BOSTON:1998:1:7,36.4289522152256,50.295036237673,1468,1435.48803309605,1386.42759338685
1998-01-04,BOSTON,1998,1,1,6579,4,1419,BOSTON:1998:1:1,36.3467237112601,31.8631410521013,1178,1192.46798919965,1430.973195883
1998-01-05,BOSTON,1998,2,1,6580,5,1456,BOSTON:1998:1:2,36.2714376560062,49.3731714020133,1409,1388.36471200611,1398.26554329471
1998-01-06,BOSTON,1998,3,1,6581,6,1467,BOSTON:1998:1:3,36.2031171896296,11.5920821746612,1563,1542.02547271653,1455.78015026932
1998-01-07,BOSTON,1998,4,1,6582,7,1513,BOSTON:1998:1:4,36.1417833922796,2.69259604601119,1416,1414.64681751269,1402.10216853306
1998-01-08,BOSTON,1998,5,1,6583,8,1538,BOSTON:1998:1:5,36.0874552777391,10.5723992674034,1656,1626.14899455069,1522.31561355596
1998-01-09,BOSTON,1998,6,1,6584,9,1550,BOSTON:1998:1:6,36.0401497876843,49.4862354036992,1696,1602.01557025173,1466.77108485748
1998-01-10,BOSTON,1998,7,1,6585,10,1451,BOSTON:1998:1:7,35.9998817865595,22.6746097400643,1613,1574.63049980158,1394.97593801647
1998-01-11,BOSTON,1998,1,1,6586,11,1414,BOSTON:1998:1:1,35.966664057064,25.3778383418239,1645,1554.99877473762,1446.36327974275
1998-01-12,BOSTON,1998,2,1,6587,12,1477,BOSTON:1998:1:2,35.9405072962563,63.9278377799947,1632,1568.56348742067,1432.16961637921
1998-01-13,BOSTON,1998,3,1,6588,13,1498,BOSTON:1998:1:3,35.9214201122752,34.3320156187049,1464,1483.58585558331,1492.7585260149
1998-01-14,BOSTON,1998,4,1,6589,14,1583,BOSTON:1998:1:4,35.9094090216779,53.2305459740558,1438,1508.86845128403,1443.20292325601
1998-01-15,BOSTON,1998,5,1,6590,15,1587,BOSTON:1998:1:5,35.9044784473981,45.4273165859076,1532,1522.98822413261,1538.15859004816
1998-01-16,BOSTON,1998,6,1,6591,16,1563,BOSTON:1998:1:6,35.9066307173224,57.8259296134228,1525,1531.84152867872,1445.18997167289
1998-01-17,BOSTON,1998,7,1,6592,17,1472,BOSTON:1998:1:7,35.9158660634879,38.1864326401141,1255,1266.14940458216,1362.32995866039
1998-01-18,BOSTON,1998,1,1,6593,18,1422,BOSTON:1998:1:1,35.9321826218987,30.7369726861255,1244,1260.00114095788,1408.3489631694
1998-01-19,BOSTON,1998,2,1,6594,19,1442,BOSTON:1998:1:2,35.9555764329634,35.4853511528126,1226,1288.15140782062,1373.49099301531
1998-01-20,BOSTON,1998,3,1,6595,20,1463,BOSTON:1998:1:3,35.9860414425526,5.19553296460402,1279,1315.274470936,1448.71894362454
1998-01-21,BOSTON,1998,4,1,6596,21,1571,BOSTON:1998:1:4,36.0235695036764,43.7915684360716,1434,1446.19696469353,1426.57091430836
1998-01-22,BOSTON,1998,5,1,6597,22,1587,BOSTON:1998:1:5,36.0681503787809,45.0239604045809,1426,1493.67520727281,1546.31024433834
1998-01-23,BOSTON,1998,6,1,6598,23,1503,BOSTON:1998:1:6,36.1197717426638,12.0651718284296,1335,1322.2120700368,1431.20406355145
1998-01-24,BOSTON,1998,7,1,6599,24,1462,BOSTON:1998:1:7,36.1784191860083,30.2308642689335,1074,1112.89338459323,1364.46406355265
1998-01-25,BOSTON,1998,1,1,6600,25,1410,BOSTON:1998:1:1,36.2440762195329,21.0194966608251,1641,1645.55323541314,1422.31456120149
1998-01-26,BOSTON,1998,2,1,6601,26,1433,BOSTON:1998:1:2,36.3167242787583,27.9573122097915,1326,1251.68527314791,1389.07384730987
1998-01-27,BOSTON,1998,3,1,6602,27,1528,BOSTON:1998:1:3,36.3963427293872,56.4701136892488,1595,1607.3517489758,1503.74238009318
1998-01-28,BOSTON,1998,4,1,6603,28,1607,BOSTON:1998:1:4,36.4829088732983,70.4696754584472,1468,1448.61203693314,1484.1239939008
1998-01-29,BOSTON,1998,5,1,6604,29,1576,BOSTON:1998:1:5,36.5763979551504,37.1622154821763,1503,1579.41873452561,1554.96870827553
1998-01-30,BOSTON,1998,6,1,6605,30,1563,BOSTON:1998:1:6,36.6767831695957,58.2203633235527,1416,1470.48842086337,1454.21089586002
1998-01-31,BOSTON,1998,7,1,6606,31,1510,BOSTON:1998:1:7,36.784035669101,69.2007388346098,1501,1534.74597222037,1402.80244638673
1998-02-01,BOSTON,1998,1,2,6607,32,1420,BOSTON:1998:2:1,36.8981245723725,30.574690637196,1140,1125.17743522464,1279.98708951117
1998-02-02,BOSTON,1998,2,2,6608,33,1476,BOSTON:1998:2:2,37.019016973384,64.0039022897261,1451,1443.46611537695,1401.39450148123
1998-02-03,BOSTON,1998,3,2,6609,34,1459,BOSTON:1998:2:3,37.1466779510034,4.14105889960285,1385,1380.06398411793,1371.39933712492
1998-02-04,BOSTON,1998,4,2,6610,35,1577,BOSTON:1998:2:4,37.2810705792178,50.3215135372263,1690,1734.24466741173,1500.48467200343
1998-02-05,BOSTON,1998,5,2,6611,36,1563,BOSTON:1998:2:5,37.422155937951,29.5256958248354,1402,1443.60946329133,1457.45620283086
1998-02-06,BOSTON,1998,6,2,6612,37,1513,BOSTON:1998:2:6,37.569893124472,22.3651696284819,1405,1388.05426576058,1290.47700583726
1998-02-07,BOSTON,1998,7,2,6613,38,1498,BOSTON:1998:2:7,37.7242392653916,61.4547969334144,1115,1189.41504356735,1277.9455696749
1998-02-08,BOSTON,1998,1,2,6614,39,1433,BOSTON:1998:2:1,37.8851495292417,43.1929156445346,1383,1386.53702705404,1290.82193703231
1998-02-09,BOSTON,1998,2,2,6615,40,1453,BOSTON:1998:2:2,38.0525771396357,48.2277186432044,1416,1459.16141018381,1385.89955759763
1998-02-10,BOSTON,1998,3,2,6616,41,1487,BOSTON:1998:2:3,38.2264733890047,28.5969131386814,1332,1372.46756172599,1370.28734175455
1998-02-11,BOSTON,1998,4,2,6617,42,1567,BOSTON:1998:2:4,38.4067876529055,45.9129060184689,1422,1393.01969371526,1479.45818873126
1998-02-12,BOSTON,1998,5,2,6618,43,1611,BOSTON:1998:2:5,38.593467404898,67.8971397232448,1533,1579.60041985942,1473.9259511743
1998-02-13,BOSTON,1998,6,2,6619,44,1563,BOSTON:1998:2:6,38.7864582319842,63.427168893172,1353,1317.07418959144,1324.31680199238
1998-02-14,BOSTON,1998,7,2,6620,45,1509,BOSTON:1998:2:7,38.985703850609,73.4888986591033,1493,1496.15134037292,1301.10479440927
1998-02-15,BOSTON,1998,1,2,6621,46,1418,BOSTON:1998:2:1,39.1911461232122,34.493753200386,1470,1505.91829320294,1288.37470098101
1998-02-16,BOSTON,1998,2,2,6622,47,1471,BOSTON:1998:2:2,39.4027250753332,65.6905234399799,1350,1390.6813735156,1405.17864095134
1998-02-17,BOSTON,1998,3,2,6623,48,1484,BOSTON:1998:2:3,39.6203789132584,30.1525816315722,1385,1366.48144430539,1386.46522423265
1998-02-18,BOSTON,1998,4,2,6624,49,1514,BOSTON:1998:2:4,39.8440440422074,9.54480192895615,1406,1401.10915908959,1472.80020394677
1998-02-19,BOSTON,1998,5,2,6625,50,1559,BOSTON:1998:2:5,40.0736550850556,33.0569152537496,1489,1560.74537666615,1443.92972509952
1998-02-20,BOSTON,1998,6,2,6626,51,1527,BOSTON:1998:2:6,40.3091449015822,40.2485815486919,1269,1275.70959481443,1296.99136851941
1998-02-21,BOSTON,1998,7,2,6627,52,1485,BOSTON:1998:2:7,40.5504446082438,59.3581784308578,1299,1296.09133108752,1279.77209888847
1998-02-22,BOSTON,1998,1,2,6628,53,1398,BOSTON:1998:2:1,40.7974835984632,21.9881138984337,1144,1144.69169251913,1277.81627247427
1998-02-23,BOSTON,1998,2,2,6629,54,1425,BOSTON:1998:2:2,41.0501895634292,33.6183523245922,1345,1317.0135622355,1369.52729996573
1998-02-24,BOSTON,1998,3,2,6630,55,1485,BOSTON:1998:2:3,41.3084885134029,35.4923630767169,1396,1395.04102451724,1369.84809689019
1998-02-25,BOSTON,1998,4,2,6631,56,1576,BOSTON:1998:2:4,41.5723047995199,60.9246939614606,1442,1502.53315155739,1507.25693531886
1998-02-26,BOSTON,1998,5,2,6632,57,1566,BOSTON:1998:2:5,41.8415611360881,43.8114977029812,1412,1453.85094949977,1460.68812089786
1998-02-27,BOSTON,1998,6,2,6633,58,1488,BOSTON:1998:2:6,42.1161786233674,14.7944101760763,1163,1175.80191114049,1278.21482364892
1998-02-28,BOSTON,1998,7,2,6634,59,1456,BOSTON:1998:2:7,42.3960767708315,41.186937403266,1194,1211.30267605746,1242.17753702877
1998-03-01,BOSTON,1998,1,3,6635,60,1383,BOSTON:1998:3:1,42.6811735208996,14.8108665219426,1276,1274.2515497171,1302.55756689124
1998-03-02,BOSTON,1998,2,3,6636,61,1465,BOSTON:1998:3:2,42.9713852731335,70.6288903420615,1503,1440.63108924819,1457.69889866946
1998-03-03,BOSTON,1998,3,3,6637,62,1492,BOSTON:1998:3:3,43.2666269088942,46.8143392591584,1445,1452.60660591441,1441.05387706841
1998-03-04,BOSTON,1998,4,3,6638,63,1585,BOSTON:1998:3:4,43.5668118164462,73.424328466091,1368,1378.92778561208,1480.51708507245
1998-03-05,BOSTON,1998,5,3,6639,64,1585,BOSTON:1998:3:5,43.8718519165083,63.2259561811477,1708,1693.44280033973,1539.00462190682
1998-03-06,BOSTON,1998,6,3,6640,65,1531,BOSTON:1998:3:6,44.1816576882369,54.1397390780143,1495,1480.80915115373,1515.97486040312
1998-03-07,BOSTON,1998,7,3,6641,66,1439,BOSTON:1998:3:7,44.4961381956402,33.4196360266234,1339,1325.48130405172,1231.84265510825
1998-03-08,BOSTON,1998,1,3,6642,67,1435,BOSTON:1998:3:1,44.8152011144105,64.1026568203363,1362,1404.7351960383,1333.58479587555
1998-03-09,BOSTON,1998,2,3,6643,68,1407,BOSTON:1998:3:2,45.1387527591691,29.8666730227091,1504,1455.28056888234,1416.3137306803
1998-03-10,BOSTON,1998,3,3,6644,69,1459,BOSTON:1998:3:3,45.4666981111177,27.2458182471701,1472,1466.10923157029,1390.59316905535
1998-03-11,BOSTON,1998,4,3,6645,70,1494,BOSTON:1998:3:4,45.7989408460817,10.9571472009084,1307,1365.0527790276,1395.45629040129
1998-03-12,BOSTON,1998,5,3,6646,71,1542,BOSTON:1998:3:5,46.1353833629459,38.0979482881434,1291,1300.88530726308,1479.63472476
1998-03-13,BOSTON,1998,6,3,6647,72,1525,BOSTON:1998:3:6,46.4759268124666,56.690130471446,1566,1578.20108551061,1511.43130745382
1998-03-14,BOSTON,1998,7,3,6648,73,1474,BOSTON:1998:3:7,46.8204711264545,68.6675425435962,1263,1269.20148160831,1278.19743643911
1998-03-15,BOSTON,1998,1,3,6649,74,1379,BOSTON:1998:3:1,47.1689150473233,25.0000149817336,1326,1231.28797353354,1330.53182186933
1998-03-16,BOSTON,1998,2,3,6650,75,1461,BOSTON:1998:3:2,47.5211561579867,81.2447355703129,1597,1591.64788664075,1478.90750497217
1998-03-17,BOSTON,1998,3,3,6651,76,1490,BOSTON:1998:3:3,47.8770909121055,58.8229567173664,1336,1366.61962562374,1456.53430041209
1998-03-18,BOSTON,1998,4,3,6652,77,1563,BOSTON:1998:3:4,48.2366146646659,70.9494542387533,1506,1481.8335601153,1483.90669949242
1998-03-19,BOSTON,1998,5,3,6653,78,1586,BOSTON:1998:3:5,48.599621702888,78.226460877777,1591,1634.12926538083,1576.27331053766
1998-03-20,BOSTON,1998,6,3,6654,79,1514,BOSTON:1998:3:6,48.9660052774505,55.8443269348735,1699,1690.33121462639,1541.22282555603
1998-03-21,BOSTON,1998,7,3,6655,80,1424,BOSTON:1998:3:7,49.3356576340227,36.0339608054562,1204,1247.26329714674,1249.01440280371
1998-03-22,BOSTON,1998,1,3,6656,81,1423,BOSTON:1998:3:1,49.708470045099,69.2378595070671,1482,1477.87879794627,1350.07695257991
1998-03-23,BOSTON,1998,2,3,6657,82,1435,BOSTON:1998:3:2,50.0843328421185,68.0752193785454,1356,1380.5444542391,1469.13256509895
1998-03-24,BOSTON,1998,3,3,6658,83,1502,BOSTON:1998:3:3,50.4631354478699,76.3620947539386,1707,1680.91877840565,1480.49286745301
1998-03-25,BOSTON,1998,4,3,6659,84,1520,BOSTON:1998:3:4,50.844766409163,46.6012436105205,1631,1613.14669167318,1452.11992503763
1998-03-26,BOSTON,1998,5,3,6660,85,1571,BOSTON:1998:3:5,51.2291134297625,75.1719455383495,1548,1521.43233753103,1543.08734279731
1998-03-27,BOSTON,1998,6,3,6661,86,1511,BOSTON:1998:3:6,51.6160634035745,61.681277846595,1345,1359.60421337493,1536.37100658724
1998-03-28,BOSTON,1998,7,3,6662,87,1423,BOSTON:1998:3:7,52.0055024480718,43.6976662828858,1204,1201.78357421281,1250.94550565336
1998-03-29,BOSTON,1998,1,3,6663,88,1362,BOSTON:1998:3:1,52.397315937954,26.0690287271729,1183,1176.26332874271,1312.24886278644
1998-03-30,BOSTON,1998,2,3,6664,89,1409,BOSTON:1998:3:2,52.7913885390252,55.6284003577993,1283,1280.1610084571,1420.94730058024
1998-03-31,BOSTON,1998,3,3,6665,90,1476,BOSTON:1998:3:3,53.187604242288,64.5249411587645,1246,1244.06202527535,1437.32578601689
1998-04-01,BOSTON,1998,4,4,6666,91,1478,BOSTON:1998:4:4,53.5858463982355,22.7357830640163,1365,1382.59105565442,1364.41783236063
1998-04-02,BOSTON,1998,5,4,6667,92,1569,BOSTON:1998:4:5,53.9859977513347,82.2692896574531,1445,1437.31708935955,1530.9345006231
1998-04-03,BOSTON,1998,6,4,6668,93,1463,BOSTON:1998:4:6,54.3879404746952,32.6937760868134,1678,1721.8765488511,1375.4119849107
1998-04-04,BOSTON,1998,7,4,6669,94,1466,BOSTON:1998:4:7,54.7915562049026,87.2582080999861,1650,1611.80060417929,1592.76362986183
1998-04-05,BOSTON,1998,1,4,6670,95,1352,BOSTON:1998:4:1,55.1967260770189,26.6725722297715,1433,1396.6317530575,1318.38002323089
1998-04-06,BOSTON,1998,2,4,6671,96,1367,BOSTON:1998:4:2,55.6033307597286,28.8310434184282,1266,1261.31669846511,1207.19688429336
1998-04-07,BOSTON,1998,3,4,6672,97,1450,BOSTON:1998:4:3,56.0112504906261,52.5872012449668,1712,1711.8485791532,1469.94168836616
1998-04-08,BOSTON,1998,4,4,6673,98,1529,BOSTON:1998:4:4,56.4203651116344,70.6457832858081,1380,1432.88262050066,1417.70699922427
1998-04-09,BOSTON,1998,5,4,6674,99,1512,BOSTON:1998:4:5,56.8305541045394,48.3221573179018,1427,1440.69115095216,1510.4662406267
1998-04-10,BOSTON,1998,6,4,6675,100,1465,BOSTON:1998:4:6,57.2416966266368,43.6419700269956,1137,1146.17679789927,1352.68805097809
1998-04-11,BOSTON,1998,7,4,6676,101,1436,BOSTON:1998:4:7,57.6536715464722,71.9218925122227,1559,1530.84798055408,1526.76212612618
1998-04-12,BOSTON,1998,1,4,6677,102,1395,BOSTON:1998:4:1,58.0663574796735,72.0254533535434,1352,1334.1931258237,1322.88949158182
1998-04-13,BOSTON,1998,2,4,6678,103,1411,BOSTON:1998:4:2,58.4796328248569,75.310159771435,1216,1238.35560840971,1253.19957457404
1998-04-14,BOSTON,1998,3,4,6679,104,1440,BOSTON:1998:4:3,58.8933757995988,53.9359304402756,1414,1392.32922474097,1482.75881620515
1998-04-15,BOSTON,1998,4,4,6680,105,1475,BOSTON:1998:4:4,59.3074644764667,38.6825513851611,1580,1581.88292835216,1376.05703517309
1998-04-16,BOSTON,1998,5,4,6681,106,1506,BOSTON:1998:4:5,59.7217768190902,52.8655802195434,1482,1452.88808077102,1481.36476998358
1998-04-17,BOSTON,1998,6,4,6682,107,1455,BOSTON:1998:4:6,60.1361907182708,44.8930454535856,1388,1421.64954589784,1351.34221728754
1998-04-18,BOSTON,1998,7,4,6683,108,1432,BOSTON:1998:4:7,60.5505840281119,78.2194224941638,1559,1522.74024749212,1545.24774726418
1998-04-19,BOSTON,1998,1,4,6684,109,1375,BOSTON:1998:4:1,60.9648346021623,64.798742738165,1202,1201.61037453213,1316.99448768808
1998-04-20,BOSTON,1998,2,4,6685,110,1406,BOSTON:1998:4:2,61.3788203295643,80.4347211012008,1269,1335.89755523847,1256.7064302363
1998-04-21,BOSTON,1998,3,4,6686,111,1439,BOSTON:1998:4:3,61.7924191711888,62.637845906657,1403,1503.76671956996,1502.44765890825
1998-04-22,BOSTON,1998,4,4,6687,112,1503,BOSTON:1998:4:4,62.2055091957562,69.8990094537848,1279,1279.4577656514,1426.93960326415
1998-04-23,BOSTON,1998,5,4,6688,113,1521,BOSTON:1998:4:5,62.6179686159222,73.8658056541672,1662,1684.03471734083,1549.25434954165
1998-04-24,BOSTON,1998,6,4,6689,114,1482,BOSTON:1998:4:6,63.0296758243275,75.5382431608086,1304,1309.48364159426,1427.55774682547
1998-04-25,BOSTON,1998,7,4,6690,115,1371,BOSTON:1998:4:7,63.4405094295942,37.1915417704002,1430,1372.37643900848,1533.22649674686
1998-04-26,BOSTON,1998,1,4,6691,116,1375,BOSTON:1998:4:1,63.8503482922582,74.1722473556778,1296,1365.56005314141,1324.73599749544
1998-04-27,BOSTON,1998,2,4,6692,117,1355,BOSTON:1998:4:2,64.2590715606341,46.7421783540042,1186,1235.04173974734,1219.89711089582
1998-04-28,BOSTON,1998,3,4,6693,118,1440,BOSTON:1998:4:3,64.6665587065912,72.3411740757695,1423,1425.33734478472,1496.85183651812
1998-04-29,BOSTON,1998,4,4,6694,119,1504,BOSTON:1998:4:4,65.0726895612408,79.7787058233027,1428,1441.29424958647,1446.87852997262
1998-04-30,BOSTON,1998,5,4,6695,120,1501,BOSTON:1998:4:5,65.4773443505145,68.0215042700037,1599,1604.32358800598,1542.98013921541
1998-05-01,BOSTON,1998,6,5,6696,121,1480,BOSTON:1998:5:6,65.8804037306318,83.1903490401665,1337,1282.72833362736,1529.91366452391
1998-05-02,BOSTON,1998,7,5,6697,122,1422,BOSTON:1998:5:7,66.2817488234396,88.6862510112951,1603,1633.04053388186,1346.56904752915
1998-05-03,BOSTON,1998,1,5,6698,123,1350,BOSTON:1998:5:1,66.6812612516154,62.3878229553159,1291,1321.44389915251,1319.59487351237
1998-05-04,BOSTON,1998,2,5,6699,124,1389,BOSTON:1998:5:2,67.0788231737279,85.3569922562056,1326,1305.81170836981,1304.9083009188
1998-05-05,BOSTON,1998,3,5,6700,125,1460,BOSTON:1998:5:3,67.4743173191359,97.6529636549798,1367,1356.27025764997,1407.80699639615
1998-05-06,BOSTON,1998,4,5,6701,126,1502,BOSTON:1998:5:4,67.8676270227246,87.9144183103293,1774,1745.15068125761,1556.88771047499
1998-05-07,BOSTON,1998,5,5,6702,127,1531,BOSTON:1998:5:5,68.2586362594622,100,1358,1395.60618424238,1489.97043339736
1998-05-08,BOSTON,1998,6,5,6703,128,1482,BOSTON:1998:5:6,68.6472296787682,94.2564656122844,1621,1615.62303617228,1662.62387016108
1998-05-09,BOSTON,1998,7,5,6704,129,1365,BOSTON:1998:5:7,69.0332926386879,50.2093724762932,1355,1352.45386932259,1364.87569601657
1998-05-10,BOSTON,1998,1,5,6705,130,1365,BOSTON:1998:5:1,69.4167112398532,84.0196221114707,1281,1317.49292200494,1374.38838670278
1998-05-11,BOSTON,1998,2,5,6706,131,1385,BOSTON:1998:5:2,69.7973723592323,90.9623520797205,1453,1417.36670129342,1354.28666502651
1998-05-12,BOSTON,1998,3,5,6707,132,1409,BOSTON:1998:5:3,70.1751636836445,65.9191494324944,1437,1444.03405213152,1374.70494893674
1998-05-13,BOSTON,1998,4,5,6708,133,1499,BOSTON:1998:5:4,70.5499737430434,94.5762340189028,1504,1484.29504031116,1533.87805292016
1998-05-14,BOSTON,1998,5,5,6709,134,1449,BOSTON:1998:5:5,70.9216919435483,45.5798189468977,1341,1354.894507188,1361.37538017334
1998-05-15,BOSTON,1998,6,5,6710,135,1444,BOSTON:1998:5:6,71.2902086002189,72.7039931488591,1543,1558.55983294764,1524.89915039317
1998-05-16,BOSTON,1998,7,5,6711,136,1364,BOSTON:1998:5:7,71.6554149695651,58.5488545930924,1417,1436.3554419521,1292.02812533048
1998-05-17,BOSTON,1998,1,5,6712,137,1345,BOSTON:1998:5:1,72.0172032817765,75.6056546221054,1554,1556.43561862888,1298.9446468446
1998-05-18,BOSTON,1998,2,5,6713,138,1328,BOSTON:1998:5:2,72.3754667726683,50.8268431577238,1156,1166.08333711192,1241.27006980086
1998-05-19,BOSTON,1998,3,5,6714,139,1447,BOSTON:1998:5:3,72.7300997153306,100,1310,1302.11398386058,1357.04487970912
1998-05-20,BOSTON,1998,4,5,6715,140,1451,BOSTON:1998:5:4,73.0809974514702,64.8670231185677,1394,1331.23494345412,1466.6055053621
1998-05-21,BOSTON,1998,5,5,6716,141,1501,BOSTON:1998:5:5,73.428056422443,95.2840669646941,1332,1364.61254492332,1419.20355507553
1998-05-22,BOSTON,1998,6,5,6717,142,1417,BOSTON:1998:5:6,73.771174199956,59.7494191621268,1734,1748.20102703487,1538.11317314401
1998-05-23,BOSTON,1998,7,5,6718,143,1375,BOSTON:1998:5:7,74.1102495164436,75.8996443919663,1058,1079.62829998801,1325.29933261173
1998-05-24,BOSTON,1998,1,5,6719,144,1328,BOSTON:1998:5:1,74.4451822950951,68.9877515198178,1161,1153.16259858595,1323.09390982312
1998-05-25,BOSTON,1998,2,5,6720,145,1364,BOSTON:1998:5:2,74.7758736795376,89.8842896435972,1273,1272.41032867769,1307.53496424946
1998-05-26,BOSTON,1998,3,5,6721,146,1371,BOSTON:1998:5:3,75.1022260631553,50.8081153729117,1351,1328.51794088125,1325.44317495895
1998-05-27,BOSTON,1998,4,5,6722,147,1443,BOSTON:1998:5:4,75.4241431180411,66.3252749016532,1313,1397.79176962987,1427.62873124306
1998-05-28,BOSTON,1998,5,5,6723,148,1446,BOSTON:1998:5:5,75.7415298235744,59.42254266731,1566,1561.41547657419,1326.45063135263
1998-05-29,BOSTON,1998,6,5,6724,149,1455,BOSTON:1998:5:6,76.0542924946089,97.9660408675585,1578,1652.09564087919,1557.45014177502
1998-05-30,BOSTON,1998,7,5,6725,150,1378,BOSTON:1998:5:7,76.3623388092709,86.0870970138093,1261,1255.59011501918,1365.2277985149
1998-05-31,BOSTON,1998,1,5,6726,151,1349,BOSTON:1998:5:1,76.6655778363536,95.3272589938904,1417,1425.56068413725,1387.97818312054
1998-06-01,BOSTON,1998,2,6,6727,152,1347,BOSTON:1998:6:2,76.9639200623007,82.8840171847352,1202,1188.02171528554,1322.43075463803
1998-06-02,BOSTON,1998,3,6,6728,153,1436,BOSTON:1998:6:3,77.2572774177747,100,1747,1675.48675915616,1471.4396704656
1998-06-03,BOSTON,1998,4,6,6729,154,1434,BOSTON:1998:6:4,77.5455633037957,66.5612151659327,1358,1379.86026272336,1642.3995045522
1998-06-04,BOSTON,1998,5,6,6730,155,1450,BOSTON:1998:6:5,77.8286926174505,69.5156687037988,1529,1558.91436957974,1518.81046823049
1998-06-05,BOSTON,1998,6,6,6731,156,1451,BOSTON:1998:6:6,78.1065817771557,100,1413,1367.13641735013,1485.73580521761
1998-06-06,BOSTON,1998,7,6,6732,157,1350,BOSTON:1998:6:7,78.3791487474771,69.9249427227148,1453,1384.39031645661,1465.1476709027
1998-06-07,BOSTON,1998,1,6,6733,158,1287,BOSTON:1998:6:1,78.6463130634886,47.1732823244904,1284,1287.96949518297,1211.02081403747
1998-06-08,BOSTON,1998,2,6,6734,159,1297,BOSTON:1998:6:2,78.9079958546697,46.0360241678333,1155,1142.16044338578,1203.44566074134
1998-06-09,BOSTON,1998,3,6,6735,160,1404,BOSTON:1998:6:3,79.164119868333,92.1397699092314,1461,1451.86996350973,1368.55833267951
1998-06-10,BOSTON,1998,4,6,6736,161,1472,BOSTON:1998:6:4,79.414609492572,100,2081,2082.41876460637,1655.98450547501
1998-06-11,BOSTON,1998,5,6,6737,162,1493,BOSTON:1998:6:5,79.6593907787278,100,1550,1562.68632086539,1602.62156705641
1998-06-12,BOSTON,1998,6,6,6738,163,1416,BOSTON:1998:6:6,79.8983914633611,79.8552277330638,1448,1429.3289593788,1480.42735372549
1998-06-13,BOSTON,1998,7,6,6739,164,1342,BOSTON:1998:6:7,80.1315409897303,69.0500316719932,1335,1331.83888971034,1467.09890518833
1998-06-14,BOSTON,1998,1,6,6740,165,1289,BOSTON:1998:6:1,80.3587705287632,55.0426161516939,1271,1269.65924141794,1230.64684791768
1998-06-15,BOSTON,1998,2,6,6741,166,1342,BOSTON:1998:6:2,80.5800129995193,91.1387002175185,1353,1390.65209743743,1302.73122639918
1998-06-16,BOSTON,1998,3,6,6742,167,1359,BOSTON:1998:6:3,80.7952030891368,60.4221636502819,1222,1240.05439301458,1361.22035008706
1998-06-17,BOSTON,1998,4,6,6743,168,1418,BOSTON:1998:6:4,81.0042772722556,66.1869479879862,1597,1623.32788916567,1531.24315751416
1998-06-18,BOSTON,1998,5,6,6744,169,1446,BOSTON:1998:6:5,81.2071738299147,78.6368954484516,1546,1515.72286206126,1473.04811843865
1998-06-19,BOSTON,1998,6,6,6745,170,1410,BOSTON:1998:6:6,81.4038328679143,80.7890916258893,1505,1537.74129387651,1405.43637162502
1998-06-20,BOSTON,1998,7,6,6746,171,1336,BOSTON:1998:6:7,81.5941963346389,68.4967705469293,1578,1521.21547328268,1417.98216008408
1998-06-21,BOSTON,1998,1,6,6747,172,1336,BOSTON:1998:6:1,81.778208038338,100,1229,1218.01144050746,1265.51366757158
1998-06-22,BOSTON,1998,2,6,6748,173,1307,BOSTON:1998:6:2,81.9558136638547,65.2119090602095,1223,1205.25301984239,1274.74370037838
1998-06-23,BOSTON,1998,3,6,6749,174,1353,BOSTON:1998:6:3,82.1269607888024,59.7517842770975,1388,1400.76140384928,1346.13976751614
1998-06-24,BOSTON,1998,4,6,6750,175,1398,BOSTON:1998:6:4,82.2915988991799,53.622044801602,1308,1312.56477186302,1514.3728324649
1998-06-25,BOSTON,1998,5,6,6751,176,1427,BOSTON:1998:6:5,82.4496794044251,67.7152831008868,1414,1464.45937292178,1444.51984627815
1998-06-26,BOSTON,1998,6,6,6752,177,1384,BOSTON:1998:6:6,82.601155651898,62.8913070649624,1365,1326.41603619549,1359.40046942678
1998-06-27,BOSTON,1998,7,6,6753,178,1364,BOSTON:1998:6:7,82.7459829407923,96.9359871689409,1418,1444.22065300504,1433.77126382959
1998-06-28,BOSTON,1998,1,6,6754,179,1311,BOSTON:1998:6:1,82.8841185354705,84.5117312268432,1173,1120.86701592757,1249.81867047735
1998-06-29,BOSTON,1998,2,6,6755,180,1335,BOSTON:1998:6:2,83.0155216782166,94.298735959064,1491,1476.9612052468,1320.64865784835
1998-06-30,BOSTON,1998,3,6,6756,181,1348,BOSTON:1998:6:3,83.1401536014059,59.5569492882245,1108,1147.62855386512,1378.64187925229
1998-07-01,BOSTON,1998,4,7,6757,182,1454,BOSTON:1998:7:4,83.2579775390857,100,1533,1518.95028758274,1447.2102147316
1998-07-02,BOSTON,1998,5,7,6758,183,1416,BOSTON:1998:7:5,83.3689587379641,62.3813445100396,1496,1527.01247559069,1435.42997406194
1998-07-03,BOSTON,1998,6,7,6759,184,1438,BOSTON:1998:7:6,83.4730644678046,100,1359,1384.41237821453,1418.44672589387
1998-07-04,BOSTON,1998,7,7,6760,185,1312,BOSTON:1998:7:7,83.5702640312212,54.9260548041621,1589,1555.92976557422,1417.55283575118
1998-07-05,BOSTON,1998,1,7,6761,186,1329,BOSTON:1998:7:1,83.6605287728746,100,1437,1410.2439983521,1426.14352321172
1998-07-06,BOSTON,1998,2,7,6762,187,1288,BOSTON:1998:7:2,83.7438320880623,55.0925289466845,1104,1118.69643356683,1282.46424906837
1998-07-07,BOSTON,1998,3,7,6763,188,1344,BOSTON:1998:7:3,83.8201494307042,58.6620707136364,1631,1570.00857039376,1275.77252299919
1998-07-08,BOSTON,1998,4,7,6764,189,1402,BOSTON:1998:7:4,83.8894583207181,62.928299567811,1410,1425.24203930379,1344.25861429323
1998-07-09,BOSTON,1998,5,7,6765,190,1445,BOSTON:1998:7:5,83.9517383507847,88.229363958577,1365,1392.61060635531,1398.6457765888
1998-07-10,BOSTON,1998,6,7,6766,191,1416,BOSTON:1998:7:6,84.0069711925003,95.0475242984954,1500,1540.93613359279,1397.84261145744
1998-07-11,BOSTON,1998,7,7,6767,192,1331,BOSTON:1998:7:7,84.0551406019133,73.1991480979834,1186,1185.70136662975,1415.13870060785
1998-07-12,BOSTON,1998,1,7,6768,193,1308,BOSTON:1998:7:1,84.0962324244452,85.9799855248553,1295,1340.91885811463,1395.36001781466
1998-07-13,BOSTON,1998,2,7,6769,194,1319,BOSTON:1998:7:2,84.1302345991933,83.9666591953353,1457,1401.19660334005,1305.68080977859
1998-07-14,BOSTON,1998,3,7,6770,195,1357,BOSTON:1998:7:3,84.1571371626134,71.2917375048648,1054,1036.62621542438,1327.8833242982
1998-07-15,BOSTON,1998,4,7,6771,196,1454,BOSTON:1998:7:4,84.1769322515836,100,1413,1449.7239035685,1452.18589073529
1998-07-16,BOSTON,1998,5,7,6772,197,1473,BOSTON:1998:7:5,84.1896141058445,100,1484,1453.20516863141,1507.25701203834
1998-07-17,BOSTON,1998,6,7,6773,198,1411,BOSTON:1998:7:6,84.1951790698197,91.8101755473156,1502,1562.83800526874,1453.83575080769
1998-07-18,BOSTON,1998,7,7,6774,199,1325,BOSTON:1998:7:7,84.1936255938114,69.100621758748,1569,1559.69363621632,1458.06829208388
1998-07-19,BOSTON,1998,1,7,6775,200,1310,BOSTON:1998:7:1,84.1849542345743,88.501405120537,1478,1400.49376259743,1429.51904638831
1998-07-20,BOSTON,1998,2,7,6776,201,1331,BOSTON:1998:7:2,84.1691676552654,95.3537006445476,1291,1301.43766202396,1362.52617425284
1998-07-21,BOSTON,1998,3,7,6777,202,1368,BOSTON:1998:7:3,84.1462706247712,80.7999993543508,1380,1419.87558335466,1374.58805462972
1998-07-22,BOSTON,1998,4,7,6778,203,1437,BOSTON:1998:7:4,84.1162700164107,93.2282158643914,1375,1364.96516398184,1459.44208607976
1998-07-23,BOSTON,1998,5,7,6779,204,1453,BOSTON:1998:7:5,84.0791748060167,94.8817909174852,1331,1394.58133787688,1498.99182088063
1998-07-24,BOSTON,1998,6,7,6780,205,1434,BOSTON:1998:7:6,84.0349960693938,100,1161,1205.32773801362,1475.21288229099
1998-07-25,BOSTON,1998,7,7,6781,206,1312,BOSTON:1998:7:7,83.9837469791556,57.3329076778638,1403,1345.15285075061,1456.24017155894
1998-07-26,BOSTON,1998,1,7,6782,207,1334,BOSTON:1998:7:1,83.925442800941,100,1495,1503.9817266494,1453.97741258222
1998-07-27,BOSTON,1998,2,7,6783,208,1306,BOSTON:1998:7:2,83.8601008890104,72.4275238061231,1420,1402.30760052272,1321.32876690014
1998-07-28,BOSTON,1998,3,7,6784,209,1400,BOSTON:1998:7:3,83.7877406812245,100,1311,1329.93447412615,1397.75609807683
1998-07-29,BOSTON,1998,4,7,6785,210,1466,BOSTON:1998:7:4,83.7083836934055,100,1475,1493.33341589163,1502.90319416313
1998-07-30,BOSTON,1998,5,7,6786,211,1416,BOSTON:1998:7:5,83.6220535130834,63.5442001286556,1614,1659.74451649068,1449.67541643077
1998-07-31,BOSTON,1998,6,7,6787,212,1423,BOSTON:1998:7:6,83.5287757926288,99.7053049700933,1667,1630.76727106337,1443.662029551
1998-08-01,BOSTON,1998,7,8,6788,213,1349,BOSTON:1998:8:7,83.4285782417742,87.2485567606514,1533,1508.75644053888,1439.41448324234
1998-08-02,BOSTON,1998,1,8,6789,214,1282,BOSTON:1998:8:1,83.3214906195268,60.0868483783767,1222,1285.70009217285,1282.537801684
1998-08-03,BOSTON,1998,2,8,6790,215,1303,BOSTON:1998:8:2,83.2075447254726,67.1591551500285,1349,1311.99483396054,1320.25901026569
1998-08-04,BOSTON,1998,3,8,6791,216,1343,BOSTON:1998:8:3,83.0867743904788,55.7601071119394,1233,1187.93950113743,1297.74227006639
1998-08-05,BOSTON,1998,4,8,6792,217,1393,BOSTON:1998:8:4,82.9592154667916,52.9473693183827,1373,1358.36102979534,1490.77089365546
1998-08-06,BOSTON,1998,5,8,6793,218,1414,BOSTON:1998:8:5,82.8249058175387,59.6336398507954,1422,1407.53877714292,1376.61533502851
1998-08-07,BOSTON,1998,6,8,6794,219,1417,BOSTON:1998:8:6,82.6838853056324,91.4110439768773,1354,1388.87131368856,1396.14848746127
1998-08-08,BOSTON,1998,7,8,6795,220,1364,BOSTON:1998:8:7,82.5361957820834,97.8728863527769,1351,1404.05151853353,1395.77904414512
1998-08-09,BOSTON,1998,1,8,6796,221,1321,BOSTON:1998:8:1,82.3818810737245,92.0413647835627,1067,1072.65553480938,1307.92673737551
1998-08-10,BOSTON,1998,2,8,6797,222,1337,BOSTON:1998:8:2,82.2209869703479,93.9495122089252,1467,1455.21223429682,1404.7333794932
1998-08-11,BOSTON,1998,3,8,6798,223,1345,BOSTON:1998:8:3,82.0535612112631,53.5177350725767,1371,1356.90875020431,1363.88505471043
1998-08-12,BOSTON,1998,4,8,6799,224,1414,BOSTON:1998:8:4,81.8796534712749,66.8170407221044,1274,1277.32689948051,1563.01290082329
1998-08-13,BOSTON,1998,5,8,6800,225,1486,BOSTON:1998:8:5,81.6993153460894,100,1500,1490.81472062934,1526.83350623321
1998-08-14,BOSTON,1998,6,8,6801,226,1397,BOSTON:1998:8:6,81.5126003371508,71.4453061041379,1476,1448.45700502149,1450.94198265225
1998-08-15,BOSTON,1998,7,8,6802,227,1323,BOSTON:1998:8:7,81.3195638359115,57.3276543943734,1252,1200.75844599133,1336.74356844704
1998-08-16,BOSTON,1998,1,8,6803,228,1340,BOSTON:1998:8:1,81.1202631075453,100,1353,1370.21776684951,1280.78015474039
1998-08-17,BOSTON,1998,2,8,6804,229,1355,BOSTON:1998:8:2,80.9147572741013,100,1238,1261.45550176118,1410.18820154385
1998-08-18,BOSTON,1998,3,8,6805,230,1372,BOSTON:1998:8:3,80.7031072971116,72.260664083686,1288,1280.55612431168,1399.48084862317
1998-08-19,BOSTON,1998,4,8,6806,231,1452,BOSTON:1998:8:4,80.4853759596497,93.2114555204659,1797,1826.77601122651,1629.30027053875
1998-08-20,BOSTON,1998,5,8,6807,232,1448,BOSTON:1998:8:5,80.2616278478516,78.6314199050529,1615,1635.86760564497,1511.97972310305
1998-08-21,BOSTON,1998,6,8,6808,233,1385,BOSTON:1998:8:6,80.0319293319022,55.619428524818,1253,1209.33768757782,1430.87928043523
1998-08-22,BOSTON,1998,7,8,6809,234,1366,BOSTON:1998:8:7,79.7963485464901,89.4410180899761,1358,1360.89378556431,1387.39632142338
1998-08-23,BOSTON,1998,1,8,6810,235,1344,BOSTON:1998:8:1,79.554955370743,100,1425,1411.32515566264,1315.87134718299
1998-08-24,BOSTON,1998,2,8,6811,236,1326,BOSTON:1998:8:2,79.3078214076427,74.2442180967969,1321,1325.84830135564,1368.91913053328
1998-08-25,BOSTON,1998,3,8,6812,237,1382,BOSTON:1998:8:3,79.0550199629298,75.2465112962319,1529,1579.06375810004,1359.89182660245
1998-08-26,BOSTON,1998,4,8,6813,238,1419,BOSTON:1998:8:4,78.796626023505,59.9779456658514,1773,1793.88129637302,1533.91593498409
1998-08-27,BOSTON,1998,5,8,6814,239,1419,BOSTON:1998:8:5,78.5327162353284,48.9993456999734,1288,1324.70413621882,1409.57143563256
1998-08-28,BOSTON,1998,6,8,6815,240,1406,BOSTON:1998:8:6,78.2633688808302,67.0511063416372,1566,1489.19047292604,1371.0302494543
1998-08-29,BOSTON,1998,7,8,6816,241,1337,BOSTON:1998:8:7,77.9886638558326,58.7444361926844,1351,1434.35566310871,1285.66658274505
1998-08-30,BOSTON,1998,1,8,6817,242,1295,BOSTON:1998:8:1,77.7086826459961,52.4980746162581,1293,1283.95700695055,1172.8839590074
1998-08-31,BOSTON,1998,2,8,6818,243,1343,BOSTON:1998:8:2,77.4235083027917,82.2232878841634,1406,1358.39135383491,1276.90027816851
1998-09-01,BOSTON,1998,3,9,6819,244,1408,BOSTON:1998:9:3,77.1332254190089,89.7736085019166,1605,1573.99604152957,1398.93959289507
1998-09-02,BOSTON,1998,4,9,6820,245,1433,BOSTON:1998:9:4,76.8379201038083,64.7582605873509,1471,1436.97566719469,1467.84612731295
1998-09-03,BOSTON,1998,5,9,6821,246,1498,BOSTON:1998:9:5,76.5376799573202,100,1275,1256.39825472624,1419.72004026558
1998-09-04,BOSTON,1998,6,9,6822,247,1404,BOSTON:1998:9:6,76.2325940448048,58.3374872737753,1497,1489.31649338805,1466.20877849944
1998-09-05,BOSTON,1998,7,9,6823,248,1374,BOSTON:1998:9:7,75.9227528703741,82.6767929085872,1226,1231.74642298113,1276.92290809435
1998-09-06,BOSTON,1998,1,9,6824,249,1342,BOSTON:1998:9:1,75.6082483502883,87.4162764782864,1292,1292.58751167763,1412.75001872853
1998-09-07,BOSTON,1998,2,9,6825,250,1367,BOSTON:1998:9:2,75.2891737858335,95.7161075396034,1392,1386.11937519192,1406.56639624847
1998-09-08,BOSTON,1998,3,9,6826,251,1394,BOSTON:1998:9:3,74.9656238357851,70.9074527674669,1247,1161.62688441352,1440.51146512175
1998-09-09,BOSTON,1998,4,9,6827,252,1434,BOSTON:1998:9:4,74.637694488472,57.6612710130463,1438,1422.44196081623,1467.69735750026
1998-09-10,BOSTON,1998,5,9,6828,253,1475,BOSTON:1998:9:5,74.3054830334417,78.6034747055068,1600,1625.97399157662,1375.89914561106
1998-09-11,BOSTON,1998,6,9,6829,254,1428,BOSTON:1998:9:6,73.969088032743,70.0636488212217,1398,1336.02757611189,1455.04274333229
1998-09-12,BOSTON,1998,7,9,6830,255,1378,BOSTON:1998:9:7,73.6286092918267,78.0976916380128,1220,1177.66928004816,1253.04050974399
1998-09-13,BOSTON,1998,1,9,6831,256,1331,BOSTON:1998:9:1,73.2841478300789,69.4947890437716,1256,1271.81874307568,1342.04893182556
1998-09-14,BOSTON,1998,2,9,6832,257,1387,BOSTON:1998:9:2,72.935805850994,100,1312,1328.44118724871,1372.82693526062
1998-09-15,BOSTON,1998,3,9,6833,258,1371,BOSTON:1998:9:3,72.5836867119931,42.9223500683718,1370,1419.59452613495,1377.15591684189
1998-09-16,BOSTON,1998,4,9,6834,259,1447,BOSTON:1998:9:4,72.2278948939028,60.1506316937128,1288,1349.96503003558,1441.91744156919
1998-09-17,BOSTON,1998,5,9,6835,260,1480,BOSTON:1998:9:5,71.8685359700957,74.3476910965892,1330,1366.2976562547,1349.68868888097
1998-09-18,BOSTON,1998,6,9,6836,261,1455,BOSTON:1998:9:6,71.50571657531,83.7005388336259,1498,1500.69554898201,1468.61116204625
1998-09-19,BOSTON,1998,7,9,6837,262,1395,BOSTON:1998:9:7,71.1395443741512,84.027599871466,1468,1469.1027275989,1281.19770535845
1998-09-20,BOSTON,1998,1,9,6838,263,1304,BOSTON:1998:9:1,70.7701280292864,36.1482030757512,1460,1444.0634523492,1319.02362255432
1998-09-21,BOSTON,1998,2,9,6839,264,1378,BOSTON:1998:9:2,70.3975771693449,88.0953258881282,1508,1540.65843886864,1334.64481302852
1998-09-22,BOSTON,1998,3,9,6840,265,1394,BOSTON:1998:9:3,70.0220023565264,53.6759571013311,1263,1297.3699238237,1368.41952867749
1998-09-23,BOSTON,1998,4,9,6841,266,1507,BOSTON:1998:9:4,69.6435150539364,98.0533585197154,1661,1674.75094726308,1531.75003173452
1998-09-24,BOSTON,1998,5,9,6842,267,1484,BOSTON:1998:9:5,69.2622275926485,68.0555646793298,1327,1308.91132918112,1386.69212524299
1998-09-25,BOSTON,1998,6,9,6843,268,1412,BOSTON:1998:9:6,68.878253138511,38.8078486513147,1409,1423.6613343571,1412.13731612709
1998-09-26,BOSTON,1998,7,9,6844,269,1376,BOSTON:1998:9:7,68.4917056587049,58.2494373925485,1105,1106.48857744409,1207.83887680833
1998-09-27,BOSTON,1998,1,9,6845,270,1370,BOSTON:1998:9:1,68.1026998880592,84.3145210688276,1419,1405.6423161297,1353.17742689161
1998-09-28,BOSTON,1998,2,9,6846,271,1365,BOSTON:1998:9:2,67.7113512951434,66.8892430166267,1222,1202.04993079173,1319.96185545904
1998-09-29,BOSTON,1998,3,9,6847,272,1445,BOSTON:1998:9:3,67.3177760481336,85.7512824740694,1492,1419.99666460967,1391.97349645975
1998-09-30,BOSTON,1998,4,9,6848,273,1459,BOSTON:1998:9:4,66.9220909804774,50.929269376464,1490,1475.31211249617,1438.78904188128
1998-10-01,BOSTON,1998,5,10,6849,274,1487,BOSTON:1998:10:5,66.5244135563532,60.7020772225494,1185,1253.12717431596,1422.21294474449
1998-10-02,BOSTON,1998,6,10,6850,275,1478,BOSTON:1998:10:6,66.1248618359451,82.7778246644658,1529,1596.65057884535,1509.28870048747
1998-10-03,BOSTON,1998,7,10,6851,276,1416,BOSTON:1998:10:7,65.7235544405399,81.5831596518388,1639,1568.58167728553,1578.32985287176
1998-10-04,BOSTON,1998,1,10,6852,277,1336,BOSTON:1998:10:1,65.3206105174516,44.9776663857532,1421,1349.01764229477,1409.08202302971
1998-10-05,BOSTON,1998,2,10,6853,278,1340,BOSTON:1998:10:2,64.916149704795,35.4183466113952,1175,1149.27893689262,1251.15090290756
1998-10-06,BOSTON,1998,3,10,6854,279,1434,BOSTON:1998:10:3,64.5102920961056,66.3092916966837,1165,1197.40632328423,1466.50331675408
1998-10-07,BOSTON,1998,4,10,6855,280,1496,BOSTON:1998:10:4,64.1031582048267,70.0447831559099,1298,1245.0046179277,1439.06170735794
1998-10-08,BOSTON,1998,5,10,6856,281,1467,BOSTON:1998:10:5,63.6948689286708,34.6579871237389,1337,1342.13957025699,1394.27334625535
1998-10-09,BOSTON,1998,6,10,6857,282,1423,BOSTON:1998:10:6,63.2855455138615,28.3469181511446,1350,1339.47004900043,1404.56649738698
1998-10-10,BOSTON,1998,7,10,6858,283,1378,BOSTON:1998:10:7,62.8753095192751,39.9203044458208,1359,1354.25320774919,1454.8272031535
1998-10-11,BOSTON,1998,1,10,6859,284,1378,BOSTON:1998:10:1,62.4642827804828,71.0394149623507,1474,1423.52820929193,1384.83445751698
1998-10-12,BOSTON,1998,2,10,6860,285,1401,BOSTON:1998:10:2,62.0525873737144,77.3978397185648,1254,1283.29840632625,1304.54107822426
1998-10-13,BOSTON,1998,3,10,6861,286,1479,BOSTON:1998:10:3,61.6403455797437,92.8165194762724,1639,1638.49958254659,1559.8086326239
1998-10-14,BOSTON,1998,4,10,6862,287,1496,BOSTON:1998:10:4,61.2276798477144,59.6024104221472,1505,1431.01469882893,1464.32118370858
1998-10-15,BOSTON,1998,5,10,6863,288,1554,BOSTON:1998:10:5,60.8147127589152,91.5070268849783,1341,1356.37769258441,1502.89521870849
1998-10-16,BOSTON,1998,6,10,6864,289,1466,BOSTON:1998:10:6,60.4015669905089,52.9766546379283,1588,1580.04004854839,1505.35764249534
1998-10-17,BOSTON,1998,7,10,6865,290,1373,BOSTON:1998:10:7,59.9883652792379,25.2621264603987,1399,1435.9522547712,1504.10110020041
1998-10-18,BOSTON,1998,1,10,6866,291,1337,BOSTON:1998:10:1,59.5752303851037,25.9045893688886,1356,1316.44130213989,1362.76962228465
1998-10-19,BOSTON,1998,2,10,6867,292,1409,BOSTON:1998:10:2,59.1622850550419,73.4201896861276,1383,1433.39727851725,1283.47141530914
1998-10-20,BOSTON,1998,3,10,6868,293,1490,BOSTON:1998:10:3,58.749651986598,90.9491787184542,1694,1698.62955238428,1563.0039398354
1998-10-21,BOSTON,1998,4,10,6869,294,1495,BOSTON:1998:10:4,58.3374537916139,48.766637271478,1419,1416.40943660922,1450.00169441622
1998-10-22,BOSTON,1998,5,10,6870,295,1512,BOSTON:1998:10:5,57.9258129599412,49.4622278090474,1627,1632.80475463854,1412.59116491041
1998-10-23,BOSTON,1998,6,10,6871,296,1484,BOSTON:1998:10:6,57.5148518231847,56.8165503174216,1305,1360.87743103576,1445.813987131
1998-10-24,BOSTON,1998,7,10,6872,297,1460,BOSTON:1998:10:7,57.104692518495,87.0968769269697,1691,1645.39918645841,1561.14618689588
1998-10-25,BOSTON,1998,1,10,6873,298,1345,BOSTON:1998:10:1,56.6954569524126,22.6293400284806,1294,1286.64124279146,1388.31389716937
1998-10-26,BOSTON,1998,2,10,6874,299,1368,BOSTON:1998:10:2,56.2872667647808,28.9268012568264,1267,1288.33068453933,1239.83660355658
1998-10-27,BOSTON,1998,3,10,6875,300,1472,BOSTON:1998:10:3,55.8802432927359,66.3729839620237,1557,1513.31793867567,1465.68411078299
1998-10-28,BOSTON,1998,4,10,6876,301,1493,BOSTON:1998:10:4,55.4745075347821,36.3140759369346,1534,1523.32232893381,1402.61541450983
1998-10-29,BOSTON,1998,5,10,6877,302,1514,BOSTON:1998:10:5,55.0701801149686,41.0137446617288,1633,1666.21314866467,1391.02732538518
1998-10-30,BOSTON,1998,6,10,6878,303,1527,BOSTON:1998:10:6,54.6673812471718,79.9656568198852,1564,1540.18915446274,1470.97317250238
1998-10-31,BOSTON,1998,7,10,6879,304,1445,BOSTON:1998:10:7,54.266230699499,64.4692021821485,1532,1540.12975346023,1521.59565687298
1998-11-01,BOSTON,1998,1,11,6880,305,1382,BOSTON:1998:11:1,53.8668477588236,43.3334107028223,1407,1419.41968705345,1286.95645433177
1998-11-02,BOSTON,1998,2,11,6881,306,1403,BOSTON:1998:11:2,53.4693511954557,48.1617637241308,1294,1276.75132372585,1438.61403177294
1998-11-03,BOSTON,1998,3,11,6882,307,1467,BOSTON:1998:11:3,53.07385922797,52.1879312108828,1611,1582.80529891788,1575.43641238562
1998-11-04,BOSTON,1998,4,11,6883,308,1495,BOSTON:1998:11:4,52.6804894881892,28.3609766068506,1263,1283.850067225,1349.72840945686
1998-11-05,BOSTON,1998,5,11,6884,309,1546,BOSTON:1998:11:5,52.2893589863443,55.3308986069523,1577,1611.97023414299,1521.32291527399
1998-11-06,BOSTON,1998,6,11,6885,310,1516,BOSTON:1998:11:6,51.9005840764121,61.0360713399687,1340,1307.90989405351,1430.85388056462
1998-11-07,BOSTON,1998,7,11,6886,311,1434,BOSTON:1998:11:7,51.5142804216489,45.5956274126552,1471,1491.37020497033,1422.80528882867
1998-11-08,BOSTON,1998,1,11,6887,312,1422,BOSTON:1998:11:1,51.1305629603256,66.8176570978639,1282,1334.74327725326,1287.20429828283
1998-11-09,BOSTON,1998,2,11,6888,313,1455,BOSTON:1998:11:2,50.7495458716729,80.544535893874,1395,1410.05176450953,1496.2139319118
1998-11-10,BOSTON,1998,3,11,6889,314,1479,BOSTON:1998:11:3,50.3713425420543,51.8875152812658,1723,1727.34316421895,1610.53282603206
1998-11-11,BOSTON,1998,4,11,6890,315,1530,BOSTON:1998:11:4,49.9960655313665,45.5276662078434,1353,1360.12833793374,1372.1378910576
1998-11-12,BOSTON,1998,5,11,6891,316,1572,BOSTON:1998:11:5,49.6238265396861,64.6512461012063,1648,1674.90426500582,1550.22295030802
1998-11-13,BOSTON,1998,6,11,6892,317,1492,BOSTON:1998:11:6,49.2547363741688,32.9154440760978,1368,1330.03236385027,1419.50745115361
1998-11-14,BOSTON,1998,7,11,6893,318,1434,BOSTON:1998:11:7,48.8889049162083,36.3813097966761,1329,1361.32706041011,1411.0757447428
1998-11-15,BOSTON,1998,1,11,6894,319,1380,BOSTON:1998:11:1,48.5264410888708,22.4692873419195,1266,1286.42775202691,1243.65427794257
1998-11-16,BOSTON,1998,2,11,6895,320,1461,BOSTON:1998:11:2,48.1674528246083,76.2072863973015,1717,1696.34233238236,1471.45840790778
1998-11-17,BOSTON,1998,3,11,6896,321,1528,BOSTON:1998:11:3,47.8120470332663,80.4964361159812,1684,1687.73019465109,1668.77084763023
1998-11-18,BOSTON,1998,4,11,6897,322,1532,BOSTON:1998:11:4,47.460329570389,37.6730715977499,1504,1497.8067816892,1401.89691063579
1998-11-19,BOSTON,1998,5,11,6898,323,1562,BOSTON:1998:11:5,47.1124052058374,48.3599919790802,1586,1530.12511248045,1548.342726861
1998-11-20,BOSTON,1998,6,11,6899,324,1502,BOSTON:1998:11:6,46.7683775927269,31.4436064422459,1522,1455.18407011392,1416.0250540417
1998-11-21,BOSTON,1998,7,11,6900,325,1429,BOSTON:1998:11:7,46.428349236691,22.8844887760595,1156,1186.8238110637,1407.26663014539
1998-11-22,BOSTON,1998,1,11,6901,326,1449,BOSTON:1998:11:1,46.0924214654869,70.6764034828438,1118,1168.32525777057,1297.26449128909
1998-11-23,BOSTON,1998,2,11,6902,327,1428,BOSTON:1998:11:2,45.7606943989435,40.3544295802043,1386,1330.22763026059,1447.65034308361
1998-11-24,BOSTON,1998,3,11,6903,328,1527,BOSTON:1998:11:3,45.4332669192701,71.1617346710302,1456,1433.0664392793,1619.25991394783
1998-11-25,BOSTON,1998,4,11,6904,329,1565,BOSTON:1998:11:4,45.1102366417253,53.613610372653,1393,1394.27834406918,1389.23678884828
1998-11-26,BOSTON,1998,5,11,6905,330,1593,BOSTON:1998:11:5,44.7916998856615,62.428570713653,1365,1396.8755064083,1556.11140755406
1998-11-27,BOSTON,1998,6,11,6906,331,1487,BOSTON:1998:11:6,44.4777516459523,11.4028892081639,1445,1417.9710475201,1408.61361423914
1998-11-28,BOSTON,1998,7,11,6907,332,1474,BOSTON:1998:11:7,44.1684855648067,50.2768050750468,1704,1680.36961523034,1418.85233628326
1998-11-29,BOSTON,1998,1,11,6908,333,1388,BOSTON:1998:11:1,43.8639939039865,11.9966338154779,1300,1281.6812834512,1257.92047815672
1998-11-30,BOSTON,1998,2,11,6909,334,1481,BOSTON:1998:11:2,43.5643675174269,74.6885467782322,1545,1598.47066605919,1483.06328532433
1998-12-01,BOSTON,1998,3,12,6910,335,1497,BOSTON:1998:12:3,43.2696958242742,39.7173165327696,1483,1405.21574900389,1540.98678165918
1998-12-02,BOSTON,1998,4,12,6911,336,1529,BOSTON:1998:12:4,42.9800667823471,18.9066585479482,1566,1519.4161843751,1471.12579421876
1998-12-03,BOSTON,1998,5,12,6912,337,1583,BOSTON:1998:12:5,42.6955668620263,47.2822255097759,1889,1879.56828849593,1643.05653559571
1998-12-04,BOSTON,1998,6,12,6913,338,1572,BOSTON:1998:12:6,42.4162810205871,68.4837026315199,1559,1554.73408043168,1545.03519957438
1998-12-05,BOSTON,1998,7,12,6914,339,1435,BOSTON:1998:12:7,42.1422926769732,11.5577168683661,1238,1288.56940863613,1276.80767609362
1998-12-06,BOSTON,1998,1,12,6915,340,1473,BOSTON:1998:12:1,41.8736836870295,73.8477088601423,1210,1199.47538181092,1251.81340778531
1998-12-07,BOSTON,1998,2,12,6916,341,1480,BOSTON:1998:12:2,41.6105343191922,66.908079034187,1398,1365.38783810488,1403.63242764157
1998-12-08,BOSTON,1998,3,12,6917,342,1510,BOSTON:1998:12:3,41.352923230649,42.8771899546581,1680,1608.72342982481,1537.30684306198
1998-12-09,BOSTON,1998,4,12,6918,343,1600,BOSTON:1998:12:4,41.1009274439756,64.7441257017534,1522,1474.44143662874,1508.60154251436
1998-12-10,BOSTON,1998,5,12,6919,344,1605,BOSTON:1998:12:5,40.854622324252,56.3224402240231,1686,1673.46773371033,1664.81619364354
1998-12-11,BOSTON,1998,6,12,6920,345,1591,BOSTON:1998:12:6,40.6140815566719,75.4557471310213,1449,1496.38048179779,1558.30947986104
1998-12-12,BOSTON,1998,7,12,6921,346,1500,BOSTON:1998:12:7,40.3793771246435,56.4073088283638,1269,1250.46251908172,1301.07805151572
1998-12-13,BOSTON,1998,1,12,6922,347,1439,BOSTON:1998:12:1,40.1505792883966,40.1816078599352,1098,1136.34950030421,1214.46584515643
1998-12-14,BOSTON,1998,2,12,6923,348,1488,BOSTON:1998:12:2,39.9277565640967,66.7853034626331,1310,1287.49849448666,1367.63621169862
1998-12-15,BOSTON,1998,3,12,6924,349,1487,BOSTON:1998:12:3,39.7109757034733,18.092196364577,1417,1422.61272858252,1495.06239836584
1998-12-16,BOSTON,1998,4,12,6925,350,1546,BOSTON:1998:12:4,39.5003016739717,18.1658807168348,1410,1405.74420573816,1450.11100413836
1998-12-17,BOSTON,1998,5,12,6926,351,1549,BOSTON:1998:12:5,39.2957976394287,8.80750584452881,1319,1371.49984381031,1612.12228855444
1998-12-18,BOSTON,1998,6,12,6927,352,1579,BOSTON:1998:12:6,39.0975249412838,61.1331853893023,1530,1529.3879553521,1535.2078004255
1998-12-19,BOSTON,1998,7,12,6928,353,1503,BOSTON:1998:12:7,38.9055430803265,52.9518720375191,1242,1291.80007221692,1312.35177183202
1998-12-20,BOSTON,1998,1,12,6929,354,1405,BOSTON:1998:12:1,38.7199096989884,6.78103594138016,1457,1493.07271021455,1218.71999011897
1998-12-21,BOSTON,1998,2,12,6930,355,1497,BOSTON:1998:12:2,38.5406805641845,67.9074984483317,1338,1363.47460550415,1382.56569406234
1998-12-22,BOSTON,1998,3,12,6931,356,1564,BOSTON:1998:12:3,38.3679095507072,72.0445433296667,1534,1493.34433215785,1573.03150859796
1998-12-23,BOSTON,1998,4,12,6932,357,1610,BOSTON:1998:12:4,38.2016486251814,60.3214423634199,1400,1421.46957334999,1525.28048137931
1998-12-24,BOSTON,1998,5,12,6933,358,1575,BOSTON:1998:12:5,38.0419478305812,22.9138750323291,1575,1606.25155976873,1648.69190299703
1998-12-25,BOSTON,1998,6,12,6934,359,1550,BOSTON:1998:12:6,37.8888552713164,34.4528489893259,1597,1547.35332618598,1496.44752013623
1998-12-26,BOSTON,1998,7,12,6935,360,1479,BOSTON:1998:12:7,37.7424170988921,29.0574322412099,1401,1345.14683310991,1259.76250055723
1998-12-27,BOSTON,1998,1,12,6936,361,1411,BOSTON:1998:12:1,37.6026774981437,6.83170295007575,1116,1105.11579227345,1196.00075693931
1998-12-28,BOSTON,1998,2,12,6937,362,1473,BOSTON:1998:12:2,37.4696786740554,44.6193442695533,1456,1421.41730185742,1348.16566660103
1998-12-29,BOSTON,1998,3,12,6938,363,1509,BOSTON:1998:12:3,37.3434608391618,25.2875499528965,1536,1497.57482138023,1503.61246831837
1998-12-30,BOSTON,1998,4,12,6939,364,1547,BOSTON:1998:12:4,37.2240622015404,9.61555739163556,1515,1552.6867030857,1457.88117774421
1998-12-31,BOSTON,1998,5,12,6940,365,1553,BOSTON:1998:12:5,37.1115189533944,2.1719281910251,1724,1664.42886424691,1624.31307920786
1999-01-01,BOSTON,1999,6,1,6941,1,1550,BOSTON:1999:1:6,37.0058652602335,29.7479724192259,1359,1376.3042584512,1444.09709367605
1999-01-02,BOSTON,1999,7,1,6942,2,1478,BOSTON:1999:1:7,36.9071332506528,25.053122742257,1298,1316.00605400779,1410.38481506669
1999-01-03,BOSTON,1999,1,1,6943,3,1455,BOSTON:1999:1:1,36.8153530067135,38.531367553987,1262,1226.35492051557,1308.74211076379
1999-01-04,BOSTON,1999,2,1,6944,4,1458,BOSTON:1999:1:2,36.7305525549305,28.5588783299168,1536,1518.39880696867,1356.32158565315
1999-01-05,BOSTON,1999,3,1,6945,5,1516,BOSTON:1999:1:3,36.6527578578651,27.3385936389067,1440,1376.51661125615,1476.35231253208
1999-01-06,BOSTON,1999,4,1,6946,6,1543,BOSTON:1999:1:4,36.5819928063307,2.87992239829558,1349,1357.53171979583,1466.75164682227
1999-01-07,BOSTON,1999,5,1,6947,7,1650,BOSTON:1999:1:5,36.5182792122092,70.0225660886232,1542,1577.72300213538,1636.75059108353
1999-01-08,BOSTON,1999,6,1,6948,8,1567,BOSTON:1999:1:6,36.4616368018835,39.9294979224726,1400,1472.99916137692,1468.8414827512
1999-01-09,BOSTON,1999,7,1,6949,9,1455,BOSTON:1999:1:7,36.4120832102858,4.00124970763184,1350,1320.16768994052,1400.45120703206
1999-01-10,BOSTON,1999,1,1,6950,10,1456,BOSTON:1999:1:1,36.3696339755653,37.3484789073802,1681,1707.13210119024,1294.82571919641
1999-01-11,BOSTON,1999,2,1,6951,11,1467,BOSTON:1999:1:2,36.3343025343756,33.3966686083267,1283,1306.14480700771,1354.07778917126
1999-01-12,BOSTON,1999,3,1,6952,12,1531,BOSTON:1999:1:3,36.3061002177838,37.0197270649206,1644,1627.03019343186,1489.64476815218
1999-01-13,BOSTON,1999,4,1,6953,13,1627,BOSTON:1999:1:4,36.2850362478027,62.9389718543941,1646,1641.09001212051,1519.63476341496
1999-01-14,BOSTON,1999,5,1,6954,14,1563,BOSTON:1999:1:5,36.2711177345466,4.68816122255363,1862,1796.89368340556,1586.09023419107
1999-01-15,BOSTON,1999,6,1,6955,15,1536,BOSTON:1999:1:6,36.2643496740124,15.3715267289876,1467,1485.04819412762,1417.32158093595
1999-01-16,BOSTON,1999,7,1,6956,16,1458,BOSTON:1999:1:7,36.2647349464857,4.9167403004282,1439,1407.66402846888,1384.27390217681
1999-01-17,BOSTON,1999,1,1,6957,17,1452,BOSTON:1999:1:1,36.2722743155729,32.4043817764442,1259,1314.52623346488,1300.45757562407
1999-01-18,BOSTON,1999,2,1,6958,18,1439,BOSTON:1999:1:2,36.28696642786,9.93218208400272,1284,1234.7132760184,1364.04583280603
1999-01-19,BOSTON,1999,3,1,6959,19,1576,BOSTON:1999:1:3,36.308807813198,69.4894469888962,1458,1489.1082940764,1551.97919427338
1999-01-20,BOSTON,1999,4,1,6960,20,1556,BOSTON:1999:1:4,36.3377928856139,9.93531725195538,1399,1426.28997094945,1520.47517182786
1999-01-21,BOSTON,1999,5,1,6961,21,1562,BOSTON:1999:1:5,36.3739139448483,3.53878087379078,1485,1448.80168389559,1600.55409226202
1999-01-22,BOSTON,1999,6,1,6962,22,1565,BOSTON:1999:1:6,36.4171611785195,35.9841480839304,1592,1571.52422914151,1451.24630676945
1999-01-23,BOSTON,1999,7,1,6963,23,1473,BOSTON:1999:1:7,36.4675226649112,16.2245468241006,1299,1364.24043579076,1409.50482014654
1999-01-24,BOSTON,1999,1,1,6964,24,1451,BOSTON:1999:1:1,36.5249843763863,31.5938489007508,929,990.137671005958,1304.51791429601
1999-01-25,BOSTON,1999,2,1,6965,25,1438,BOSTON:1999:1:2,36.5895301834225,9.66606012401272,1322,1357.52149679708,1350.5547923676
1999-01-26,BOSTON,1999,3,1,6966,26,1512,BOSTON:1999:1:3,36.6611418592709,21.387729798347,1459,1479.7584072434,1483.0237250404
1999-01-27,BOSTON,1999,4,1,6967,27,1614,BOSTON:1999:1:4,36.739799085236,53.2245270495068,1628,1528.35948204205,1515.13841793478
1999-01-28,BOSTON,1999,5,1,6968,28,1585,BOSTON:1999:1:5,36.8254794565736,21.4279279777555,1539,1546.02133240497,1604.60508245662
1999-01-29,BOSTON,1999,6,1,6969,29,1536,BOSTON:1999:1:6,36.918158489008,15.4428475976069,1393,1404.43007076645,1429.49353587935
1999-01-30,BOSTON,1999,7,1,6970,30,1462,BOSTON:1999:1:7,37.0178096258633,8.42977824682296,1603,1547.7484026671,1384.38525556986
1999-01-31,BOSTON,1999,1,1,6971,31,1473,BOSTON:1999:1:1,37.12440424581,49.727077968241,1380,1361.60754829173,1302.45668013066
1999-02-01,BOSTON,1999,2,2,6972,32,1450,BOSTON:1999:2:2,37.2379116712216,20.0412084975358,1308,1324.13032851749,1469.247025948
1999-02-02,BOSTON,1999,3,2,6973,33,1509,BOSTON:1999:2:3,37.3582991771409,20.5024659540513,1551,1587.27537013,1423.03976621341
1999-02-03,BOSTON,1999,4,2,6974,34,1558,BOSTON:1999:2:4,37.4855320008528,12.914772147039,1676,1687.2099856859,1615.38116238119
1999-02-04,BOSTON,1999,5,2,6975,35,1600,BOSTON:1999:2:5,37.6195733520598,33.3766086345003,1521,1467.19315241981,1534.91391543389
1999-02-05,BOSTON,1999,6,2,6976,36,1579,BOSTON:1999:2:6,37.7603844236591,49.3362978249797,1500,1480.73780701457,1526.94368967101
1999-02-06,BOSTON,1999,7,2,6977,37,1525,BOSTON:1999:2:7,37.9079244031165,59.1921616440233,1314,1353.20776446063,1385.54684092989
1999-02-07,BOSTON,1999,1,2,6978,38,1493,BOSTON:1999:2:1,38.062150484434,67.9353690929885,1417,1446.64815326048,1373.96365311802
1999-02-08,BOSTON,1999,2,2,6979,39,1475,BOSTON:1999:2:2,38.2230178807097,42.0370436813848,1731,1672.21514694606,1469.57037849671
1999-02-09,BOSTON,1999,3,2,6980,40,1544,BOSTON:1999:2:3,38.3904798372816,49.7416476693172,1592,1595.25638230381,1416.87286301606
1999-02-10,BOSTON,1999,4,2,6981,41,1544,BOSTON:1999:2:4,38.5644876454581,5.39477767987142,1621,1568.89173264462,1589.29154634955
1999-02-11,BOSTON,1999,5,2,6982,42,1643,BOSTON:1999:2:5,38.7449906568236,67.0975494675532,1682,1647.72606858965,1554.74509658628
1999-02-12,BOSTON,1999,6,2,6983,43,1542,BOSTON:1999:2:6,38.9319362981228,24.6532078693604,1394,1444.08206847072,1516.85187008939
1999-02-13,BOSTON,1999,7,2,6984,44,1478,BOSTON:1999:2:7,39.1252700867121,26.2701630498272,1153,1195.32350301476,1352.22748634525
1999-02-14,BOSTON,1999,1,2,6985,45,1476,BOSTON:1999:2:1,39.3249356465785,57.6832200212775,1525,1520.86030649878,1353.25452295312
1999-02-15,BOSTON,1999,2,2,6986,46,1432,BOSTON:1999:2:2,39.5308747249202,10.8101268498705,1446,1396.09508630601,1456.26820589341
1999-02-16,BOSTON,1999,3,2,6987,47,1570,BOSTON:1999:2:3,39.7430272092817,72.5427680434433,1407,1434.50563355781,1465.0353832539
1999-02-17,BOSTON,1999,4,2,6988,48,1618,BOSTON:1999:2:4,39.9613311452418,63.3620528698526,1724,1779.94808834498,1684.18351142681
1999-02-18,BOSTON,1999,5,2,6989,49,1565,BOSTON:1999:2:5,40.1857227546473,14.4580954004389,1653,1646.16052543434,1545.45392703774
1999-02-19,BOSTON,1999,6,2,6990,50,1523,BOSTON:1999:2:6,40.4161364543857,13.8750316347601,1632,1662.46613119023,1499.24215759829
1999-02-20,BOSTON,1999,7,2,6991,51,1483,BOSTON:1999:2:7,40.6525048756966,34.323226653877,1601,1539.32660449281,1353.72076127066
1999-02-21,BOSTON,1999,1,2,6992,52,1416,BOSTON:1999:2:1,40.8947588840082,13.6615519329488,1226,1258.31198450813,1331.31589587253
1999-02-22,BOSTON,1999,2,2,6993,53,1461,BOSTON:1999:2:2,41.1428275993016,38.8668769467544,1380,1358.754047364,1469.91438965695
1999-02-23,BOSTON,1999,3,2,6994,54,1548,BOSTON:1999:2:3,41.3966384169892,60.8957499184892,1210,1222.59158645644,1455.0519875176
1999-02-24,BOSTON,1999,4,2,6995,55,1556,BOSTON:1999:2:4,41.6561170293075,22.8899175299388,1496,1454.35172378178,1628.14377984361
1999-02-25,BOSTON,1999,5,2,6996,56,1585,BOSTON:1999:2:5,41.921187447213,34.0148488165032,1304,1258.84109147586,1524.88706095099
1999-02-26,BOSTON,1999,6,2,6997,57,1516,BOSTON:1999:2:6,42.1917720227772,13.0289841951141,1502,1461.51731417453,1484.96228262643
1999-02-27,BOSTON,1999,7,2,6998,58,1459,BOSTON:1999:2:7,42.4677914720757,20.4264135369828,1360,1409.14054055186,1336.5049114362
1999-02-28,BOSTON,1999,1,2,6999,59,1487,BOSTON:1999:2:1,42.7491648985588,75.4410859897316,1274,1345.87176926338,1383.46592805524
1999-03-01,BOSTON,1999,2,3,7000,60,1476,BOSTON:1999:3:2,43.0358098169049,55.8450032352662,1392,1419.0858106097,1363.98317728484
1999-03-02,BOSTON,1999,3,3,7001,61,1558,BOSTON:1999:3:3,43.3276421773427,73.4515024778612,1275,1287.42134654065,1483.9289687122
1999-03-03,BOSTON,1999,4,3,7002,62,1585,BOSTON:1999:3:4,43.6245763904372,49.9977185434618,1629,1594.37012186851,1656.21804929227
1999-03-04,BOSTON,1999,5,3,7003,63,1551,BOSTON:1999:3:5,43.9265253523358,14.5086975989857,1851,1809.72425814236,1585.93808474467
1999-03-05,BOSTON,1999,6,3,7004,64,1581,BOSTON:1999:3:6,44.23340047046,68.384700196678,1574,1617.57770517275,1594.18744054723
1999-03-06,BOSTON,1999,7,3,7005,65,1441,BOSTON:1999:3:7,44.5451116896427,11.6300177512883,1618,1649.85850328224,1432.66278157652
1999-03-07,BOSTON,1999,1,3,7006,66,1468,BOSTON:1999:3:1,44.8615675186963,66.8877478898727,1400,1396.91888598457,1372.37350768131
1999-03-08,BOSTON,1999,2,3,7007,67,1445,BOSTON:1999:3:2,45.1826750574104,37.5351373286388,1333,1350.51978435105,1335.09413824515
1999-03-09,BOSTON,1999,3,3,7008,68,1481,BOSTON:1999:3:3,45.5083400239659,20.5466573937287,1619,1596.9742072216,1412.17424367124
1999-03-10,BOSTON,1999,4,3,7009,69,1587,BOSTON:1999:3:4,45.8384667827594,57.4975102093848,1623,1595.03390107981,1633.45151453256
1999-03-11,BOSTON,1999,5,3,7010,70,1596,BOSTON:1999:3:5,46.1729583726315,54.4739899481698,1656,1647.60100664787,1617.92046465602
1999-03-12,BOSTON,1999,6,3,7011,71,1538,BOSTON:1999:3:6,46.5117165354866,42.9251425295923,1462,1434.101998386,1568.24432136615
1999-03-13,BOSTON,1999,7,3,7012,72,1504,BOSTON:1999:3:7,46.8546417453005,68.3166146259434,1513,1422.80924614277,1456.27113784516
1999-03-14,BOSTON,1999,1,3,7013,73,1467,BOSTON:1999:3:1,47.2016332375017,73.144115077531,1459,1444.54899052783,1375.87498003455
1999-03-15,BOSTON,1999,2,3,7014,74,1491,BOSTON:1999:3:2,47.5525890387245,81.5853801512741,1443,1458.5372262556,1386.43693500354
1999-03-16,BOSTON,1999,3,3,7015,75,1498,BOSTON:1999:3:3,47.9074059969188,41.0919663316944,1586,1574.03612197022,1447.09189099828
1999-03-17,BOSTON,1999,4,3,7016,76,1551,BOSTON:1999:3:4,48.2659798118101,37.9152149895953,1433,1444.03867830191,1620.17996056279
1999-03-18,BOSTON,1999,5,3,7017,77,1543,BOSTON:1999:3:5,48.628205065704,22.1611106443173,1365,1353.16908320105,1582.77639750189
1999-03-19,BOSTON,1999,6,3,7018,78,1582,BOSTON:1999:3:6,48.9939752546187,83.3368919858756,1756,1783.70181482571,1634.21572861497
1999-03-20,BOSTON,1999,7,3,7019,79,1509,BOSTON:1999:3:7,49.3631828197448,79.8642629215663,1304,1375.60282703528,1536.48813921439
1999-03-21,BOSTON,1999,1,3,7020,80,1467,BOSTON:1999:3:1,49.7357191792166,80.4678087164125,1512,1499.18659157237,1438.84659729129
1999-03-22,BOSTON,1999,2,3,7021,81,1434,BOSTON:1999:3:2,50.1114747601873,43.6352219361192,1111,1176.66651727412,1368.18146932752
1999-03-23,BOSTON,1999,3,3,7022,82,1524,BOSTON:1999:3:3,50.4903390312023,69.5429621317811,1440,1412.34100839442,1474.12961894008
1999-03-24,BOSTON,1999,4,3,7023,83,1547,BOSTON:1999:3:4,50.8722005348537,43.0472724588472,1880,1917.13565557383,1652.05031859594
1999-03-25,BOSTON,1999,5,3,7024,84,1527,BOSTON:1999:3:5,51.2569469207153,18.5409004677273,1506,1482.72373723637,1591.36505309484
1999-03-26,BOSTON,1999,6,3,7025,85,1520,BOSTON:1999:3:6,51.6444649785384,44.3794652009941,1564,1568.92622100061,1559.35250947343
1999-03-27,BOSTON,1999,7,3,7026,86,1504,BOSTON:1999:3:7,52.0346406717093,84.1592875970767,1486,1532.9711424751,1495.57794136589
1999-03-28,BOSTON,1999,1,3,7027,87,1424,BOSTON:1999:3:1,52.4273591709492,53.9905158767646,1198,1191.55307066828,1381.90491498441
1999-03-29,BOSTON,1999,2,3,7028,88,1450,BOSTON:1999:3:2,52.8225048882511,64.9879909092185,1532,1527.14872722049,1357.30428015074
1999-03-30,BOSTON,1999,3,3,7029,89,1449,BOSTON:1999:3:3,53.219961511046,18.9344295706416,1312,1265.17480187658,1414.67527766559
1999-03-31,BOSTON,1999,4,3,7030,90,1550,BOSTON:1999:3:4,53.6196120365803,54.0113720324171,1621,1596.41592674009,1624.10015700322
1999-04-01,BOSTON,1999,5,4,7031,91,1587,BOSTON:1999:4:5,54.0213388065051,71.7166702822025,1330,1353.88442906161,1663.05522242763
1999-04-02,BOSTON,1999,6,4,7032,92,1517,BOSTON:1999:4:6,54.4250235416567,51.0445106181888,1486,1444.40180111353,1530.66244419822
1999-04-03,BOSTON,1999,7,4,7033,93,1479,BOSTON:1999:4:7,54.8305473770244,73.3537076986624,1446,1503.25150245203,1423.70143162748
1999-04-04,BOSTON,1999,1,4,7034,94,1420,BOSTON:1999:4:1,55.2377908968953,59.6185600001951,1326,1324.10085201797,1416.70933292579
1999-04-05,BOSTON,1999,2,4,7035,95,1448,BOSTON:1999:4:2,55.6466341701598,72.125034966346,1422,1379.35078563322,1363.71307819861
1999-04-06,BOSTON,1999,3,4,7036,96,1505,BOSTON:1999:4:3,56.0569567857771,72.1799935931801,1554,1549.10788466107,1438.54446073514
1999-04-07,BOSTON,1999,4,4,7037,97,1527,BOSTON:1999:4:4,56.4686378883789,45.3029528237539,1562,1583.19587711909,1525.23603310799
1999-04-08,BOSTON,1999,5,4,7038,98,1573,BOSTON:1999:4:5,56.8815562140111,70.7060122314755,1747,1772.70516228457,1654.6532237985
1999-04-09,BOSTON,1999,6,4,7039,99,1517,BOSTON:1999:4:6,57.2955901259964,60.064321175724,1890,1938.46500427953,1537.24630173436
1999-04-10,BOSTON,1999,7,4,7040,100,1481,BOSTON:1999:4:7,57.7106176509075,84.2349187570177,1408,1432.37892162759,1453.050712389
1999-04-11,BOSTON,1999,1,4,7041,101,1371,BOSTON:1999:4:1,58.1265165146467,28.4224360461373,1497,1521.77099288865,1409.70806638032
1999-04-12,BOSTON,1999,2,4,7042,102,1409,BOSTON:1999:4:2,58.5431641786102,49.9077515144575,1456,1457.37508010098,1331.58380670936
1999-04-13,BOSTON,1999,3,4,7043,103,1489,BOSTON:1999:4:3,58.9604378759387,68.795039172982,1432,1449.69603338576,1419.90223112852
1999-04-14,BOSTON,1999,4,4,7044,104,1490,BOSTON:1999:4:4,59.3782146478337,26.1508373304535,1507,1423.02989143693,1509.92349698912
1999-04-15,BOSTON,1999,5,4,7045,105,1519,BOSTON:1999:4:5,59.796371379932,39.2827589242436,1344,1310.31098262738,1609.15025826411
1999-04-16,BOSTON,1999,6,4,7046,106,1517,BOSTON:1999:4:6,60.2147848387331,69.5811401838519,1604,1598.80806043838,1529.30194984422
1999-04-17,BOSTON,1999,7,4,7047,107,1475,BOSTON:1999:4:7,60.6333317080571,89.0577235337405,1610,1598.32750255689,1467.30758613296
1999-04-18,BOSTON,1999,1,4,7048,108,1399,BOSTON:1999:4:1,61.0518886255356,60.7645952412183,1303,1301.4003942387,1455.7297876622
1999-04-19,BOSTON,1999,2,4,7049,109,1385,BOSTON:1999:4:2,61.4703322191125,38.8791506866326,1202,1194.82221573091,1342.63394223058
1999-04-20,BOSTON,1999,3,4,7050,110,1491,BOSTON:1999:4:3,61.8885391435543,79.716340019084,1514,1467.75478825708,1441.29782287145
1999-04-21,BOSTON,1999,4,4,7051,111,1481,BOSTON:1999:4:4,62.3063861169522,28.6883983282042,1543,1611.98749607272,1529.44378685368
1999-04-22,BOSTON,1999,5,4,7052,112,1549,BOSTON:1999:4:5,62.7237499572059,71.1128851488886,1878,1791.53074205278,1669.0941773117
1999-04-23,BOSTON,1999,6,4,7053,113,1503,BOSTON:1999:4:6,63.1405076184846,67.9383315039403,1383,1377.07101876254,1558.6791557192
1999-04-24,BOSTON,1999,7,4,7054,114,1402,BOSTON:1999:4:7,63.556536227644,39.1522783052107,1276,1334.38832609083,1395.94026986425
1999-04-25,BOSTON,1999,1,4,7055,115,1354,BOSTON:1999:4:1,63.971713120599,32.5761539028182,1539,1538.39417173066,1382.85281301752
1999-04-26,BOSTON,1999,2,4,7056,116,1366,BOSTON:1999:4:2,64.3859158786339,32.3191541297687,1260,1246.35804675438,1302.06917286354
1999-04-27,BOSTON,1999,3,4,7057,117,1432,BOSTON:1999:4:3,64.7990223646411,42.1710724287914,1170,1221.8151483317,1370.25548527259
1999-04-28,BOSTON,1999,4,4,7058,118,1493,BOSTON:1999:4:4,65.2109107592824,47.3521114637824,1449,1452.47028019858,1496.39668305949
1999-04-29,BOSTON,1999,5,4,7059,119,1556,BOSTON:1999:4:5,65.621459597053,85.8732183615509,1976,1895.19762444246,1679.04711819496
1999-04-30,BOSTON,1999,6,4,7060,120,1459,BOSTON:1999:4:6,66.0305478022481,43.184318113518,1329,1299.19787811629,1536.11014850913
1999-05-01,BOSTON,1999,7,5,7061,121,1464,BOSTON:1999:5:7,66.4380547248111,99.2974297383153,1428,1390.08922101811,1377.95564535899
1999-05-02,BOSTON,1999,1,5,7062,122,1383,BOSTON:1999:5:1,66.8438601760619,66.2303302936681,1450,1365.11155014017,1388.02186435148
1999-05-03,BOSTON,1999,2,5,7063,123,1388,BOSTON:1999:5:2,67.2478444642884,59.9957991369565,1384,1386.51267961052,1434.44035736597
1999-05-04,BOSTON,1999,3,5,7064,124,1453,BOSTON:1999:5:3,67.6498884301921,68.3400585958091,1471,1381.62183795126,1355.53185899615
1999-05-05,BOSTON,1999,4,5,7065,125,1538,BOSTON:1999:5:4,68.0498734821818,91.4570320450954,1598,1615.45261826389,1449.76252104289
1999-05-06,BOSTON,1999,5,5,7066,126,1480,BOSTON:1999:5:5,68.4476816314961,37.3746605530138,1407,1369.48138383789,1366.94782176593
1999-05-07,BOSTON,1999,6,5,7067,127,1443,BOSTON:1999:5:6,68.8431955271544,39.7371875031995,1338,1383.9533821015,1273.11076679248
1999-05-08,BOSTON,1999,7,5,7068,128,1453,BOSTON:1999:5:7,69.2362984907167,99.5216914670827,1530,1556.30471502669,1375.88729136785
1999-05-09,BOSTON,1999,1,5,7069,129,1414,BOSTON:1999:5:1,69.6268745508502,100,1450,1477.15865358675,1477.57899863615
1999-05-10,BOSTON,1999,2,5,7070,130,1380,BOSTON:1999:5:2,70.0148084776856,62.7823521353684,1535,1512.47114318971,1504.64736739133
1999-05-11,BOSTON,1999,3,5,7071,131,1444,BOSTON:1999:5:3,70.3999858169564,70.2579219761984,1302,1276.45658874491,1383.55602521941
1999-05-12,BOSTON,1999,4,5,7072,132,1490,BOSTON:1999:5:4,70.7822929239129,63.8144358420042,1397,1378.40203947679,1417.35145531855
1999-05-13,BOSTON,1999,5,5,7073,133,1487,BOSTON:1999:5:5,71.1616169969943,51.4027648588103,1468,1441.69534369276,1362.25707655295
1999-05-14,BOSTON,1999,6,5,7074,134,1494,BOSTON:1999:5:6,71.5378461112576,88.943151916408,1236,1260.37207637183,1351.68636069889
1999-05-15,BOSTON,1999,7,5,7075,135,1421,BOSTON:1999:5:7,71.9108692515457,82.7270451915266,1426,1437.85004144874,1366.75536831092
1999-05-16,BOSTON,1999,1,5,7076,136,1370,BOSTON:1999:5:1,72.2805763453887,73.7122729303025,1531,1499.14074102598,1390.87325181065
1999-05-17,BOSTON,1999,2,5,7077,137,1357,BOSTON:1999:5:2,72.6468582956299,52.2898774190985,1443,1324.45559137124,1420.51947029864
1999-05-18,BOSTON,1999,3,5,7078,138,1457,BOSTON:1999:5:3,73.009607012762,89.5544324148504,1261,1242.17822665319,1389.27288874382
1999-05-19,BOSTON,1999,4,5,7079,139,1493,BOSTON:1999:5:4,73.3687154469699,74.7734417636566,1435,1461.69383837852,1447.07567681654
1999-05-20,BOSTON,1999,5,5,7080,140,1474,BOSTON:1999:5:5,73.7240776198644,50.4146752495047,1257,1276.98965333234,1360.9712467055
1999-05-21,BOSTON,1999,6,5,7081,141,1468,BOSTON:1999:5:6,74.0755886559041,76.9127721267419,1439,1411.15080490155,1325.04615669644
1999-05-22,BOSTON,1999,7,5,7082,142,1391,BOSTON:1999:5:7,74.4231448134898,65.8667742413028,1198,1186.67665097721,1328.54148619894
1999-05-23,BOSTON,1999,1,5,7083,143,1393,BOSTON:1999:5:1,74.7666435157255,100,1161,1146.04050483032,1436.12164649117
1999-05-24,BOSTON,1999,2,5,7084,144,1405,BOSTON:1999:5:2,75.1059833808385,100,1626,1583.3980144591,1552.10816283028
1999-05-25,BOSTON,1999,3,5,7085,145,1411,BOSTON:1999:5:3,75.4410642522442,60.4257853582556,1500,1487.82805807113,1405.6392270395
1999-05-26,BOSTON,1999,4,5,7086,146,1466,BOSTON:1999:5:4,75.7717872282534,61.7829069506421,1311,1327.74528673182,1426.8103468309
1999-05-27,BOSTON,1999,5,5,7087,147,1484,BOSTON:1999:5:5,76.0980546914074,65.8573137733187,1336,1291.3321057547,1377.82385498082
1999-05-28,BOSTON,1999,6,5,7088,148,1454,BOSTON:1999:5:6,76.4197703374347,73.8380578619225,1283,1275.26591998133,1346.15671582184
1999-05-29,BOSTON,1999,7,5,7089,149,1398,BOSTON:1999:5:7,76.7368392038232,80.1906256049013,1229,1306.84580368239,1361.8602087506
1999-05-30,BOSTON,1999,1,5,7090,150,1353,BOSTON:1999:5:1,77.0491676979932,75.5610167833279,1475,1503.73998007451,1374.40423871651
1999-05-31,BOSTON,1999,2,5,7091,151,1394,BOSTON:1999:5:2,77.3566636250703,99.4234940962283,1436,1473.53032951015,1512.28464211351
1999-06-01,BOSTON,1999,3,6,7092,152,1396,BOSTON:1999:6:3,77.6592362152427,55.3952532929382,1247,1281.1320519247,1399.40288543215
1999-06-02,BOSTON,1999,4,6,7093,153,1520,BOSTON:1999:6:4,77.9567961507012,100,1716,1736.79710050575,1547.60959683765
1999-06-03,BOSTON,1999,5,6,7094,154,1502,BOSTON:1999:6:5,78.2492555921495,87.84240577012,1315,1364.8500048867,1509.34123363858
1999-06-04,BOSTON,1999,6,6,7095,155,1490,BOSTON:1999:6:6,78.5365282048775,100,1908,1874.93072454928,1673.16744998509
1999-06-05,BOSTON,1999,7,6,7096,156,1390,BOSTON:1999:6:7,78.818529184394,80.2477193427723,1438,1435.15775552808,1410.8889157053
1999-06-06,BOSTON,1999,1,6,7097,157,1376,BOSTON:1999:6:1,79.0951752816036,100,1713,1702.45900964525,1495.57593849285
1999-06-07,BOSTON,1999,2,6,7098,158,1401,BOSTON:1999:6:2,79.366384827529,100,1463,1377.20118674301,1568.69039719762
1999-06-08,BOSTON,1999,3,6,7099,159,1377,BOSTON:1999:6:3,79.6320777575639,46.6281453685989,1459,1446.69246923967,1450.12726924808
1999-06-09,BOSTON,1999,4,6,7100,160,1443,BOSTON:1999:6:4,79.8921756352535,57.1912917773476,1369,1404.75923104959,1484.43773069258
1999-06-10,BOSTON,1999,5,6,7101,161,1514,BOSTON:1999:6:5,80.1466016755957,100,1589,1618.5992107792,1493.86913404115
1999-06-11,BOSTON,1999,6,6,7102,162,1456,BOSTON:1999:6:6,80.3952807678519,89.0796270153163,1315,1367.50295734062,1640.59262488842
1999-06-12,BOSTON,1999,7,6,7103,163,1406,BOSTON:1999:6:7,80.6381394978676,99.8462321035628,1300,1306.70559932612,1429.20116857289
1999-06-13,BOSTON,1999,1,6,7104,164,1366,BOSTON:1999:6:1,80.875106169888,99.542680508503,1332,1330.67924124657,1502.92849950851
1999-06-14,BOSTON,1999,2,6,7105,165,1336,BOSTON:1999:6:2,81.1061108278697,63.0917538705868,1698,1687.79812493294,1474.47523842224
1999-06-15,BOSTON,1999,3,6,7106,166,1390,BOSTON:1999:6:3,81.3310852762766,63.0725882015645,1460,1476.08195731258,1429.31599061756
1999-06-16,BOSTON,1999,4,6,7107,167,1447,BOSTON:1999:6:4,81.5499631003564,66.5742062954319,1513,1619.17400573254,1478.57189974013
1999-06-17,BOSTON,1999,5,6,7108,168,1442,BOSTON:1999:6:5,81.7626796858924,52.116307510117,1321,1312.39475681702,1394.51546962463
1999-06-18,BOSTON,1999,6,6,7109,169,1405,BOSTON:1999:6:6,81.9691722384217,52.9525019098567,1351,1334.51058952077,1471.82806448103
1999-06-19,BOSTON,1999,7,6,7110,170,1384,BOSTON:1999:6:7,82.1693798019172,86.8563262004958,1359,1331.07641200033,1293.31210347742
1999-06-20,BOSTON,1999,1,6,7111,171,1339,BOSTON:1999:6:1,82.3632432769269,82.012866324953,1272,1283.4491098532,1379.75223042458
1999-06-21,BOSTON,1999,2,6,7112,172,1335,BOSTON:1999:6:2,82.5507054381626,66.8276240999433,1267,1299.68167378983,1392.41558056745
1999-06-22,BOSTON,1999,3,6,7113,173,1410,BOSTON:1999:6:3,82.7317109515382,85.2591805437072,1469,1455.67873370995,1407.02580523448
1999-06-23,BOSTON,1999,4,6,7114,174,1463,BOSTON:1999:6:4,82.9062063906461,83.8866898238778,1351,1370.85370726954,1509.61466828091
1999-06-24,BOSTON,1999,5,6,7115,175,1434,BOSTON:1999:6:5,83.0741402526727,50.8569050157784,1588,1550.35414231413,1415.27416270855
1999-06-25,BOSTON,1999,6,6,7116,176,1430,BOSTON:1999:6:6,83.235462973743,78.165344120852,1746,1708.38232763563,1534.41186063943
1999-06-26,BOSTON,1999,7,6,7117,177,1339,BOSTON:1999:6:7,83.3901269436946,52.3731569462588,1317,1308.49667771923,1280.59781224371
1999-06-27,BOSTON,1999,1,6,7118,178,1327,BOSTON:1999:6:1,83.5380865202725,75.6135634623908,1421,1373.52635764761,1359.74333157441
1999-06-28,BOSTON,1999,2,6,7119,179,1355,BOSTON:1999:6:2,83.6792980427435,88.5273491441784,1432,1375.39728143455,1424.41878380913
1999-06-29,BOSTON,1999,3,6,7120,180,1373,BOSTON:1999:6:3,83.8137198449243,58.169594553778,1423,1348.30449334931,1372.12804946246
1999-06-30,BOSTON,1999,4,6,7121,181,1428,BOSTON:1999:6:4,83.9413122676204,59.5979413629401,1505,1464.85723641415,1433.76610445624
1999-07-01,BOSTON,1999,5,7,7122,182,1454,BOSTON:1999:7:5,84.0620376704719,70.1086084334638,1471,1413.71475940026,1372.98779138605
1999-07-02,BOSTON,1999,6,7,7123,183,1423,BOSTON:1999:7:6,84.1758604432017,75.9429852166705,1269,1280.16425091073,1311.29000316291
1999-07-03,BOSTON,1999,7,7,7124,184,1347,BOSTON:1999:7:7,84.2827470162649,63.245545437536,1298,1299.87370306037,1345.26463899047
1999-07-04,BOSTON,1999,1,7,7125,185,1361,BOSTON:1999:7:1,84.3826658708936,100,1529,1539.22725069132,1318.6584808345
1999-07-05,BOSTON,1999,2,7,7126,186,1332,BOSTON:1999:7:2,84.4755875485362,71.2095980815002,1403,1417.48700016639,1274.69297860466
1999-07-06,BOSTON,1999,3,7,7127,187,1388,BOSTON:1999:7:3,84.5614846596868,73.0175241466054,1452,1454.22628902485,1257.40427415957
1999-07-07,BOSTON,1999,4,7,7128,188,1472,BOSTON:1999:7:4,84.640331892104,97.4728180815401,1493,1498.13825475182,1637.88537613989
1999-07-08,BOSTON,1999,5,7,7129,189,1474,BOSTON:1999:7:5,84.712106018414,88.2509740987729,1571,1618.18138669342,1489.09690358358
1999-07-09,BOSTON,1999,6,7,7130,190,1399,BOSTON:1999:7:6,84.7767859030983,58.2334023094272,1210,1167.75696222966,1354.35430086288
1999-07-10,BOSTON,1999,7,7,7131,191,1389,BOSTON:1999:7:7,84.8343525088618,100,1371,1433.49552707209,1444.52525103284
1999-07-11,BOSTON,1999,1,7,7132,192,1324,BOSTON:1999:7:1,84.8847889023814,78.189274313299,1110,1180.91761429536,1346.27643921942
1999-07-12,BOSTON,1999,2,7,7133,193,1316,BOSTON:1999:7:2,84.9280802594313,59.0537736253628,1272,1284.36072241119,1277.78942831762
1999-07-13,BOSTON,1999,3,7,7134,194,1426,BOSTON:1999:7:3,84.9642138693849,100,1228,1278.4036360101,1311.47127125588
1999-07-14,BOSTON,1999,4,7,7135,195,1489,BOSTON:1999:7:4,84.9931791390915,100,1755,1776.78913487228,1688.93976293106
1999-07-15,BOSTON,1999,5,7,7136,196,1507,BOSTON:1999:7:5,85.0149675961267,100,1522,1510.51514290231,1562.82870870816
1999-07-16,BOSTON,1999,6,7,7137,197,1458,BOSTON:1999:7:6,85.0295728914148,100,1469,1513.35745255823,1472.43200862303
1999-07-17,BOSTON,1999,7,7,7138,198,1366,BOSTON:1999:7:7,85.036990801224,82.1005922908685,1668,1678.18679737128,1494.06936892987
1999-07-18,BOSTON,1999,1,7,7139,199,1364,BOSTON:1999:7:1,85.0372192285317,100,1610,1622.49262823743,1439.4245134351
1999-07-19,BOSTON,1999,2,7,7140,200,1330,BOSTON:1999:7:2,85.0302582037611,72.4015461736334,1365,1371.7835512537,1351.06694271929
1999-07-20,BOSTON,1999,3,7,7141,201,1386,BOSTON:1999:7:3,85.0161098848886,73.4647559464766,1178,1180.02383020353,1303.92020242578
1999-07-21,BOSTON,1999,4,7,7142,202,1472,BOSTON:1999:7:4,84.9947785569205,99.0191267111189,1614,1676.78091815433,1676.14617659055
1999-07-22,BOSTON,1999,5,7,7143,203,1431,BOSTON:1999:7:5,84.9662706307418,54.9750034329764,1429,1407.2018165022,1435.24608683947
1999-07-23,BOSTON,1999,6,7,7144,204,1432,BOSTON:1999:7:6,84.9305946413341,86.3226761073719,1375,1363.58526304459,1369.20935190451
1999-07-24,BOSTON,1999,7,7,7145,205,1386,BOSTON:1999:7:7,84.8877612453664,98.5644676185923,1327,1362.55959095644,1454.30885435481
1999-07-25,BOSTON,1999,1,7,7146,206,1349,BOSTON:1999:7:1,84.8377832181567,100,1260,1279.33555895235,1404.64056652296
1999-07-26,BOSTON,1999,2,7,7147,207,1364,BOSTON:1999:7:2,84.7806754500075,100,1264,1279.14221663669,1400.45065036724
1999-07-27,BOSTON,1999,3,7,7148,208,1439,BOSTON:1999:7:3,84.7164549419141,100,1406,1425.86094711976,1391.20425217078
1999-07-28,BOSTON,1999,4,7,7149,209,1499,BOSTON:1999:7:4,84.6451408006491,100,1915,1859.17574208028,1774.02868434253
1999-07-29,BOSTON,1999,5,7,7150,210,1458,BOSTON:1999:7:5,84.566754233223,76.1588468706614,1410,1431.45792692485,1542.84050948831
1999-07-30,BOSTON,1999,6,7,7151,211,1471,BOSTON:1999:7:6,84.4813185407229,100,1655,1553.07796553614,1470.71433546039
1999-07-31,BOSTON,1999,7,7,7152,212,1378,BOSTON:1999:7:7,84.3888591115315,90.2804829345037,1587,1568.85893438472,1512.831886704
1999-08-01,BOSTON,1999,1,8,7153,213,1319,BOSTON:1999:8:1,84.2894034139275,71.7599431919328,1478,1453.64993696764,1461.27392525826
1999-08-02,BOSTON,1999,2,8,7154,214,1315,BOSTON:1999:8:2,84.1829809880707,55.8428300855572,1047,1106.24886049124,1315.1801392688
1999-08-03,BOSTON,1999,3,8,7155,215,1374,BOSTON:1999:8:3,84.0696234373735,60.0610869379142,1582,1585.44802116131,1384.84072107078
1999-08-04,BOSTON,1999,4,8,7156,216,1426,BOSTON:1999:8:4,83.9493644192607,58.3984855261424,1399,1418.06461174005,1411.34988064248
1999-08-05,BOSTON,1999,5,8,7157,217,1492,BOSTON:1999:8:5,83.822239635322,100,1614,1640.30715832412,1585.60738250437
1999-08-06,BOSTON,1999,6,8,7158,218,1414,BOSTON:1999:8:6,83.6882868208577,67.8551507424218,1333,1275.37432527644,1430.2316369922
1999-08-07,BOSTON,1999,7,8,7159,219,1413,BOSTON:1999:8:7,83.5475457338236,100,1410,1381.65612653513,1375.72952434449
1999-08-08,BOSTON,1999,1,8,7160,220,1325,BOSTON:1999:8:1,83.4000581431754,74.4714993167289,1307,1324.09522870216,1421.99852552235
1999-08-09,BOSTON,1999,2,8,7161,221,1319,BOSTON:1999:8:2,83.2458678166177,56.532330301011,1454,1427.39124352081,1301.61123747505
1999-08-10,BOSTON,1999,3,8,7162,222,1374,BOSTON:1999:8:3,83.0850205077619,57.4804217713714,1208,1211.34711323349,1389.14101901207
1999-08-11,BOSTON,1999,4,8,7163,223,1436,BOSTON:1999:8:4,82.9175639426936,63.1459126430233,1289,1337.95569670724,1404.03163502272
1999-08-12,BOSTON,1999,5,8,7164,224,1509,BOSTON:1999:8:5,82.7435478059584,100,1527,1606.51401364046,1599.81604856057
1999-08-13,BOSTON,1999,6,8,7165,225,1477,BOSTON:1999:8:6,82.5630237259639,100,1632,1687.89112401205,1513.63585894337
1999-08-14,BOSTON,1999,7,8,7166,226,1350,BOSTON:1999:8:7,82.376045259809,60.1091021380144,1256,1257.05715394349,1341.43735606505
1999-08-15,BOSTON,1999,1,8,7167,227,1377,BOSTON:1999:8:1,82.18266787754,100,1665,1663.05371791093,1460.13045043564
1999-08-16,BOSTON,1999,2,8,7168,228,1333,BOSTON:1999:8:2,81.9829489458389,64.2610783856399,1349,1362.85244236821,1340.94309461988
1999-08-17,BOSTON,1999,3,8,7169,229,1415,BOSTON:1999:8:3,81.7769477111523,87.1760399607245,1458,1439.01851355874,1479.78586465111
1999-08-18,BOSTON,1999,4,8,7170,230,1431,BOSTON:1999:8:4,81.5647252822594,54.6812225120441,1592,1544.16762014423,1454.9493367014
1999-08-19,BOSTON,1999,5,8,7171,231,1440,BOSTON:1999:8:5,81.346344612292,50.0277430352149,1503,1550.04497936425,1502.2716542283
1999-08-20,BOSTON,1999,6,8,7172,232,1437,BOSTON:1999:8:6,81.1218704802039,77.4304287654402,1268,1311.49423220804,1417.41794332371
1999-08-21,BOSTON,1999,7,8,7173,233,1364,BOSTON:1999:8:7,80.8913694717015,66.4512631179789,1493,1447.73361581634,1287.87999050369
1999-08-22,BOSTON,1999,1,8,7174,234,1335,BOSTON:1999:8:1,80.6549099596384,73.5909194425847,1184,1184.61995672613,1360.22711316359
1999-08-23,BOSTON,1999,2,8,7175,235,1389,BOSTON:1999:8:2,80.4125620838786,100,1490,1516.92813247021,1338.0833117484
1999-08-24,BOSTON,1999,3,8,7176,236,1432,BOSTON:1999:8:3,80.1643977306379,95.4447271643734,1399,1402.90871861003,1489.74098455958
1999-08-25,BOSTON,1999,4,8,7177,237,1513,BOSTON:1999:8:4,79.9104905113048,100,1565,1487.80835528065,1574.66914763741
1999-08-26,BOSTON,1999,5,8,7178,238,1440,BOSTON:1999:8:5,79.6509157407525,44.784665604351,1632,1673.13458282273,1588.30491470601
1999-08-27,BOSTON,1999,6,8,7179,239,1446,BOSTON:1999:8:6,79.3857504151433,78.9424012651338,1599,1575.41785308592,1470.71456074842
1999-08-28,BOSTON,1999,7,8,7180,240,1375,BOSTON:1999:8:7,79.1150731892352,69.3772293344167,1194,1240.69379126195,1347.95312909277
1999-08-29,BOSTON,1999,1,8,7181,241,1330,BOSTON:1999:8:1,78.8389643531975,62.3101975949232,1445,1441.62851683492,1375.36998562299
1999-08-30,BOSTON,1999,2,8,7182,242,1346,BOSTON:1999:8:2,78.5575058089385,63.6042088094914,1230,1279.11847034602,1274.18221689638
1999-08-31,BOSTON,1999,3,8,7183,243,1430,BOSTON:1999:8:3,78.270781045958,86.6656241414059,1498,1489.95872016027,1401.49141070229
1999-09-01,BOSTON,1999,4,9,7184,244,1508,BOSTON:1999:9:4,77.9788751167271,100,1636,1604.12377603416,1624.53065674194
1999-09-02,BOSTON,1999,5,9,7185,245,1496,BOSTON:1999:9:5,77.681874611602,81.7136398001582,1372,1391.71032730029,1523.34765560266
1999-09-03,BOSTON,1999,6,9,7186,246,1425,BOSTON:1999:9:6,77.3798676332873,54.5795766622242,1431,1429.79868406169,1469.30482076338
1999-09-04,BOSTON,1999,7,9,7187,247,1366,BOSTON:1999:9:7,77.0729437708439,54.784004330221,1367,1363.76498961295,1409.13905029289
1999-09-05,BOSTON,1999,1,9,7188,248,1327,BOSTON:1999:9:1,76.7611940732604,53.2130277241958,1305,1247.32121332704,1314.43737644287
1999-09-06,BOSTON,1999,2,9,7189,249,1388,BOSTON:1999:9:2,76.4447110225858,92.0572255654672,1115,1125.10060054253,1295.81785339781
1999-09-07,BOSTON,1999,3,9,7190,250,1466,BOSTON:1999:9:3,76.123588506644,100,1441,1410.43091667244,1486.08501058046
1999-09-08,BOSTON,1999,4,9,7191,251,1520,BOSTON:1999:9:4,75.7979217913248,100,1659,1666.09866355748,1668.367240098
1999-09-09,BOSTON,1999,5,9,7192,252,1491,BOSTON:1999:9:5,75.4678074924655,70.2263375373937,1644,1715.69753778832,1528.55531380857
1999-09-10,BOSTON,1999,6,9,7193,253,1460,BOSTON:1999:9:6,75.1333435473374,75.499733475723,1710,1705.68051414287,1516.43196959701
1999-09-11,BOSTON,1999,7,9,7194,254,1423,BOSTON:1999:9:7,74.794629185733,94.5758555315366,1566,1606.30806835718,1535.19485966707
1999-09-12,BOSTON,1999,1,9,7195,255,1381,BOSTON:1999:9:1,74.4517649006736,90.8500070678707,1439,1420.14106918487,1456.83902143361
1999-09-13,BOSTON,1999,2,9,7196,256,1373,BOSTON:1999:9:2,74.1048524187368,71.3234153025273,1376,1367.70625743233,1328.81301862916
1999-09-14,BOSTON,1999,3,9,7197,257,1442,BOSTON:1999:9:3,73.7539946700243,80.7198573316244,1352,1396.39178134205,1453.94944283585
1999-09-15,BOSTON,1999,4,9,7198,258,1532,BOSTON:1999:9:4,73.3992957577663,100,1692,1761.86487002312,1656.57839704655
1999-09-16,BOSTON,1999,5,9,7199,259,1522,BOSTON:1999:9:5,73.0408609275765,85.4871227372496,1532,1501.20259243239,1565.33755590291
1999-09-17,BOSTON,1999,6,9,7200,260,1460,BOSTON:1999:9:6,72.6787965363732,66.5543736602089,1491,1533.92113841212,1509.59641792392
1999-09-18,BOSTON,1999,7,9,7201,261,1399,BOSTON:1999:9:7,72.3132100209646,66.392644701717,1469,1555.71849079612,1440.4048052076
1999-09-19,BOSTON,1999,1,9,7202,262,1337,BOSTON:1999:9:1,71.9442098663144,44.1791887703307,1372,1374.70921829867,1319.91434835249
1999-09-20,BOSTON,1999,2,9,7203,263,1416,BOSTON:1999:9:2,71.5719055734944,98.4881206929122,1421,1452.40319119527,1317.9405714526
1999-09-21,BOSTON,1999,3,9,7204,264,1484,BOSTON:1999:9:3,71.1964076273384,100,1420,1461.14384853833,1506.30846665224
1999-09-22,BOSTON,1999,4,9,7205,265,1507,BOSTON:1999:9:4,70.8178274637996,77.2336449895031,1440,1380.9102856998,1616.92147248174
1999-09-23,BOSTON,1999,5,9,7206,266,1551,BOSTON:1999:9:5,70.4362774370234,98.7601844999004,1574,1593.80386645212,1570.27926411811
1999-09-24,BOSTON,1999,6,9,7207,267,1459,BOSTON:1999:9:6,70.0518707861531,56.5795216546732,1373,1392.53496468519,1509.66679171846
1999-09-25,BOSTON,1999,7,9,7208,268,1430,BOSTON:1999:9:7,69.6647216018657,81.9827608845565,1479,1501.1529632877,1496.26128482241
1999-09-26,BOSTON,1999,1,9,7209,269,1396,BOSTON:1999:9:1,69.2749447926547,85.781100889821,1389,1439.59352548725,1413.80925376727
1999-09-27,BOSTON,1999,2,9,7210,270,1384,BOSTON:1999:9:2,68.8826560508736,62.4085100880169,1318,1347.79332481462,1287.42855652731
1999-09-28,BOSTON,1999,3,9,7211,271,1479,BOSTON:1999:9:3,68.4879718185402,91.6433731140569,1702,1594.57093255359,1468.65707992099
1999-09-29,BOSTON,1999,4,9,7212,272,1517,BOSTON:1999:9:4,68.0910092529206,75.3712531418836,1717,1774.45943704401,1577.60223362562
1999-09-30,BOSTON,1999,5,9,7213,273,1520,BOSTON:1999:9:5,67.6918861918958,65.6138024033854,1534,1534.63768505785,1468.48021057091
1999-10-01,BOSTON,1999,6,10,7214,274,1455,BOSTON:1999:10:6,67.2907211191316,43.1330735424829,1511,1513.35453758063,1546.44730086787
1999-10-02,BOSTON,1999,7,10,7215,275,1381,BOSTON:1999:10:7,66.8876331290496,32.1467270390397,1194,1207.7472586641,1284.24483034747
1999-10-03,BOSTON,1999,1,10,7216,276,1421,BOSTON:1999:10:1,66.4827418916155,96.3690438850079,1367,1393.45120212979,1501.31568044667
1999-10-04,BOSTON,1999,2,10,7217,277,1439,BOSTON:1999:10:2,66.0761676169611,97.5129858171246,1455,1463.26910982367,1467.02222458855
1999-10-05,BOSTON,1999,3,10,7218,278,1459,BOSTON:1999:10:3,65.6680310198378,65.851829276168,1532,1546.49913258804,1683.7480803099
1999-10-06,BOSTON,1999,4,10,7219,279,1492,BOSTON:1999:10:4,65.2584532839235,46.1090792603779,1543,1554.96239423981,1596.59226271666
1999-10-07,BOSTON,1999,5,10,7220,280,1566,BOSTON:1999:10:5,64.8475560259833,90.2015952619552,1548,1620.78640677993,1687.63900084387
1999-10-08,BOSTON,1999,6,10,7221,281,1482,BOSTON:1999:10:6,64.4354612599088,54.8798059425277,1570,1538.41653090123,1598.79733189734
1999-10-09,BOSTON,1999,7,10,7222,282,1431,BOSTON:1999:10:7,64.0222913606296,63.3212816572952,1304,1284.53162031194,1339.85876859317
1999-10-10,BOSTON,1999,1,10,7223,283,1432,BOSTON:1999:10:1,63.6081690279183,94.9147334143867,1406,1456.72386535138,1508.79130321851
1999-10-11,BOSTON,1999,2,10,7224,284,1414,BOSTON:1999:10:2,63.1932172501016,67.2246944341365,1197,1197.0735942797,1400.69425217541
1999-10-12,BOSTON,1999,3,10,7225,285,1427,BOSTON:1999:10:3,62.7775592676783,29.7967380395579,1556,1541.93604372554,1594.37512849872
1999-10-13,BOSTON,1999,4,10,7226,286,1565,BOSTON:1999:10:4,62.3613185368645,90.9551166233773,1666,1676.33687288187,1630.17484921225
1999-10-14,BOSTON,1999,5,10,7227,287,1509,BOSTON:1999:10:5,61.9446186930687,36.3418031367287,1455,1486.07252082016,1617.40578821005
1999-10-15,BOSTON,1999,6,10,7228,288,1486,BOSTON:1999:10:6,61.5275835143189,47.3420235132585,1734,1717.2272161256,1544.02262138468
1999-10-16,BOSTON,1999,7,10,7229,289,1418,BOSTON:1999:10:7,61.1103368846397,41.9858328688587,1264,1289.82051227509,1288.0583169472
1999-10-17,BOSTON,1999,1,10,7230,290,1374,BOSTON:1999:10:1,60.6930027573951,36.5480806257226,1492,1486.48727310685,1390.43841135258
1999-10-18,BOSTON,1999,2,10,7231,291,1384,BOSTON:1999:10:2,60.2757051186158,31.8985072122409,1382,1402.09816004084,1303.16931852787
1999-10-19,BOSTON,1999,3,10,7232,292,1483,BOSTON:1999:10:3,59.8585679503077,64.5773640535692,1754,1740.19686200381,1554.69226477627
1999-10-20,BOSTON,1999,4,10,7233,293,1570,BOSTON:1999:10:4,59.4417151937637,84.995146392696,1702,1718.18735287162,1601.77727437372
1999-10-21,BOSTON,1999,5,10,7234,294,1509,BOSTON:1999:10:5,59.0252707128812,26.3505855620307,1594,1572.80435750074,1581.44389839482
1999-10-22,BOSTON,1999,6,10,7235,295,1550,BOSTON:1999:10:6,58.6093582575079,86.3975379745346,1603,1622.61985532452,1587.65203620043
1999-10-23,BOSTON,1999,7,10,7236,296,1481,BOSTON:1999:10:7,58.1941014268126,82.4627857721101,1572,1565.88278614351,1384.76058031538
1999-10-24,BOSTON,1999,1,10,7237,297,1428,BOSTON:1999:10:1,57.7796236326989,71.2035827728991,1542,1561.52633379193,1502.34292103235
1999-10-25,BOSTON,1999,2,10,7238,298,1441,BOSTON:1999:10:2,57.3660480632788,68.4334861819042,1536,1553.13316881113,1399.11420470207
1999-10-26,BOSTON,1999,3,10,7239,299,1472,BOSTON:1999:10:3,56.9534976464034,45.0663604410635,1581,1631.42016874834,1590.18452640852
1999-10-27,BOSTON,1999,4,10,7240,300,1514,BOSTON:1999:10:4,56.5420950132698,32.1270122214497,1454,1445.93035272218,1536.45561369899
1999-10-28,BOSTON,1999,5,10,7241,301,1547,BOSTON:1999:10:5,56.1319624621191,44.6449352812723,1841,1760.29652867017,1551.51131254821
1999-10-29,BOSTON,1999,6,10,7242,302,1527,BOSTON:1999:10:6,55.7232219220244,58.5619352671423,1366,1441.44146524528,1507.08070965139
1999-10-30,BOSTON,1999,7,10,7243,303,1441,BOSTON:1999:10:7,55.3159949167903,40.2654823016647,1238,1190.509499003,1275.07750379542
1999-10-31,BOSTON,1999,1,10,7244,304,1415,BOSTON:1999:10:1,54.9104025289664,49.9963550390923,1483,1510.35333364265,1387.11168395238
1999-11-01,BOSTON,1999,2,11,7245,305,1419,BOSTON:1999:11:2,54.5065653639953,40.4991222162839,1094,1156.0529574965,1274.26381516732
1999-11-02,BOSTON,1999,3,11,7246,306,1489,BOSTON:1999:11:3,54.1046035144952,48.8616611524027,1407,1401.70758033932,1499.95674168131
1999-11-03,BOSTON,1999,4,11,7247,307,1573,BOSTON:1999:11:4,53.7046365246908,66.681951453703,1431,1363.82485607786,1539.43609908903
1999-11-04,BOSTON,1999,5,11,7248,308,1527,BOSTON:1999:11:5,53.306783355012,19.1713766112769,1566,1648.11980328081,1520.28887865231
1999-11-05,BOSTON,1999,6,11,7249,309,1562,BOSTON:1999:11:6,52.9111623468553,75.1987729997119,1662,1601.15364771974,1609.6770949441
1999-11-06,BOSTON,1999,7,11,7250,310,1435,BOSTON:1999:11:7,52.517891187532,25.3896237223727,1284,1286.89320766602,1320.68928472783
1999-11-07,BOSTON,1999,1,11,7251,311,1414,BOSTON:1999:11:1,52.1270868754027,39.8061983998877,1563,1505.91648371754,1428.83414316616
1999-11-08,BOSTON,1999,2,11,7252,312,1459,BOSTON:1999:11:2,51.7388656852211,62.5685603660906,1443,1428.79807154951,1314.91602876455
1999-11-09,BOSTON,1999,3,11,7253,313,1517,BOSTON:1999:11:3,51.353343133684,60.1126604246532,1634,1556.3111330769,1547.16355948157
1999-11-10,BOSTON,1999,4,11,7254,314,1597,BOSTON:1999:11:4,50.9706339452041,74.0719857348686,1679,1682.01515762839,1582.92744522997
1999-11-11,BOSTON,1999,5,11,7255,315,1535,BOSTON:1999:11:5,50.5908520179202,16.1873339427967,1503,1403.47235396862,1537.18758510466
1999-11-12,BOSTON,1999,6,11,7256,316,1579,BOSTON:1999:11:6,50.2141103899448,77.8310909360988,1614,1577.2016908903,1624.98689660188
1999-11-13,BOSTON,1999,7,11,7257,317,1480,BOSTON:1999:11:7,49.8405212058675,51.9563130510028,1107,1113.97178054211,1350.46949999277
1999-11-14,BOSTON,1999,1,11,7258,318,1423,BOSTON:1999:11:1,49.4701956835174,37.3585853160888,1308,1323.12452427172,1441.67754926342
1999-11-15,BOSTON,1999,2,11,7259,319,1427,BOSTON:1999:11:2,49.1032440810042,27.3928834114733,1513,1487.95231833699,1285.65575279499
1999-11-16,BOSTON,1999,3,11,7260,320,1526,BOSTON:1999:11:3,48.739775664036,57.6554534145191,1620,1610.87978242341,1522.01586637669
1999-11-17,BOSTON,1999,4,11,7261,321,1609,BOSTON:1999:11:4,48.3798986735287,73.8608877958263,1573,1633.35520322708,1575.21870957046
1999-11-18,BOSTON,1999,5,11,7262,322,1606,BOSTON:1999:11:5,48.0237202935227,59.0482973221064,1545,1571.9019863964,1575.25177376875
1999-11-19,BOSTON,1999,6,11,7263,323,1587,BOSTON:1999:11:6,47.671346619405,74.4221388261357,1640,1652.70182322122,1631.39681931232
1999-11-20,BOSTON,1999,7,11,7264,324,1449,BOSTON:1999:11:7,47.322882626452,18.0479139329534,1329,1277.82599396121,1316.83428070091
1999-11-21,BOSTON,1999,1,11,7265,325,1405,BOSTON:1999:11:1,46.9784321387068,12.9604100629456,1260,1270.25569811085,1408.94092516828
1999-11-22,BOSTON,1999,2,11,7266,326,1436,BOSTON:1999:11:2,46.6380977981902,26.0281444645665,1205,1262.00626809576,1283.46592834764
1999-11-23,BOSTON,1999,3,11,7267,327,1552,BOSTON:1999:11:3,46.3019810344632,68.8292770327608,1509,1549.32522126701,1562.45868551198
1999-11-24,BOSTON,1999,4,11,7268,328,1566,BOSTON:1999:11:4,45.9701820345427,33.4081077574584,1572,1512.74325297127,1557.41774611397
1999-11-25,BOSTON,1999,5,11,7269,329,1579,BOSTON:1999:11:5,45.6427997131897,30.6480450080773,1559,1570.93603740862,1540.27176247112
1999-11-26,BOSTON,1999,6,11,7270,330,1526,BOSTON:1999:11:6,45.3199316835666,20.4750455375465,1503,1514.73168797254,1552.93918913519
1999-11-27,BOSTON,1999,7,11,7271,331,1488,BOSTON:1999:11:7,45.0016742282787,40.4438892276266,1571,1583.44910715534,1303.00693457429
1999-11-28,BOSTON,1999,1,11,7272,332,1487,BOSTON:1999:11:1,44.6881222708122,71.2070845772484,1612,1686.99457938553,1463.54738240397
1999-11-29,BOSTON,1999,2,11,7273,333,1498,BOSTON:1999:11:2,44.379369347368,66.4672179389863,1238,1258.61068689449,1334.69847491957
1999-11-30,BOSTON,1999,3,11,7274,334,1534,BOSTON:1999:11:3,44.0755075791073,47.115606508885,1500,1532.32503985135,1538.40514694988
1999-12-01,BOSTON,1999,4,12,7275,335,1616,BOSTON:1999:12:4,43.7766276448112,61.6014981464561,1418,1455.80139913947,1475.01729446333
1999-12-02,BOSTON,1999,5,12,7276,336,1637,BOSTON:1999:12:5,43.4828187539715,64.4855984547649,1825,1802.73285392455,1576.85845204631
1999-12-03,BOSTON,1999,6,12,7277,337,1540,BOSTON:1999:12:6,43.1941686203095,22.6412288220922,1552,1576.66424118904,1491.54853093924
1999-12-04,BOSTON,1999,7,12,7278,338,1481,BOSTON:1999:12:7,42.910763435736,27.1163645602946,1629,1586.07939439221,1455.40099160238
1999-12-05,BOSTON,1999,1,12,7279,339,1472,BOSTON:1999:12:1,42.6326878447656,51.4205677164358,1180,1232.62788908875,1411.91851088256
1999-12-06,BOSTON,1999,2,12,7280,340,1453,BOSTON:1999:12:2,42.3600249193814,23.483247411551,1434,1388.75707784799,1334.87428839836
1999-12-07,BOSTON,1999,3,12,7281,341,1521,BOSTON:1999:12:3,42.0928561343672,29.5084683439555,1728,1691.69926702486,1579.14745432566
1999-12-08,BOSTON,1999,4,12,7282,342,1567,BOSTON:1999:12:4,41.8312613431085,18.4509086653311,1340,1364.01101140934,1433.79214792065
1999-12-09,BOSTON,1999,5,12,7283,343,1653,BOSTON:1999:12:5,41.5753187538759,69.2035282982217,1452,1428.38497565029,1581.71947220806
1999-12-10,BOSTON,1999,6,12,7284,344,1600,BOSTON:1999:12:6,41.3251049065904,60.8176307677233,1469,1507.97280809037,1544.73486405815
1999-12-11,BOSTON,1999,7,12,7285,345,1469,BOSTON:1999:12:7,41.0806946500809,10.1432465457031,1314,1323.12043187308,1481.73760975252
1999-12-12,BOSTON,1999,1,12,7286,346,1478,BOSTON:1999:12:1,40.8421611198454,49.6982940863117,1483,1540.73709846251,1423.20172128882
1999-12-13,BOSTON,1999,2,12,7287,347,1509,BOSTON:1999:12:2,40.6095757163126,61.177112263627,1317,1386.98473844834,1370.20559329557
1999-12-14,BOSTON,1999,3,12,7288,348,1541,BOSTON:1999:12:3,40.3830080836194,38.2423947991918,1460,1435.75539966286,1605.1317149333
1999-12-15,BOSTON,1999,4,12,7289,349,1646,BOSTON:1999:12:4,40.1625260889042,69.4156557243761,1413,1374.53180652573,1488.83192369882
1999-12-16,BOSTON,1999,5,12,7290,350,1615,BOSTON:1999:12:5,39.9481958021284,35.8507747911723,1612,1595.54054134272,1552.79217234417
1999-12-17,BOSTON,1999,6,12,7291,351,1534,BOSTON:1999:12:6,39.7400814764258,5.0574195947554,1570,1567.54527782377,1470.37762543787
1999-12-18,BOSTON,1999,7,12,7292,352,1539,BOSTON:1999:12:7,39.5382455289881,58.5268569966364,1353,1293.94906624003,1487.52248760628
1999-12-19,BOSTON,1999,1,12,7293,353,1494,BOSTON:1999:12:1,39.3427485224964,56.2425385599198,1661,1649.53515969493,1443.36848919498
1999-12-20,BOSTON,1999,2,12,7294,354,1483,BOSTON:1999:12:2,39.1536491470971,34.9617805159279,1306,1287.05783147555,1356.68824495615
1999-12-21,BOSTON,1999,3,12,7295,355,1537,BOSTON:1999:12:3,38.9710042029303,29.0527093396206,1561,1528.38760479652,1581.24315610011
1999-12-22,BOSTON,1999,4,12,7296,356,1592,BOSTON:1999:12:4,38.794868583221,24.7832102951482,1524,1539.05282421567,1430.97611879835
1999-12-23,BOSTON,1999,5,12,7297,357,1631,BOSTON:1999:12:5,38.625295257929,41.6971223408237,1418,1406.66552814884,1533.88927271457
1999-12-24,BOSTON,1999,6,12,7298,358,1564,BOSTON:1999:12:6,38.4623352579695,22.3493095046763,1358,1395.93522996128,1480.32855430945
1999-12-25,BOSTON,1999,7,12,7299,359,1509,BOSTON:1999:12:7,38.3060376600053,30.8546499975647,1591,1566.43682861019,1462.3389110429
1999-12-26,BOSTON,1999,1,12,7300,360,1461,BOSTON:1999:12:1,38.1564495718186,25.0488053849977,1354,1372.77328956302,1399.51127864481
1999-12-27,BOSTON,1999,2,12,7301,361,1516,BOSTON:1999:12:2,38.0136161182625,55.9029487335672,1358,1411.48678071426,1353.23187335278
1999-12-28,BOSTON,1999,3,12,7302,362,1513,BOSTON:1999:12:3,37.8775804277987,6.48108082334626,1597,1581.69333287899,1580.47767462779
1999-12-29,BOSTON,1999,4,12,7303,363,1647,BOSTON:1999:12:4,37.7483836196272,60.3842070426701,1609,1636.1090494511,1475.38251512049
1999-12-30,BOSTON,1999,5,12,7304,364,1672,BOSTON:1999:12:5,37.6260647914076,66.4822537722701,1538,1567.20266584025,1599.74063068879
1999-12-31,BOSTON,1999,6,12,7305,365,1611,BOSTON:1999:12:6,37.5106610075796,53.1523683152387,1573,1573.8357561289,1535.0104252688
